,HHID,Subward,SalienceIndex,Risk_Norm,CompositeRisk
0,2301006,2301,1.0075757575757576,0.16666666666666666,0.16792929292929293
1,2301007,2301,1.0133689839572193,0.0,0.0
2,2301013,2301,1.0093582887700536,0.0,0.0
3,2301016,2301,1.0,0.5,0.5
4,2301017,2301,1.0071301247771836,0.3333333333333333,0.3357100415923945
5,2301021,2301,1.0040106951871657,0.16666666666666666,0.1673351158645276
6,2301029,2301,1.016934046345811,-0.16666666666666666,-0.1694890077243018
7,2301037,2301,1.0098039215686274,0.5,0.5049019607843137
8,2301038,2301,1.0098039215686274,0.0,0.0
9,2301041,2301,1.0106951871657754,0.6666666666666666,0.6737967914438503
10,2301043,2301,1.001336898395722,-0.16666666666666666,-0.16688948306595366
11,2301044,2301,1.0098039215686274,0.6666666666666666,0.6732026143790849
12,2301046,2301,1.0093582887700536,0.3333333333333333,0.3364527629233512
13,2301047,2301,1.0089126559714796,-0.3333333333333333,-0.33630421865715987
14,2301048,2301,1.0089126559714796,0.6666666666666666,0.6726084373143197
15,2301053,2301,1.0102495543672014,1.0,1.0102495543672014
16,2301056,2301,1.0111408199643495,0.5,0.5055704099821747
17,2301057,2301,1.0098039215686274,0.0,0.0
18,2301058,2301,1.0106951871657754,-0.3333333333333333,-0.33689839572192515
19,2301059,2301,1.0089126559714796,0.0,0.0
20,2301060,2301,1.0129233511586453,-0.16666666666666666,-0.16882055852644087
21,2301068,2301,1.0178253119429592,-0.16666666666666666,-0.16963755199049319
22,2301069,2301,1.0062388591800357,0.16666666666666666,0.16770647653000595
23,2301070,2301,1.0111408199643495,0.6666666666666666,0.6740938799762329
24,2301071,2301,1.0071301247771836,0.16666666666666666,0.16785502079619724
25,2301072,2301,1.0057932263814617,0.3333333333333333,0.3352644087938206
26,2301073,2301,1.0120320855614975,0.5,0.5060160427807487
27,2301074,2301,1.004901960784314,0.5,0.502450980392157
28,2301075,2301,1.0151515151515151,0.6666666666666666,0.6767676767676767
29,2301086,2301,1.0129233511586453,0.16666666666666666,0.16882055852644087
30,2301087,2301,1.0120320855614975,-0.16666666666666666,-0.16867201426024958
31,2301092,2301,1.0062388591800357,0.6666666666666666,0.6708259061200238
32,2301093,2301,1.0084670231729056,0.16666666666666666,0.16807783719548425
33,2301094,2301,1.0071301247771836,0.5,0.5035650623885918
34,2301096,2301,1.017379679144385,0.3333333333333333,0.339126559714795
35,2301099,2301,1.0084670231729056,-0.3333333333333333,-0.3361556743909685
36,2301100,2301,1.0080213903743316,0.0,0.0
37,2301104,2301,1.0098039215686274,0.3333333333333333,0.33660130718954245
38,2301105,2301,1.0084670231729056,0.3333333333333333,0.3361556743909685
39,2301108,2301,1.0062388591800357,0.16666666666666666,0.16770647653000595
40,2301111,2301,1.0075757575757576,0.3333333333333333,0.33585858585858586
41,2301113,2301,1.0089126559714796,0.6666666666666666,0.6726084373143197
42,2301116,2301,1.0071301247771836,1.0,1.0071301247771836
43,2301122,2301,1.0080213903743316,0.3333333333333333,0.3360071301247772
44,2301124,2301,1.0066844919786095,1.0,1.0066844919786095
45,2301125,2301,1.0093582887700536,0.5,0.5046791443850268
46,2301126,2301,1.0089126559714796,1.0,1.0089126559714796
47,2301127,2301,1.0075757575757576,0.3333333333333333,0.33585858585858586
48,2301128,2301,1.0093582887700536,1.0,1.0093582887700536
49,2301129,2301,1.0089126559714796,1.0,1.0089126559714796
50,2301130,2301,1.0102495543672014,-0.16666666666666666,-0.1683749257278669
51,2301132,2301,1.004901960784314,0.0,0.0
52,2304001,2304,1.0115864527629235,1.0,1.0115864527629235
53,2304002,2304,1.0106951871657754,0.3333333333333333,0.33689839572192515
54,2304003,2304,1.0111408199643495,0.0,0.0
55,2304004,2304,1.0040106951871657,0.6666666666666666,0.6693404634581104
56,2304006,2304,1.0102495543672014,-0.16666666666666666,-0.1683749257278669
57,2304007,2304,1.0106951871657754,0.6666666666666666,0.6737967914438503
58,2304009,2304,1.0066844919786095,0.5,0.5033422459893048
59,2304010,2304,1.0102495543672014,0.3333333333333333,0.3367498514557338
60,2304011,2304,1.0111408199643495,0.8333333333333334,0.8426173499702913
61,2304014,2304,1.0093582887700536,0.8333333333333334,0.8411319073083781
62,2304015,2304,1.0080213903743316,0.3333333333333333,0.3360071301247772
63,2304020,2304,1.0124777183600713,0.16666666666666666,0.1687462863933452
64,2304021,2304,1.0147058823529413,0.3333333333333333,0.3382352941176471
65,2304022,2304,1.0164884135472372,0.5,0.5082442067736186
66,2304024,2304,1.0164884135472372,-0.3333333333333333,-0.33882947118241236
67,2304025,2304,1.0155971479500892,0.5,0.5077985739750446
68,2304026,2304,1.0071301247771836,0.8333333333333334,0.8392751039809864
69,2304027,2304,1.0106951871657754,0.6666666666666666,0.6737967914438503
70,2304028,2304,1.0124777183600713,0.0,0.0
71,2304029,2304,1.0111408199643495,0.6666666666666666,0.6740938799762329
72,2304030,2304,1.0106951871657754,0.0,0.0
73,2304031,2304,1.016934046345811,0.5,0.5084670231729055
74,2304032,2304,1.017379679144385,0.5,0.5086898395721925
75,2304033,2304,1.0106951871657754,0.5,0.5053475935828877
76,2304034,2304,1.0111408199643495,0.6666666666666666,0.6740938799762329
77,2304035,2304,1.0111408199643495,0.6666666666666666,0.6740938799762329
78,2304036,2304,1.0075757575757576,0.5,0.5037878787878788
79,2304037,2304,1.0102495543672014,0.8333333333333334,0.8418746286393346
80,2304038,2304,1.0071301247771836,0.5,0.5035650623885918
81,2304039,2304,1.0111408199643495,0.8333333333333334,0.8426173499702913
82,2304040,2304,1.0080213903743316,-0.16666666666666666,-0.1680035650623886
83,2304041,2304,1.0057932263814617,0.6666666666666666,0.6705288175876412
84,2304043,2304,1.0089126559714796,0.16666666666666666,0.16815210932857994
85,2304044,2304,1.0057932263814617,0.16666666666666666,0.1676322043969103
86,2304045,2304,1.0164884135472372,0.3333333333333333,0.33882947118241236
87,2304046,2304,1.0111408199643495,0.3333333333333333,0.33704693998811647
88,2304049,2304,1.0115864527629235,1.0,1.0115864527629235
89,2304050,2304,1.0160427807486632,0.6666666666666666,0.6773618538324421
90,2304051,2304,1.0106951871657754,0.6666666666666666,0.6737967914438503
91,2304052,2304,1.0102495543672014,1.0,1.0102495543672014
92,2304053,2304,1.0111408199643495,1.0,1.0111408199643495
93,2304055,2304,1.0093582887700536,0.6666666666666666,0.6729055258467024
94,2304056,2304,1.0084670231729056,0.5,0.5042335115864528
95,2304059,2304,1.0102495543672014,1.0,1.0102495543672014
96,2304064,2304,1.0106951871657754,0.6666666666666666,0.6737967914438503
97,2304065,2304,1.0071301247771836,-0.5,-0.5035650623885918
98,2304070,2304,1.0084670231729056,0.0,0.0
99,2304071,2304,1.0071301247771836,0.8333333333333334,0.8392751039809864
100,2304072,2304,1.0106951871657754,-0.3333333333333333,-0.33689839572192515
101,2304075,2304,1.0093582887700536,0.3333333333333333,0.3364527629233512
102,2304076,2304,1.0071301247771836,0.0,0.0
103,2304083,2304,1.0075757575757576,0.5,0.5037878787878788
104,2304084,2304,1.0093582887700536,0.8333333333333334,0.8411319073083781
105,2304085,2304,1.0066844919786095,0.16666666666666666,0.16778074866310158
106,2304086,2304,1.017379679144385,0.3333333333333333,0.339126559714795
107,2304087,2304,1.0089126559714796,-0.3333333333333333,-0.33630421865715987
108,2304089,2304,1.0035650623885919,1.0,1.0035650623885919
109,2304090,2304,1.0084670231729056,0.8333333333333334,0.8403891859774214
110,2304091,2304,1.0062388591800357,-0.6666666666666666,-0.6708259061200238
111,2304092,2304,1.0151515151515151,0.16666666666666666,0.16919191919191917
112,2304094,2304,1.0151515151515151,0.3333333333333333,0.33838383838383834
113,2304098,2304,1.014260249554367,0.3333333333333333,0.3380867498514557
114,2304103,2304,1.0080213903743316,0.6666666666666666,0.6720142602495544
115,2304105,2304,1.0111408199643495,0.16666666666666666,0.16852346999405823
116,2304110,2304,1.0089126559714796,1.0,1.0089126559714796
117,2304111,2304,1.0053475935828877,-0.3333333333333333,-0.3351158645276292
118,2304112,2304,1.0160427807486632,0.16666666666666666,0.16934046345811052
119,2304118,2304,1.0057932263814617,0.3333333333333333,0.3352644087938206
120,2304119,2304,1.0071301247771836,0.8333333333333334,0.8392751039809864
121,2304121,2304,1.0066844919786095,0.6666666666666666,0.6711229946524063
122,2304122,2304,1.0089126559714796,0.8333333333333334,0.8407605466428997
123,2304123,2304,1.0080213903743316,0.8333333333333334,0.840017825311943
124,2304124,2304,1.0106951871657754,1.0,1.0106951871657754
125,2304126,2304,1.0084670231729056,0.5,0.5042335115864528
126,2304130,2304,1.0102495543672014,0.16666666666666666,0.1683749257278669
127,2304131,2304,1.004901960784314,0.5,0.502450980392157
128,2304132,2304,1.0053475935828877,1.0,1.0053475935828877
129,2304133,2304,1.0080213903743316,0.6666666666666666,0.6720142602495544
130,2304134,2304,1.0164884135472372,0.0,0.0
131,2304135,2304,1.0111408199643495,1.0,1.0111408199643495
132,2304136,2304,1.0111408199643495,0.6666666666666666,0.6740938799762329
133,2304139,2304,1.0209447415329769,1.0,1.0209447415329769
134,2304140,2304,1.0084670231729056,0.8333333333333334,0.8403891859774214
135,2304141,2304,1.0080213903743316,0.8333333333333334,0.840017825311943
136,2304146,2304,1.0147058823529413,-0.3333333333333333,-0.3382352941176471
137,2304147,2304,1.0102495543672014,0.3333333333333333,0.3367498514557338
138,2304148,2304,1.0093582887700536,1.0,1.0093582887700536
139,2304149,2304,1.0147058823529413,0.3333333333333333,0.3382352941176471
140,2304150,2304,1.0080213903743316,0.0,0.0
141,2304151,2304,1.0106951871657754,1.0,1.0106951871657754
142,2304152,2304,1.0075757575757576,0.0,0.0
143,2304154,2304,1.0106951871657754,0.8333333333333334,0.8422459893048129
144,2304155,2304,1.0106951871657754,0.6666666666666666,0.6737967914438503
145,2304157,2304,1.0111408199643495,0.3333333333333333,0.33704693998811647
146,2304158,2304,1.0084670231729056,0.6666666666666666,0.672311348781937
147,2304163,2304,1.0084670231729056,0.6666666666666666,0.672311348781937
148,2304162,2304,1.0106951871657754,0.8333333333333334,0.8422459893048129
149,2304164,2304,1.0106951871657754,0.5,0.5053475935828877
150,2304166,2304,1.0080213903743316,0.3333333333333333,0.3360071301247772
151,2304167,2304,1.0102495543672014,0.6666666666666666,0.6734997029114675
152,2304170,2304,1.0089126559714796,-0.16666666666666666,-0.16815210932857994
153,2304173,2304,1.0080213903743316,0.6666666666666666,0.6720142602495544
154,2304174,2304,1.0026737967914439,0.5,0.5013368983957219
155,2304175,2304,1.0115864527629235,0.16666666666666666,0.1685977421271539
156,2304176,2304,1.0080213903743316,0.3333333333333333,0.3360071301247772
157,2304177,2304,1.0098039215686274,0.8333333333333334,0.8415032679738562
158,2309002,2309,1.0133689839572193,0.5,0.5066844919786097
159,2309004,2309,1.0062388591800357,0.16666666666666666,0.16770647653000595
160,2309014,2309,1.0124777183600713,1.0,1.0124777183600713
161,2309016,2309,1.0133689839572193,0.8333333333333334,0.8444741532976828
162,2309021,2309,1.0129233511586453,0.5,0.5064616755793226
163,2309022,2309,1.0120320855614975,0.6666666666666666,0.6746880570409983
164,2309029,2309,1.0129233511586453,0.3333333333333333,0.33764111705288175
165,2309030,2309,1.0133689839572193,0.16666666666666666,0.16889483065953653
166,2309032,2309,1.0093582887700536,0.5,0.5046791443850268
167,2309033,2309,1.0093582887700536,0.16666666666666666,0.1682263814616756
168,2309036,2309,1.0111408199643495,0.5,0.5055704099821747
169,2309037,2309,1.0124777183600713,0.3333333333333333,0.3374925727866904
170,2309039,2309,1.0129233511586453,0.8333333333333334,0.8441027926322044
171,2309041,2309,1.0115864527629235,0.6666666666666666,0.6743909685086156
172,2309042,2309,1.013814616755793,0.8333333333333334,0.844845513963161
173,2309045,2309,1.0115864527629235,0.8333333333333334,0.8429887106357696
174,2309053,2309,1.0129233511586453,0.6666666666666666,0.6752822341057635
175,2309054,2309,1.0133689839572193,1.0,1.0133689839572193
176,2309055,2309,1.0155971479500892,0.5,0.5077985739750446
177,2309056,2309,1.013814616755793,1.0,1.013814616755793
178,2309057,2309,1.0124777183600713,1.0,1.0124777183600713
179,2309059,2309,1.022281639928699,0.16666666666666666,0.1703802733214498
180,2309067,2309,1.0089126559714796,0.8333333333333334,0.8407605466428997
181,2309068,2309,1.022281639928699,-0.16666666666666666,-0.1703802733214498
182,2309070,2309,1.0254010695187166,0.8333333333333334,0.8545008912655971
183,2309071,2309,1.0129233511586453,0.0,0.0
184,2309074,2309,1.0102495543672014,0.16666666666666666,0.1683749257278669
185,2309075,2309,1.0106951871657754,0.5,0.5053475935828877
186,2309079,2309,1.0102495543672014,0.6666666666666666,0.6734997029114675
187,2309080,2309,1.0129233511586453,0.3333333333333333,0.33764111705288175
188,2309081,2309,1.0120320855614975,0.6666666666666666,0.6746880570409983
189,2309082,2309,1.0120320855614975,-0.8333333333333334,-0.8433600713012479
190,2309083,2309,1.0124777183600713,0.5,0.5062388591800356
191,2309084,2309,1.0129233511586453,0.5,0.5064616755793226
192,2309085,2309,1.0106951871657754,0.3333333333333333,0.33689839572192515
193,2309086,2309,1.013814616755793,0.5,0.5069073083778965
194,2309087,2309,1.0102495543672014,0.16666666666666666,0.1683749257278669
195,2309088,2309,1.0071301247771836,-0.6666666666666666,-0.671420083184789
196,2309089,2309,1.0093582887700536,0.16666666666666666,0.1682263814616756
197,2309092,2309,1.0102495543672014,0.16666666666666666,0.1683749257278669
198,2309093,2309,1.0129233511586453,0.6666666666666666,0.6752822341057635
199,2309094,2309,1.0093582887700536,0.5,0.5046791443850268
200,2309097,2309,1.0151515151515151,0.5,0.5075757575757576
201,2309098,2309,1.0084670231729056,0.16666666666666666,0.16807783719548425
202,2309100,2309,1.00445632798574,0.6666666666666666,0.6696375519904932
203,2309101,2309,1.0155971479500892,0.5,0.5077985739750446
204,2309102,2309,1.0075757575757576,0.5,0.5037878787878788
205,2309127,2309,1.0089126559714796,1.0,1.0089126559714796
206,2309128,2309,1.0102495543672014,0.6666666666666666,0.6734997029114675
207,2309133,2309,1.017379679144385,-0.3333333333333333,-0.339126559714795
208,2309134,2309,1.0129233511586453,-0.6666666666666666,-0.6752822341057635
209,2309139,2309,1.0102495543672014,0.3333333333333333,0.3367498514557338
210,2309140,2309,1.0133689839572193,0.8333333333333334,0.8444741532976828
211,2309141,2309,1.0075757575757576,-0.3333333333333333,-0.33585858585858586
212,2309147,2309,1.0129233511586453,0.6666666666666666,0.6752822341057635
213,2309150,2309,1.0178253119429592,0.16666666666666666,0.16963755199049319
214,2309151,2309,1.0102495543672014,0.3333333333333333,0.3367498514557338
215,2309152,2309,1.0236185383244207,0.5,0.5118092691622104
216,2309154,2309,1.021836007130125,0.5,0.5109180035650625
217,2309155,2309,1.0106951871657754,0.16666666666666666,0.16844919786096257
218,2309158,2309,1.0106951871657754,0.5,0.5053475935828877
219,2309159,2309,1.0062388591800357,0.3333333333333333,0.3354129530600119
220,2309160,2309,1.0084670231729056,1.0,1.0084670231729056
221,2309163,2309,1.0178253119429592,0.5,0.5089126559714796
222,2309165,2309,1.0178253119429592,0.8333333333333334,0.8481877599524661
223,2309170,2309,1.0133689839572193,-0.3333333333333333,-0.33778966131907306
224,2309171,2309,1.0102495543672014,0.3333333333333333,0.3367498514557338
225,2309174,2309,1.017379679144385,0.3333333333333333,0.339126559714795
226,2309183,2309,1.0115864527629235,0.16666666666666666,0.1685977421271539
227,2309184,2309,1.0160427807486632,0.16666666666666666,0.16934046345811052
228,2309185,2309,1.0115864527629235,0.3333333333333333,0.3371954842543078
229,2309187,2309,1.0115864527629235,0.6666666666666666,0.6743909685086156
230,2309189,2309,1.0115864527629235,0.16666666666666666,0.1685977421271539
231,2309191,2309,1.021836007130125,-0.16666666666666666,-0.17030600118835415
232,2309192,2309,1.0093582887700536,0.0,0.0
233,2309196,2309,1.0155971479500892,0.16666666666666666,0.16926619132501486
234,2309197,2309,1.0124777183600713,0.0,0.0
235,2309198,2309,1.0124777183600713,1.0,1.0124777183600713
236,2309199,2309,1.0120320855614975,1.0,1.0120320855614975
237,2309204,2309,1.0115864527629235,0.3333333333333333,0.3371954842543078
238,2309205,2309,1.0115864527629235,0.16666666666666666,0.1685977421271539
239,2309207,2309,1.0124777183600713,0.8333333333333334,0.8437314319667261
240,2309208,2309,1.0124777183600713,0.8333333333333334,0.8437314319667261
241,2309211,2309,1.0124777183600713,0.5,0.5062388591800356
242,2309212,2309,1.0129233511586453,0.5,0.5064616755793226
243,2309214,2309,1.0093582887700536,0.3333333333333333,0.3364527629233512
244,2309217,2309,1.0133689839572193,0.6666666666666666,0.6755793226381461
245,2309218,2309,1.017379679144385,0.6666666666666666,0.67825311942959
246,2309219,2309,1.0098039215686274,0.3333333333333333,0.33660130718954245
247,2309222,2309,1.0040106951871657,0.0,0.0
248,2309227,2309,1.016934046345811,0.5,0.5084670231729055
249,2309228,2309,1.016934046345811,0.6666666666666666,0.6779560308972072
250,2309229,2309,1.017379679144385,0.5,0.5086898395721925
251,2309232,2309,1.0080213903743316,0.8333333333333334,0.840017825311943
252,2309233,2309,1.0098039215686274,0.5,0.5049019607843137
253,2605003,2605,1.1421568627450982,0.16666666666666666,0.19035947712418302
254,2605004,2605,1.1421568627450982,0.6666666666666666,0.7614379084967321
255,2605005,2605,1.1506238859180036,0.0,0.0
256,2605009,2605,1.1510695187165776,-0.3333333333333333,-0.3836898395721925
257,2605016,2605,1.143939393939394,0.0,0.0
258,2605017,2605,1.1421568627450982,0.3333333333333333,0.38071895424836605
259,2605018,2605,1.1501782531194296,0.3333333333333333,0.38339275103980985
260,2605019,2605,1.1385918003565063,0.6666666666666666,0.7590612002376709
261,2605021,2605,1.1506238859180036,0.16666666666666666,0.1917706476530006
262,2605022,2605,1.1492869875222818,0.16666666666666666,0.1915478312537136
263,2605023,2605,1.1399286987522281,0.5,0.5699643493761141
264,2605024,2605,1.1506238859180036,0.0,0.0
265,2605025,2605,1.145276292335116,0.3333333333333333,0.38175876411170534
266,2605026,2605,1.145276292335116,0.3333333333333333,0.38175876411170534
267,2605027,2605,1.145276292335116,0.3333333333333333,0.38175876411170534
268,2605029,2605,1.145276292335116,0.5,0.572638146167558
269,2605030,2605,1.145276292335116,0.16666666666666666,0.19087938205585267
270,2605031,2605,1.145276292335116,0.5,0.572638146167558
271,2605032,2605,1.1421568627450982,0.5,0.5710784313725491
272,2605033,2605,1.143048128342246,-0.3333333333333333,-0.38101604278074863
273,2605042,2605,1.145276292335116,0.8333333333333334,0.9543969102792634
274,2605045,2605,1.1417112299465242,1.0,1.1417112299465242
275,2605046,2605,1.1461675579322639,0.3333333333333333,0.3820558526440879
276,2605048,2605,1.144830659536542,-0.3333333333333333,-0.381610219845514
277,2605049,2605,1.1399286987522281,0.6666666666666666,0.7599524658348187
278,2605050,2605,1.143048128342246,0.0,0.0
279,2605051,2605,1.143939393939394,0.3333333333333333,0.3813131313131313
280,2605052,2605,1.1417112299465242,1.0,1.1417112299465242
281,2605053,2605,1.145276292335116,0.6666666666666666,0.7635175282234107
282,2605055,2605,1.145276292335116,0.5,0.572638146167558
283,2605056,2605,1.1417112299465242,0.8333333333333334,0.9514260249554368
284,2605058,2605,1.1403743315508021,0.5,0.5701871657754011
285,2605059,2605,1.14349376114082,0.6666666666666666,0.76232917409388
286,2605061,2605,1.143048128342246,0.6666666666666666,0.7620320855614973
287,2605062,2605,1.1421568627450982,0.16666666666666666,0.19035947712418302
288,2605064,2605,1.1421568627450982,0.8333333333333334,0.9517973856209152
289,2605065,2605,1.144830659536542,0.6666666666666666,0.763220439691028
290,2605066,2605,1.143048128342246,0.6666666666666666,0.7620320855614973
291,2605067,2605,1.1421568627450982,0.6666666666666666,0.7614379084967321
292,2605068,2605,1.14126559714795,0.6666666666666666,0.7608437314319666
293,2605076,2605,1.14349376114082,0.3333333333333333,0.38116458704694
294,2605078,2605,1.1394830659536543,0.5,0.5697415329768272
295,2605080,2605,1.144830659536542,0.3333333333333333,0.381610219845514
296,2605081,2605,1.145276292335116,0.5,0.572638146167558
297,2605083,2605,1.1443850267379678,0.8333333333333334,0.9536541889483066
298,2605084,2605,1.142602495543672,0.5,0.571301247771836
299,2605085,2605,1.14126559714795,0.8333333333333334,0.9510546642899583
300,2605086,2605,1.1475044563279857,0.8333333333333334,0.9562537136066548
301,2605089,2605,1.142602495543672,0.5,0.571301247771836
302,2610001,2610,1.1483957219251337,0.16666666666666666,0.1913992869875223
303,2610002,2610,1.1555258467023173,0.0,0.0
304,2610003,2610,1.1541889483065952,-0.16666666666666666,-0.19236482471776586
305,2610004,2610,1.1483957219251337,0.16666666666666666,0.1913992869875223
306,2610005,2610,1.1488413547237077,0.5,0.5744206773618539
307,2610007,2610,1.142602495543672,0.16666666666666666,0.19043374925727866
308,2610009,2610,1.1524064171122996,1.0,1.1524064171122996
309,2610010,2610,1.1461675579322639,0.3333333333333333,0.3820558526440879
310,2610011,2610,1.1532976827094474,1.0,1.1532976827094474
311,2610012,2610,1.146613190730838,0.6666666666666666,0.7644087938205586
312,2610013,2610,1.1532976827094474,1.0,1.1532976827094474
313,2610014,2610,1.1537433155080214,0.8333333333333334,0.9614527629233512
314,2610015,2610,1.14349376114082,-0.3333333333333333,-0.38116458704694
315,2610017,2610,1.1394830659536543,0.0,0.0
316,2610018,2610,1.14126559714795,-0.3333333333333333,-0.3804218657159833
317,2610019,2610,1.1461675579322639,0.6666666666666666,0.7641117052881758
318,2610020,2610,1.1443850267379678,0.8333333333333334,0.9536541889483066
319,2610021,2610,1.1461675579322639,-1.0,-1.1461675579322639
320,2610022,2610,1.1457219251336899,-0.16666666666666666,-0.1909536541889483
321,2610023,2610,1.1408199643493762,1.0,1.1408199643493762
322,2610024,2610,1.1457219251336899,0.8333333333333334,0.9547682709447416
323,2610025,2610,1.143939393939394,0.3333333333333333,0.3813131313131313
324,2610026,2610,1.1470588235294117,0.8333333333333334,0.9558823529411764
325,2610027,2610,1.142602495543672,0.6666666666666666,0.7617349970291146
326,2610028,2610,1.1461675579322639,0.8333333333333334,0.95513963161022
327,2610029,2610,1.146613190730838,0.5,0.573306595365419
328,2610031,2610,1.1443850267379678,0.8333333333333334,0.9536541889483066
329,2610032,2610,1.1461675579322639,0.3333333333333333,0.3820558526440879
330,2610033,2610,1.143939393939394,0.6666666666666666,0.7626262626262627
331,2610034,2610,1.1457219251336899,0.3333333333333333,0.3819073083778966
332,2610035,2610,1.1528520499108734,1.0,1.1528520499108734
333,2610036,2610,1.1528520499108734,-0.3333333333333333,-0.38428401663695777
334,2610037,2610,1.1408199643493762,0.8333333333333334,0.9506833036244802
335,2610038,2610,1.1519607843137256,0.0,0.0
336,2610040,2610,1.1470588235294117,0.6666666666666666,0.7647058823529411
337,2610041,2610,1.1524064171122996,0.5,0.5762032085561498
338,2610042,2610,1.145276292335116,0.8333333333333334,0.9543969102792634
339,2610043,2610,1.1555258467023173,0.16666666666666666,0.19258764111705287
340,2610044,2610,1.142602495543672,0.0,0.0
341,2610045,2610,1.1501782531194296,0.0,0.0
342,2610046,2610,1.1475044563279857,1.0,1.1475044563279857
343,2610047,2610,1.1470588235294117,-0.3333333333333333,-0.38235294117647056
344,2610048,2610,1.145276292335116,0.5,0.572638146167558
345,2610049,2610,1.1528520499108734,0.5,0.5764260249554367
346,2610050,2610,1.1403743315508021,0.5,0.5701871657754011
347,2610051,2610,1.1519607843137256,1.0,1.1519607843137256
348,2610052,2610,1.1421568627450982,0.16666666666666666,0.19035947712418302
349,2610053,2610,1.1475044563279857,0.8333333333333334,0.9562537136066548
350,2610054,2610,1.146613190730838,1.0,1.146613190730838
351,2610055,2610,1.145276292335116,0.8333333333333334,0.9543969102792634
352,2610056,2610,1.1461675579322639,0.6666666666666666,0.7641117052881758
353,2610057,2610,1.1457219251336899,0.3333333333333333,0.3819073083778966
354,2610058,2610,1.1443850267379678,0.0,0.0
355,2610059,2610,1.143939393939394,0.5,0.571969696969697
356,2610060,2610,1.1532976827094474,0.8333333333333334,0.9610814022578729
357,2610061,2610,1.1470588235294117,1.0,1.1470588235294117
358,2610062,2610,1.143939393939394,0.16666666666666666,0.19065656565656566
359,2610063,2610,1.1528520499108734,1.0,1.1528520499108734
360,2610064,2610,1.1501782531194296,0.3333333333333333,0.38339275103980985
361,2610066,2610,1.144830659536542,0.8333333333333334,0.954025549613785
362,2610067,2610,1.142602495543672,0.6666666666666666,0.7617349970291146
363,2610068,2610,1.14349376114082,0.6666666666666666,0.76232917409388
364,2610070,2610,1.144830659536542,0.16666666666666666,0.190805109922757
365,2610071,2610,1.1475044563279857,0.5,0.5737522281639929
366,2610072,2610,1.1461675579322639,0.5,0.5730837789661319
367,2610073,2610,1.143939393939394,0.0,0.0
368,2610074,2610,1.1479500891265597,0.8333333333333334,0.9566250742721332
369,2610075,2610,1.1457219251336899,0.0,0.0
370,2610076,2610,1.1470588235294117,0.3333333333333333,0.38235294117647056
371,2610077,2610,1.1528520499108734,1.0,1.1528520499108734
372,2610078,2610,1.1497326203208558,0.3333333333333333,0.3832442067736186
373,2610079,2610,1.1528520499108734,0.6666666666666666,0.7685680332739155
374,2610081,2610,1.1501782531194296,1.0,1.1501782531194296
375,2610083,2610,1.1564171122994653,0.8333333333333334,0.9636809269162211
376,2610084,2610,1.1506238859180036,0.6666666666666666,0.7670825906120023
377,2610085,2610,1.142602495543672,0.3333333333333333,0.3808674985145573
378,2610086,2610,1.1541889483065952,0.0,0.0
379,2610087,2610,1.1461675579322639,0.3333333333333333,0.3820558526440879
380,2610088,2610,1.1483957219251337,-0.3333333333333333,-0.3827985739750446
381,2610090,2610,1.1479500891265597,0.8333333333333334,0.9566250742721332
382,2610091,2610,1.1483957219251337,,
383,2610092,2610,1.1470588235294117,0.3333333333333333,0.38235294117647056
384,2610093,2610,1.143939393939394,0.8333333333333334,0.9532828282828284
385,2610095,2610,1.1475044563279857,0.8333333333333334,0.9562537136066548
386,2610100,2610,1.143939393939394,0.6666666666666666,0.7626262626262627
387,2610101,2610,1.145276292335116,0.5,0.572638146167558
388,2610102,2610,1.143939393939394,0.3333333333333333,0.3813131313131313
389,2610103,2610,1.1528520499108734,0.0,0.0
390,2610104,2610,1.1550802139037435,0.3333333333333333,0.3850267379679145
391,2610105,2610,1.143939393939394,0.5,0.571969696969697
392,2610106,2610,1.14126559714795,0.5,0.570632798573975
393,2610107,2610,1.1443850267379678,1.0,1.1443850267379678
394,2610108,2610,1.1497326203208558,0.3333333333333333,0.3832442067736186
395,2610109,2610,1.1457219251336899,0.5,0.5728609625668449
396,2610111,2610,1.1457219251336899,0.3333333333333333,0.3819073083778966
397,2610118,2610,1.146613190730838,0.6666666666666666,0.7644087938205586
398,2610119,2610,1.1403743315508021,0.16666666666666666,0.19006238859180036
399,2610123,2610,1.144830659536542,0.5,0.572415329768271
400,2610124,2610,1.14349376114082,0.16666666666666666,0.19058229352347
401,2611001,2611,1.1483957219251337,0.5,0.5741978609625669
402,2611002,2611,1.1475044563279857,0.6666666666666666,0.7650029708853238
403,2611003,2611,1.1479500891265597,0.5,0.5739750445632799
404,2611004,2611,1.1470588235294117,0.16666666666666666,0.19117647058823528
405,2611005,2611,1.1461675579322639,0.0,0.0
406,2611006,2611,1.146613190730838,-0.16666666666666666,-0.19110219845513965
407,2611007,2611,1.14349376114082,0.16666666666666666,0.19058229352347
408,2611008,2611,1.1443850267379678,0.0,0.0
409,2611009,2611,1.1470588235294117,0.16666666666666666,0.19117647058823528
410,2611010,2611,1.1421568627450982,0.3333333333333333,0.38071895424836605
411,2611011,2611,1.1501782531194296,0.5,0.5750891265597148
412,2611012,2611,1.1564171122994653,0.16666666666666666,0.19273618538324422
413,2611013,2611,1.1550802139037435,0.16666666666666666,0.19251336898395724
414,2611014,2611,1.1555258467023173,0.16666666666666666,0.19258764111705287
415,2611015,2611,1.1501782531194296,0.16666666666666666,0.19169637551990493
416,2611016,2611,1.1568627450980393,-0.16666666666666666,-0.19281045751633988
417,2611017,2611,1.1479500891265597,-0.16666666666666666,-0.1913250148544266
418,2611018,2611,1.145276292335116,-0.3333333333333333,-0.38175876411170534
419,2611019,2611,1.1501782531194296,0.0,0.0
420,2611020,2611,1.1483957219251337,0.6666666666666666,0.7655971479500892
421,2611021,2611,1.1417112299465242,-0.5,-0.5708556149732621
422,2611024,2611,1.146613190730838,0.3333333333333333,0.3822043969102793
423,2611025,2611,1.1457219251336899,0.3333333333333333,0.3819073083778966
424,2611026,2611,1.1470588235294117,-0.5,-0.5735294117647058
425,2611027,2611,1.1475044563279857,-0.6666666666666666,-0.7650029708853238
426,2611028,2611,1.146613190730838,0.5,0.573306595365419
427,2611030,2611,1.146613190730838,0.0,0.0
428,2611032,2611,1.1475044563279857,0.16666666666666666,0.19125074272133094
429,2611033,2611,1.1483957219251337,0.5,0.5741978609625669
430,2611034,2611,1.1479500891265597,0.6666666666666666,0.7653000594177064
431,2611036,2611,1.1475044563279857,1.0,1.1475044563279857
432,2611037,2611,1.146613190730838,1.0,1.146613190730838
433,2611038,2611,1.1461675579322639,0.5,0.5730837789661319
434,2611039,2611,1.1479500891265597,0.3333333333333333,0.3826500297088532
435,2611040,2611,1.1475044563279857,1.0,1.1475044563279857
436,2611041,2611,1.1483957219251337,1.0,1.1483957219251337
437,2611042,2611,1.1515151515151516,0.5,0.5757575757575758
438,2611044,2611,1.1559714795008913,-0.16666666666666666,-0.19266191325014853
439,2611045,2611,1.1421568627450982,0.0,0.0
440,2611046,2611,1.1483957219251337,0.0,0.0
441,2611049,2611,1.143048128342246,0.8333333333333334,0.9525401069518717
442,2611051,2611,1.1546345811051693,0.5,0.5773172905525846
443,2611052,2611,1.1421568627450982,0.8333333333333334,0.9517973856209152
444,2611053,2611,1.1532976827094474,1.0,1.1532976827094474
445,2611054,2611,1.1421568627450982,0.0,0.0
446,2611056,2611,1.1510695187165776,0.5,0.5755347593582888
447,2611058,2611,1.1577540106951871,0.16666666666666666,0.19295900178253117
448,2611060,2611,1.145276292335116,0.3333333333333333,0.38175876411170534
449,2611061,2611,1.14349376114082,-1.0,-1.14349376114082
450,2611062,2611,1.144830659536542,-0.16666666666666666,-0.190805109922757
451,2611063,2611,1.144830659536542,0.0,0.0
452,2611064,2611,1.144830659536542,0.5,0.572415329768271
453,2611065,2611,1.145276292335116,0.6666666666666666,0.7635175282234107
454,2611067,2611,1.145276292335116,-0.16666666666666666,-0.19087938205585267
455,2611068,2611,1.1483957219251337,0.0,0.0
456,2611069,2611,1.14349376114082,0.8333333333333334,0.95291146761735
457,2611070,2611,1.1497326203208558,1.0,1.1497326203208558
458,2611071,2611,1.146613190730838,0.5,0.573306595365419
459,2611072,2611,1.143939393939394,0.3333333333333333,0.3813131313131313
460,2611073,2611,1.1519607843137256,0.6666666666666666,0.7679738562091504
461,2611074,2611,1.1470588235294117,0.3333333333333333,0.38235294117647056
462,2611075,2611,1.1506238859180036,-0.16666666666666666,-0.1917706476530006
463,2611076,2611,1.1519607843137256,0.5,0.5759803921568628
464,2611077,2611,1.142602495543672,0.5,0.571301247771836
465,2611078,2611,1.1443850267379678,0.6666666666666666,0.7629233511586452
466,2611080,2611,1.1479500891265597,-0.16666666666666666,-0.1913250148544266
467,2611081,2611,1.142602495543672,0.0,0.0
468,2611083,2611,1.143939393939394,-0.16666666666666666,-0.19065656565656566
469,2611084,2611,1.1492869875222818,-0.3333333333333333,-0.3830956625074272
470,2611085,2611,1.1510695187165776,0.16666666666666666,0.19184491978609625
471,2611086,2611,1.145276292335116,-0.16666666666666666,-0.19087938205585267
472,2611087,2611,1.146613190730838,0.8333333333333334,0.9555109922756982
473,2611088,2611,1.146613190730838,1.0,1.146613190730838
474,2611089,2611,1.1443850267379678,0.6666666666666666,0.7629233511586452
475,2611090,2611,1.1555258467023173,0.16666666666666666,0.19258764111705287
476,2611091,2611,1.1475044563279857,0.5,0.5737522281639929
477,2611092,2611,1.142602495543672,0.5,0.571301247771836
478,2611093,2611,1.14349376114082,0.3333333333333333,0.38116458704694
479,2611094,2611,1.143048128342246,-0.16666666666666666,-0.19050802139037432
480,2611095,2611,1.146613190730838,0.0,0.0
481,2611096,2611,1.1457219251336899,0.6666666666666666,0.7638146167557932
482,2611097,2611,1.145276292335116,0.5,0.572638146167558
483,2611098,2611,1.1475044563279857,0.3333333333333333,0.3825014854426619
484,2611099,2611,1.1408199643493762,-0.16666666666666666,-0.19013666072489602
485,2611100,2611,1.1470588235294117,0.3333333333333333,0.38235294117647056
486,2611101,2611,1.143939393939394,0.6666666666666666,0.7626262626262627
487,2611102,2611,1.1475044563279857,0.6666666666666666,0.7650029708853238
488,2611103,2611,1.14126559714795,0.5,0.570632798573975
489,2611104,2611,1.1524064171122996,-0.3333333333333333,-0.3841354723707665
490,2611105,2611,1.1479500891265597,0.3333333333333333,0.3826500297088532
491,2611106,2611,1.1470588235294117,0.6666666666666666,0.7647058823529411
492,2611109,2611,1.1475044563279857,0.6666666666666666,0.7650029708853238
493,2611110,2611,1.143939393939394,0.0,0.0
494,2611111,2611,1.146613190730838,0.3333333333333333,0.3822043969102793
495,2611114,2611,1.1470588235294117,0.6666666666666666,0.7647058823529411
496,2611115,2611,1.1461675579322639,1.0,1.1461675579322639
497,2611117,2611,1.1506238859180036,-0.16666666666666666,-0.1917706476530006
498,2611118,2611,1.146613190730838,0.3333333333333333,0.3822043969102793
499,2611119,2611,1.146613190730838,0.3333333333333333,0.3822043969102793
