,HHID,IWTime,SN,Age,Gender,M_Status,Class,S_Name,Occupation,livedOutside,Address,WhenMove,BirthPlace,MoveHereYear,Caste,Secondary,Brahmin-Chetri,Gurung-Magar-Tamang,Dalit,Newar,Tharu-Darai-Kumal,Other
2,2301006,0:10,1,43,0,1,9,0,2,1,0,-1,0,-1,1,1,1,0,0,0,0,0
4,2301007,0:10,1,55,1,1,3,0,5,1,0,-1,N67,2059-01,1,0,1,0,0,0,0,0
9,2301013,0:06,1,49,1,1,0,0,6,0,0,-1,0,-1,3,0,0,0,1,0,0,0
11,2301016,0:15,1,55,1,1,0,0,5,0,0,-1,0,-1,1,0,1,0,0,0,0,0
22,2301017,0:05,1,47,1,1,10,0,5,0,0,-1,N56,2049-06,1,1,1,0,0,0,0,0
26,2301021,0:10,1,65,0,1,10,0,5,0,0,-1,N61,2018,1,1,1,0,0,0,0,0
29,2301029,0:03,1,39,1,1,0,0,5,0,0,-1,N57,2057-11,1,0,1,0,0,0,0,0
38,2301037,0:15,1,31,1,1,12,0,5,0,0,-1,N56,2069-11,1,1,1,0,0,0,0,0
45,2301038,0:05,1,28,1,1,7,0,5,0,0,-1,N78,2072- 3,3,1,0,0,1,0,0,0
48,2301041,0:05,1,50,1,1,3,0,5,0,N56,-1,N10,2051-05,2,0,0,1,0,0,0,0
54,2301043,0:06,1,30,1,1,9,0,5,0,0,-1,N57,2068-11,1,1,1,0,0,0,0,0
56,2301044,0:05,1,56,1,3,0,0,5,0,0,-1,N64,2030-02,1,0,1,0,0,0,0,0
61,2301046,0:10,1,66,0,3,0,0,5,0,0,-1,N02,2036-04,1,0,1,0,0,0,0,0
67,2301047,0:07,1,38,1,3,3,0,5,0,0,-1,N08,2064-01,2,0,0,1,0,0,0,0
71,2301048,0:08,1,45,1,1,0,0,5,0,0,-1,N08,2070-01,2,0,0,1,0,0,0,0
75,2301053,0:10,1,50,1,1,0,0,5,0,0,-1,N62,2034-01,3,0,0,0,1,0,0,0
79,2301056,0:05,1,50,1,1,0,0,5,0,0,-1,N56,2046-11,3,0,0,0,1,0,0,0
83,2301057,0:07,1,60,1,3,0,0,5,0,0,-1,0,-1,3,0,0,0,1,0,0,0
87,2301058,0:05,1,38,1,1,7,0,5,0,0,-1,N78,2056-02,3,1,0,0,1,0,0,0
92,2301059,0:05,1,45,1,1,9,0,5,0,0,-1,N56,2053-05,3,1,0,0,1,0,0,0
96,2301060,0:07,1,39,1,1,7,0,5,0,0,-1,N56,2055-01,3,1,0,0,1,0,0,0
101,2301068,0:04,1,30,1,1,9,0,5,0,0,-1,N10,2079-08,2,1,0,1,0,0,0,0
103,2301069,0:06,1,52,1,1,0,0,5,0,0,-1,N56,2041-11,1,0,1,0,0,0,0,0
110,2301070,0:11,1,28,1,1,10,0,5,1,0,-1,N64,2072-01,2,1,0,1,0,0,0,0
113,2301071,0:08,1,35,1,1,2,0,5,0,0,-1,N10,2066-01,2,0,0,1,0,0,0,0
118,2301072,0:06,1,41,1,1,0,0,5,0,0,-1,N10,2067-09,2,0,0,1,0,0,0,0
125,2301073,0:07,1,45,1,1,4,0,5,1,0,-1,N63,2071-01,1,0,1,0,0,0,0,0
131,2301074,0:07,1,30,1,1,7,0,5,0,0,-1,N56,2064-05,3,1,0,0,1,0,0,0
138,2301075,0:07,1,24,1,1,8,0,5,0,0,-1,N62,2071-06,3,1,0,0,1,0,0,0
140,2301086,0:04,1,55,0,1,4,0,1,1,0,-1,0,-1,2,0,0,1,0,0,0,0
143,2301087,0:06,1,51,0,1,10,0,5,1,0,-1,N57,2058-06,2,1,0,1,0,0,0,0
149,2301092,0:09,1,50,1,1,6,0,5,0,0,-1,N56,2063-01,1,1,1,0,0,0,0,0
159,2301093,0:05,1,43,0,1,12,0,5,0,0,-1,N56,2057-02,1,1,1,0,0,0,0,0
165,2301094,0:07,1,45,0,1,10,0,5,0,0,-1,N56,2057-03,1,1,1,0,0,0,0,0
168,2301096,0:06,1,27,1,1,9,0,5,0,0,-1,N78,2072-03,1,1,1,0,0,0,0,0
171,2301099,0:10,1,41,1,1,2,0,5,0,0,-1,0,-1,2,0,0,1,0,0,0,0
181,2301100,0:06,1,48,0,1,9,0,5,1,0,-1,N57,2037-10,2,1,0,1,0,0,0,0
183,2301104,0:04,1,43,1,1,0,0,5,1,0,-1,N56,2072-02,3,0,0,0,1,0,0,0
189,2301105,0:05,1,52,0,1,10,0,5,1,0,-1,N56,2061-02,2,1,0,1,0,0,0,0
191,2301108,0:06,1,50,1,2,0,0,5,0,0,-1,N57,2049-01,2,0,0,1,0,0,0,0
195,2301111,0:05,1,31,1,1,7,0,5,0,0,-1,N62,2066-06,1,1,1,0,0,0,0,0
199,2301113,0:15,1,69,0,1,0,0,5,0,0,-1,N57,2035-08,2,0,0,1,0,0,0,0
214,2301116,0:10,1,18,1,0,11,PII,4,0,0,-1,0,-1,2,1,0,1,0,0,0,0
216,2301122,0:04,1,23,1,1,9,0,5,0,0,-1,0,-1,2,1,0,1,0,0,0,0
219,2301124,0:06,1,34,1,1,7,0,5,0,0,-1,N56,2060-02,2,1,0,1,0,0,0,0
224,2301125,0:07,1,28,1,0,12,0,5,1,0,-1,N12,2057-01,1,1,1,0,0,0,0,0
228,2301126,0:07,1,44,0,1,8,0,5,1,0,-1,N57,2035-01,2,1,0,1,0,0,0,0
232,2301127,0:07,1,43,1,1,9,0,5,0,0,-1,N29,2077-01,1,1,1,0,0,0,0,0
235,2301128,0:06,1,40,0,1,2,0,3,0,0,-1,N57,2061-06,3,0,0,0,1,0,0,0
241,2301129,0:13,1,52,0,1,4,0,5,0,0,-1,N48,2064-02,1,0,1,0,0,0,0,0
247,2301130,0:06,1,29,1,1,10,0,5,0,0,-1,N56,2072-06,1,1,1,0,0,0,0,0
250,2301132,0:10,1,49,1,3,0,0,5,0,0,-1,N11,2052-01,1,0,1,0,0,0,0,0
255,2304001,0:05,1,73,1,1,0,0,5,0,0,-1,N62,2022-11,1,0,1,0,0,0,0,0
258,2304002,0:04,1,50,1,1,0,0,5,0,0,-1,N56,2044-11,1,0,1,0,0,0,0,0
264,2304003,0:09,1,37,1,1,10,0,5,0,0,-1,N56,2059-10,1,1,1,0,0,0,0,0
267,2304004,0:04,1,53,0,1,8,0,5,1,0,-1,0,-1,1,1,1,0,0,0,0,0
271,2304006,0:09,1,31,1,1,5,0,5,1,0,-1,N65,2070-10,3,0,0,0,1,0,0,0
278,2304007,0:07,1,40,0,1,8,0,5,1,0,-1,0,-1,1,1,1,0,0,0,0,0
283,2304009,0:06,1,27,1,1,10,0,6,0,0,-1,N56,2072-02,1,1,1,0,0,0,0,0
286,2304010,0:10,1,56,1,1,0,0,5,0,0,-1,N56,2048-11,4,0,0,0,0,1,0,0
294,2304011,0:09,1,66,0,1,0,0,5,0,0,-1,N61,2030-11,1,0,1,0,0,0,0,0
299,2304014,0:07,1,55,1,1,8,0,5,0,0,-1,F091,2043-10,1,1,1,0,0,0,0,0
307,2304015,0:07,1,38,1,1,10,0,5,0,0,-1,N56,2059-11,1,1,1,0,0,0,0,0
310,2304020,0:10,1,65,0,1,0,0,5,0,0,-1,N68,2019,3,0,0,0,1,0,0,0
315,2304021,0:05,1,37,1,1,6,0,5,0,0,-1,0,-1,3,1,0,0,1,0,0,0
320,2304022,0:06,1,50,0,1,0,0,5,1,0,-1,0,-1,3,0,0,0,1,0,0,0
322,2304024,0:05,1,36,0,1,7,0,2,1,0,-1,0,-1,5,1,0,0,0,0,1,0
326,2304025,0:03,1,30,0,1,10,0,5,1,0,-1,0,-1,5,1,0,0,0,0,1,0
329,2304026,0:07,1,36,1,1,6,0,5,0,0,-1,N56,2058-03,5,1,0,0,0,0,1,0
333,2304027,0:07,1,33,1,1,9,0,5,0,0,-1,N81,2063-03,1,1,1,0,0,0,0,0
335,2304028,0:06,1,39,1,1,4,0,5,0,0,-1,N56,2060-11,1,0,1,0,0,0,0,0
341,2304029,0:04,1,30,1,1,10,0,5,0,0,-1,N49,2059-02,1,1,1,0,0,0,0,0
343,2304030,0:10,1,40,1,1,6,0,6,0,0,-1,N56,2048-10,1,1,1,0,0,0,0,0
348,2304031,0:05,1,29,0,1,7,0,2,0,0,-1,0,-1,5,1,0,0,0,0,1,0
349,2304032,0:06,1,38,0,3,0,0,2,0,0,-1,0,-1,5,0,0,0,0,0,1,0
353,2304033,0:08,1,72,0,1,0,0,5,0,0,-1,N61,2017-10,1,0,1,0,0,0,0,0
358,2304034,0:04,1,58,0,1,10,0,5,1,0,-1,N97,2048-02,1,1,1,0,0,0,0,0
362,2304035,0:06,1,50,0,1,9,0,5,0,0,-1,N68,2046-10,1,1,1,0,0,0,0,0
367,2304036,0:04,1,26,0,1,12,0,5,0,0,-1,0,-1,1,1,1,0,0,0,0,0
370,2304037,0:05,1,48,0,1,10,0,5,1,0,-1,0,-1,1,1,1,0,0,0,0,0
373,2304038,0:08,1,62,0,1,3,0,1,0,0,-1,N64,2022-11,1,0,1,0,0,0,0,0
375,2304039,0:07,1,60,1,3,0,0,5,0,0,-1,N64,2020-02,1,0,1,0,0,0,0,0
383,2304040,0:08,1,32,0,1,14,0,2,0,0,-1,0,-1,1,1,1,0,0,0,0,0
385,2304041,0:07,1,73,0,1,5,0,5,1,0,-1,N64,2066-12,1,0,1,0,0,0,0,0
390,2304043,0:09,1,37,1,1,8,0,5,0,0,-1,N68,2057-10,1,1,1,0,0,0,0,0
398,2304044,0:07,1,39,1,1,9,0,5,0,0,-1,F091,2055-10,1,1,1,0,0,0,0,0
403,2304045,0:07,1,45,1,0,5,0,5,0,0,-1,N78,2048-11,1,0,1,0,0,0,0,0
413,2304046,0:06,1,45,0,1,10,0,5,0,0,-1,0,-1,1,1,1,0,0,0,0,0
415,2304049,0:10,1,79,0,1,0,0,5,0,0,-1,N64,2019-12,1,0,1,0,0,0,0,0
420,2304050,0:04,1,61,1,1,0,0,5,0,0,-1,N61,2042-01,1,0,1,0,0,0,0,0
424,2304051,0:08,1,50,0,1,9,0,2,1,0,-1,N64,2060-08,4,1,0,0,0,1,0,0
428,2304052,0:06,1,35,1,1,10,0,5,0,0,-1,0,-1,1,1,1,0,0,0,0,0
430,2304053,0:10,1,60,0,1,0,0,5,0,0,-1,N68,2024,1,0,1,0,0,0,0,0
436,2304055,0:06,1,38,1,1,3,0,5,0,0,-1,0,-1,1,0,1,0,0,0,0,0
440,2304056,0:06,1,40,1,1,8,0,5,1,0,-1,F091,2056-08,1,1,1,0,0,0,0,0
447,2304059,0:10,1,40,1,1,10,0,1,0,0,-1,N56,2059-02,1,1,1,0,0,0,0,0
450,2304064,0:08,1,48,1,1,7,0,5,0,0,-1,N56,2051-08,3,1,0,0,1,0,0,0
456,2304065,0:09,1,31,1,1,3,0,5,0,0,-1,0,-1,1,0,1,0,0,0,0,0
462,2304070,0:15,1,67,0,1,0,0,5,1,0,-1,N65,2021-11,3,0,0,0,1,0,0,0
470,2304071,0:07,1,77,0,1,0,0,5,1,0,-1,N64,2030-11,1,0,1,0,0,0,0,0
472,2304072,0:06,1,37,1,1,5,0,5,0,0,-1,N56,2058-01,3,0,0,0,1,0,0,0
476,2304075,0:10,1,60,1,1,0,0,5,0,0,-1,N63,2030-08,3,0,0,0,1,0,0,0
485,2304076,0:06,1,32,1,1,7,0,5,0,0,-1,N64,2076-11,2,1,0,1,0,0,0,0
488,2304083,0:07,1,66,0,1,3,0,5,0,0,-1,N68,2027-11,1,0,1,0,0,0,0,0
493,2304084,0:05,1,35,1,1,8,0,5,0,0,-1,N56,2068-11,1,1,1,0,0,0,0,0
496,2304085,0:10,1,61,1,1,0,0,5,0,0,-1,0,-1,5,0,0,0,0,0,1,0
507,2304086,0:07,1,43,0,1,8,0,5,1,0,-1,0,-1,5,1,0,0,0,0,1,0
509,2304087,0:13,1,55,1,3,0,0,5,0,0,-1,N56,2040-11,5,0,0,0,0,0,1,0
519,2304089,0:09,1,37,1,3,6,0,2,0,0,-1,N56,2058-06,5,1,0,0,0,0,1,0
526,2304090,0:08,1,48,0,1,7,0,5,1,0,-1,0,-1,5,1,0,0,0,0,1,0
531,2304091,0:08,1,45,1,1,0,0,5,0,0,-1,N56,2050-03,5,0,0,0,0,0,1,0
536,2304092,0:04,1,52,0,1,7,0,5,1,0,-1,0,-1,5,1,0,0,0,0,1,0
540,2304094,0:05,1,50,1,1,0,0,5,0,0,-1,N56,2038-11,5,0,0,0,0,0,1,0
547,2304098,0:05,1,64,0,1,10,0,5,0,0,-1,N10,2064-06,4,1,0,0,0,1,0,0
548,2304103,0:07,1,59,0,1,0,0,5,0,0,-1,0,-1,1,0,1,0,0,0,0,0
555,2304105,0:05,1,33,1,1,7,0,5,1,0,-1,N21,2073-08,1,1,1,0,0,0,0,0
558,2304110,0:12,1,63,0,1,0,0,5,0,0,-1,N68,2020-03,3,0,0,0,1,0,0,0
565,2304111,0:10,1,52,1,1,0,0,5,1,0,-1,N56,2042-06,3,0,0,0,1,0,0,0
572,2304112,0:06,1,27,1,1,8,0,2,1,F971,2078-06,0,-1,3,1,0,0,1,0,0,0
575,2304118,0:05,1,27,1,1,12,0,5,0,0,-1,N56,2071-11,1,1,1,0,0,0,0,0
578,2304119,0:08,1,60,1,3,0,0,5,0,0,-1,0,-1,5,0,0,0,0,0,1,0
587,2304121,0:10,1,49,0,1,10,0,5,1,0,-1,N67,2066-01,1,1,1,0,0,0,0,0
589,2304122,0:05,1,59,1,1,0,0,5,0,0,-1,N64,2020-05,4,0,0,0,0,1,0,0
594,2304123,0:05,1,55,1,1,10,0,6,0,0,-1,N67,2065-07,1,1,1,0,0,0,0,0
597,2304124,0:11,1,36,1,1,9,0,5,0,0,-1,N68,2075-07,1,1,1,0,0,0,0,0
600,2304126,0:11,1,53,1,3,3,0,5,0,0,-1,N67,2058-10,1,0,1,0,0,0,0,0
606,2304130,0:08,1,35,1,1,14,0,1,0,0,-1,N56,2065-08,1,1,1,0,0,0,0,0
610,2304131,0:12,1,82,0,1,5,0,5,0,0,-1,N79,2039-10,1,0,1,0,0,0,0,0
617,2304132,0:04,1,40,1,1,4,0,5,0,0,-1,N78,2058-11,1,0,1,0,0,0,0,0
622,2304133,0:07,1,65,0,1,8,0,5,1,0,-1,F091,2035-10,1,1,1,0,0,0,0,0
627,2304134,0:07,1,37,1,1,8,0,5,0,0,-1,N12,2065-10,1,1,1,0,0,0,0,0
632,2304135,0:05,1,43,1,1,16,0,2,0,0,-1,N56,2056-03,1,1,1,0,0,0,0,0
643,2304136,0:18,1,62,0,1,10,0,0,1,0,-1,F091,2017-09,1,1,1,0,0,0,0,0
646,2304139,0:05,1,52,0,1,10,0,5,0,0,-1,0,-1,1,1,1,0,0,0,0,0
648,2304140,0:09,1,63,0,1,0,0,5,1,0,-1,N97,2042-08,1,0,1,0,0,0,0,0
654,2304141,0:10,1,60,1,1,0,0,5,0,0,-1,N56,2040-01,1,0,1,0,0,0,0,0
662,2304146,0:08,1,30,1,1,12,0,5,0,0,-1,N56,2073-01,1,1,1,0,0,0,0,0
668,2304147,0:06,1,39,1,1,10,0,5,0,0,-1,N51,2059-10,1,1,1,0,0,0,0,0
671,2304148,0:05,1,42,1,1,10,0,5,0,0,-1,N53,2053-11,1,1,1,0,0,0,0,0
672,2304149,0:05,1,50,0,1,9,0,5,1,0,-1,0,-1,1,1,1,0,0,0,0,0
675,2304150,0:10,1,58,1,1,0,0,5,0,0,-1,N56,2036-02,1,0,1,0,0,0,0,0
681,2304151,0:03,1,35,1,1,10,0,5,0,0,-1,N78,2064-08,1,1,1,0,0,0,0,0
686,2304152,0:06,1,28,1,1,10,0,5,0,0,-1,N56,2071-11,1,1,1,0,0,0,0,0
690,2304154,0:07,1,47,0,1,8,0,5,0,0,-1,0,-1,1,1,1,0,0,0,0,0
692,2304155,0:07,1,44,0,1,3,0,5,1,0,-1,0,-1,3,0,0,0,1,0,0,0
699,2304157,0:13,1,68,0,1,7,0,5,0,0,-1,N65,2023-11,4,1,0,0,0,1,0,0
708,2304158,0:11,1,38,0,1,5,0,5,1,0,-1,N61,2052-04,5,0,0,0,0,0,1,0
714,2304162,0:07,1,33,1,1,4,0,5,0,0,-1,N08,2063-08,3,0,0,0,1,0,0,0
720,2304163,0:08,1,44,0,1,4,0,5,0,0,-1,0,-1,3,0,0,0,1,0,0,0
725,2304164,0:08,1,29,1,1,8,0,5,1,0,-1,N56,2068-02,3,1,0,0,1,0,0,0
731,2304166,0:11,1,42,0,1,4,0,5,1,0,-1,0,-1,3,0,0,0,1,0,0,0
737,2304167,0:08,1,45,1,1,0,0,5,0,0,-1,N56,2049-10,3,0,0,0,1,0,0,0
744,2304170,0:12,1,33,1,1,1,0,5,0,0,-1,0,-1,3,0,0,0,1,0,0,0
749,2304173,0:09,1,69,1,3,0,0,5,0,0,-1,N68,2059-06,3,0,0,0,1,0,0,0
755,2304174,0:12,1,57,0,1,12,0,5,1,0,-1,N67,2046-10,1,1,1,0,0,0,0,0
760,2304175,0:06,1,46,0,1,7,0,5,1,0,-1,N68,2054-10,3,1,0,0,1,0,0,0
764,2304176,0:06,1,50,1,3,0,0,1,1,0,-1,F091,2066-01,1,0,1,0,0,0,0,0
769,2304177,0:10,1,46,1,1,8,0,5,0,0,-1,N56,2049-01,1,1,1,0,0,0,0,0
774,2309002,0:05,1,46,0,1,4,0,1,0,0,-1,N37,2065-05,3,0,0,0,1,0,0,0
782,2309004,0:07,1,48,1,1,10,0,5,1,0,-1,F091,2052-08,1,1,1,0,0,0,0,0
785,2309014,0:05,1,38,1,1,14,0,1,0,0,-1,N56,2058-11,1,1,1,0,0,0,0,0
788,2309016,0:05,1,46,0,1,10,0,1,0,0,-1,0,-1,1,1,1,0,0,0,0,0
793,2309021,0:03,1,40,1,1,10,0,1,0,0,-1,N56,2060-03,1,1,1,0,0,0,0,0
795,2309022,0:04,1,35,1,1,9,0,1,0,0,-1,N56,2061-06,1,1,1,0,0,0,0,0
799,2309029,0:06,1,45,1,1,5,0,5,0,0,-1,N68,2070-01,1,0,1,0,0,0,0,0
803,2309030,0:05,1,68,0,3,8,0,5,0,0,-1,N64,2018,1,1,1,0,0,0,0,0
807,2309032,0:07,1,68,1,3,0,0,6,0,0,-1,N67,2017-11,1,0,1,0,0,0,0,0
812,2309033,0:05,1,52,0,1,9,0,5,0,0,-1,0,-1,1,1,1,0,0,0,0,0
817,2309036,0:08,1,54,1,1,5,0,5,0,0,-1,N61,2038-02,1,0,1,0,0,0,0,0
822,2309037,0:05,1,56,0,1,10,0,5,1,0,-1,0,-1,1,1,1,0,0,0,0,0
826,2309039,0:05,1,48,0,1,10,0,5,1,0,-1,N10,2060-12,2,1,0,1,0,0,0,0
831,2309041,0:07,1,40,1,1,12,0,5,0,0,-1,N64,2056-10,1,1,1,0,0,0,0,0
837,2309042,0:12,1,56,1,1,10,0,5,0,0,-1,N67,2043-03,1,1,1,0,0,0,0,0
838,2309045,0:04,1,58,1,1,0,0,5,0,0,-1,N79,2072-01,1,0,1,0,0,0,0,0
843,2309053,0:10,1,35,1,1,0,0,5,0,0,-1,N57,2066-11,2,0,0,1,0,0,0,0
849,2309054,0:07,1,55,0,3,0,0,3,0,0,-1,0,-1,5,0,0,0,0,0,1,0
854,2309055,0:10,1,74,0,1,5,0,5,0,0,-1,N57,2036-02,1,0,1,0,0,0,0,0
860,2309056,0:08,1,36,1,1,3,0,5,0,0,-1,0,-1,6,0,0,0,0,0,0,1
866,2309057,0:07,1,38,1,1,14,0,2,0,0,-1,N62,2067-08,2,1,0,1,0,0,0,0
870,2309059,0:04,1,36,1,1,7,0,5,0,0,-1,0,-1,1,1,1,0,0,0,0,0
872,2309067,0:05,1,42,1,1,0,0,5,0,0,-1,N56,2065-07,5,0,0,0,0,0,1,0
875,2309068,0:04,1,55,1,1,0,0,5,0,0,-1,N56,2050-02,3,0,0,0,1,0,0,0
879,2309070,0:03,1,47,1,1,5,0,5,0,0,-1,N56,2072-09,1,0,1,0,0,0,0,0
884,2309071,0:10,1,24,1,1,5,0,5,0,0,-1,0,-1,6,0,0,0,0,0,0,1
888,2309074,0:07,1,71,1,3,0,0,5,0,0,-1,0,-1,6,0,0,0,0,0,0,1
892,2309075,0:05,1,55,1,2,5,0,5,0,0,-1,N64,2043-02,1,0,1,0,0,0,0,0
894,2309079,0:08,1,55,1,1,0,0,5,0,0,-1,N56,2036-01,5,0,0,0,0,0,1,0
903,2309080,0:04,1,30,1,1,9,0,5,0,0,-1,N56,2071-01,6,1,0,0,0,0,0,1
906,2309081,0:08,1,50,0,1,5,0,3,1,0,-1,0,-1,6,0,0,0,0,0,0,1
911,2309082,0:06,1,43,1,1,7,0,5,0,0,-1,N56,2054-11,6,1,0,0,0,0,0,1
914,2309083,0:08,1,38,1,1,3,0,5,0,0,-1,N56,2061-08,6,0,0,0,0,0,0,1
920,2309084,0:06,1,51,1,1,0,0,5,0,0,-1,N56,2036-01,6,0,0,0,0,0,0,1
924,2309085,0:10,1,57,0,1,0,0,5,0,0,-1,N56,2036-01,6,0,0,0,0,0,0,1
929,2309086,0:06,1,42,1,1,5,0,5,0,0,-1,N56,2045-08,1,0,1,0,0,0,0,0
932,2309087,0:09,1,18,1,1,5,0,5,0,0,-1,N56,2078-01,6,0,0,0,0,0,0,1
937,2309088,0:11,1,55,0,1,5,0,5,1,0,-1,N10,2045-10,2,0,0,1,0,0,0,0
941,2309089,0:07,1,62,1,1,0,0,5,0,0,-1,N65,2033-11,6,0,0,0,0,0,0,1
945,2309092,0:04,1,65,0,1,1,0,5,0,0,-1,N56,2036-01,6,0,0,0,0,0,0,1
947,2309093,0:04,1,67,0,1,0,0,5,0,0,-1,N62,2036-09,4,0,0,0,0,1,0,0
948,2309094,0:10,1,63,1,3,0,0,5,0,0,-1,N10,2031,2,0,0,1,0,0,0,0
957,2309097,0:07,1,33,0,1,12,0,2,1,0,-1,F091,2066-12,1,1,1,0,0,0,0,0
961,2309098,0:10,1,28,1,1,10,0,5,0,0,-1,N68,2070-01,1,1,1,0,0,0,0,0
963,2309100,0:10,1,40,1,1,3,0,1,1,0,-1,0,-1,1,0,1,0,0,0,0,0
967,2309101,0:07,1,44,1,1,0,0,1,0,0,-1,F091,2066-10,3,0,0,0,1,0,0,0
971,2309102,0:05,1,56,1,3,0,0,0,0,0,-1,0,-1,3,0,0,0,1,0,0,0
977,2309127,0:06,1,42,0,1,5,0,3,1,0,-1,N56,2058-04,2,0,0,1,0,0,0,0
982,2309128,0:10,1,48,1,1,0,0,5,0,0,-1,N08,2036-10,2,0,0,1,0,0,0,0
990,2309133,0:06,1,44,1,1,0,0,5,0,0,-1,N56,2050-11,3,0,0,0,1,0,0,0
1001,2309134,0:09,1,40,0,1,10,0,5,1,0,-1,N88,2056-10,2,1,0,1,0,0,0,0
1002,2309139,0:05,1,45,1,1,0,0,5,0,0,-1,N56,2052-12,1,0,1,0,0,0,0,0
1004,2309140,0:12,1,49,1,1,0,0,5,0,0,-1,N65,2036-03,2,0,0,1,0,0,0,0
1014,2309141,0:06,1,29,1,1,8,0,5,0,0,-1,N75,2074-11,2,1,0,1,0,0,0,0
1016,2309147,0:04,1,52,1,3,0,0,5,0,0,-1,N56,2049-08,2,0,0,1,0,0,0,0
1019,2309150,0:05,1,47,1,1,2,0,2,0,0,-1,N61,2049-04,2,0,0,1,0,0,0,0
1021,2309151,0:04,1,59,1,3,0,0,5,0,0,-1,0,-1,2,0,0,1,0,0,0,0
1025,2309152,0:04,1,37,1,1,5,0,5,0,0,-1,N78,2058-08,2,0,0,1,0,0,0,0
1034,2309154,0:05,1,27,1,1,9,0,5,0,0,-1,0,-1,2,1,0,1,0,0,0,0
1036,2309155,0:04,1,57,1,1,0,0,5,0,0,-1,0,-1,4,0,0,0,0,1,0,0
1039,2309158,0:13,1,56,1,1,2,0,5,0,0,-1,N56,2036-04,5,0,0,0,0,0,1,0
1046,2309159,0:08,1,56,1,1,0,0,5,0,0,-1,N78,2038-10,5,0,0,0,0,0,1,0
1053,2309160,0:06,1,33,1,1,5,0,3,0,0,-1,N56,2069-06,5,0,0,0,0,0,1,0
1059,2309163,0:07,1,39,0,1,10,0,3,1,0,-1,0,-1,5,1,0,0,0,0,1,0
1062,2309165,0:05,1,44,0,1,5,0,5,1,0,-1,N56,2053-10,5,0,0,0,0,0,1,0
1063,2309170,0:03,1,45,1,1,0,0,5,0,0,-1,N78,2049-06,5,0,0,0,0,0,1,0
1069,2309171,0:06,1,31,0,1,12,0,3,1,0,-1,0,-1,5,1,0,0,0,0,1,0
1073,2309174,0:05,1,30,1,1,0,0,3,1,0,-1,0,-1,6,0,0,0,0,0,0,1
1078,2309183,0:08,1,42,0,1,1,0,3,1,0,-1,0,-1,5,0,0,0,0,0,1,0
1084,2309184,0:08,1,45,0,1,0,0,5,1,0,-1,0,-1,3,0,0,0,1,0,0,0
1086,2309185,0:04,1,35,0,1,0,0,5,1,0,-1,0,-1,3,0,0,0,1,0,0,0
1093,2309187,0:10,1,22,1,1,8,0,5,0,0,-1,N78,2074-01,3,1,0,0,1,0,0,0
1098,2309189,0:10,1,20,1,0,8,0,5,0,0,-1,0,-1,5,1,0,0,0,0,1,0
1101,2309191,0:05,1,45,1,1,5,0,5,0,0,-1,N68,2069-01,1,0,1,0,0,0,0,0
1105,2309192,0:05,1,40,1,1,7,0,5,0,0,-1,N68,2062-08,1,1,1,0,0,0,0,0
1110,2309196,0:07,1,65,0,1,0,0,5,0,0,-1,N61,2017-03,1,0,1,0,0,0,0,0
1122,2309197,0:09,1,42,1,1,10,0,5,0,0,-1,N56,2061-03,1,1,1,0,0,0,0,0
1125,2309198,0:11,1,43,1,1,0,0,5,0,0,-1,N63,2048-10,1,0,1,0,0,0,0,0
1134,2309199,0:08,1,43,0,1,10,0,3,0,0,-1,N56,2038-12,2,1,0,1,0,0,0,0
1139,2309204,0:05,1,35,1,1,7,0,5,0,0,-1,N78,2060-11,1,1,1,0,0,0,0,0
1145,2309205,0:06,1,48,0,1,7,0,5,0,0,-1,N71,2036-04,1,1,1,0,0,0,0,0
1151,2309207,0:06,1,44,1,1,10,0,5,0,0,-1,0,-1,2,1,0,1,0,0,0,0
1153,2309208,0:07,1,41,1,1,9,0,5,0,0,-1,N63,2077-08,1,1,1,0,0,0,0,0
1157,2309211,0:08,1,48,1,1,10,0,5,0,0,-1,N56,2051-01,1,1,1,0,0,0,0,0
1164,2309212,0:09,1,54,1,1,3,0,5,1,0,-1,N93,2060-08,1,0,1,0,0,0,0,0
1169,2309214,0:06,1,45,1,1,7,0,5,0,0,-1,N68,2060-02,1,1,1,0,0,0,0,0
1173,2309217,0:05,1,50,1,1,0,0,5,0,0,-1,N68,2049-11,1,0,1,0,0,0,0,0
1183,2309218,0:07,1,28,1,1,10,0,6,0,0,-1,N56,2070-11,5,1,0,0,0,0,1,0
1186,2309219,0:05,1,40,1,1,8,0,5,0,0,-1,N68,2074-01,1,1,1,0,0,0,0,0
1188,2309222,0:10,1,55,1,1,0,0,5,0,0,-1,N56,2045-01,5,0,0,0,0,0,1,0
1194,2309227,0:05,1,57,0,1,9,0,5,0,0,-1,N67,2062-10,1,1,1,0,0,0,0,0
1200,2309228,0:05,1,49,0,1,0,0,5,1,0,-1,0,-1,5,0,0,0,0,0,1,0
1205,2309229,0:07,1,45,0,1,6,0,3,1,0,-1,0,-1,5,1,0,0,0,0,1,0
1208,2309232,0:13,1,67,0,1,5,0,5,0,0,-1,N68,2051-01,1,0,1,0,0,0,0,0
1214,2309233,0:05,1,46,0,1,12,0,5,0,0,-1,N68,2049-12,1,1,1,0,0,0,0,0
1217,2605003,0:09,1,56,1,1,10,0,6,1,0,-1,N56,2040-11,1,1,1,0,0,0,0,0
1222,2605004,0:08,1,68,0,1,1,0,5,1,0,-1,N65,2066-10,1,0,1,0,0,0,0,0
1228,2605005,0:04,1,51,0,1,8,0,1,0,0,-1,0,-1,1,1,1,0,0,0,0,0
1230,2605009,0:09,1,57,1,3,0,0,5,0,0,-1,N49,2069-09,1,0,1,0,0,0,0,0
1235,2605016,0:08,1,23,1,1,9,0,5,0,0,-1,N64,2073-01,2,1,0,1,0,0,0,0
1239,2605017,0:10,1,43,1,1,0,0,5,0,0,-1,N64,2050-08,2,0,0,1,0,0,0,0
1246,2605018,0:04,1,70,1,1,0,0,5,0,0,-1,N63,2028-12,2,0,0,1,0,0,0,0
1250,2605019,0:14,1,69,0,1,5,0,5,0,0,-1,N63,2021-01,2,0,0,1,0,0,0,0
1258,2605021,0:05,1,39,1,1,12,0,2,0,0,-1,N64,2060-01,2,1,0,1,0,0,0,0
1262,2605022,0:05,1,31,1,1,10,0,5,0,0,-1,N63,2069-03,2,1,0,1,0,0,0,0
1266,2605023,0:04,1,32,0,1,10,0,3,1,0,-1,N67,2076-01,1,1,1,0,0,0,0,0
1269,2605024,0:06,1,56,0,1,5,0,5,1,0,-1,N63,2025-12,2,0,0,1,0,0,0,0
1272,2605025,0:05,1,42,0,1,10,0,2,1,0,-1,F091,2049-12,1,1,1,0,0,0,0,0
1277,2605026,0:06,1,42,0,1,10,0,2,1,F971,2069-07,N56,2075-01,1,1,1,0,0,0,0,0
1280,2605027,0:04,1,82,0,1,0,0,5,1,0,-1,N67,2049-12,1,0,1,0,0,0,0,0
1282,2605029,0:04,1,68,0,1,10,0,5,1,0,-1,N67,2061-07,1,1,1,0,0,0,0,0
1286,2605030,0:08,1,42,1,1,10,0,5,0,0,-1,N56,2058-02,1,1,1,0,0,0,0,0
1292,2605031,0:08,1,52,1,1,10,0,5,0,0,-1,N63,2049-10,2,1,0,1,0,0,0,0
1296,2605032,0:09,1,55,0,1,4,0,5,1,0,-1,0,-1,2,0,0,1,0,0,0,0
1303,2605033,0:10,1,50,0,1,5,0,1,1,0,-1,0,-1,1,0,1,0,0,0,0,0
1311,2605042,0:05,1,26,1,1,14,PII,4,0,0,-1,N84,2077-04,1,1,1,0,0,0,0,0
1317,2605045,0:09,1,23,1,0,14,PII,4,0,0,-1,N56,2067-01,3,1,0,0,1,0,0,0
1320,2605046,0:05,1,75,0,1,9,0,5,0,0,-1,N62,2060-07,1,1,1,0,0,0,0,0
1323,2605048,0:05,1,43,1,1,3,0,2,0,0,-1,N63,2062,1,0,1,0,0,0,0,0
1327,2605049,0:10,1,49,1,1,0,0,5,0,0,-1,N65,2057-01,2,0,0,1,0,0,0,0
1335,2605050,0:05,1,28,0,1,8,0,5,1,0,-1,0,-1,1,1,1,0,0,0,0,0
1339,2605051,0:03,1,54,1,1,0,0,5,0,0,-1,N56,2038,1,0,1,0,0,0,0,0
1347,2605052,0:10,1,25,1,0,12,PII,4,0,0,-1,N65,2070-01,2,1,0,1,0,0,0,0
1350,2605053,0:03,1,61,1,3,0,0,5,1,0,-1,F091,2051,1,0,1,0,0,0,0,0
1354,2605055,0:03,1,33,1,1,7,0,5,1,0,-1,F091,2064-08,2,1,0,1,0,0,0,0
1360,2605056,0:06,1,40,1,1,10,0,5,0,0,-1,N56,2061-01,1,1,1,0,0,0,0,0
1365,2605058,0:08,1,40,1,1,12,0,6,0,0,-1,N56,2063-11,1,1,1,0,0,0,0,0
1372,2605059,0:10,1,44,1,1,10,0,5,1,0,-1,N63,2072-04,1,1,1,0,0,0,0,0
1375,2605061,0:12,1,72,0,1,0,0,5,0,0,-1,N63,2075-11,1,0,1,0,0,0,0,0
1383,2605062,0:08,1,53,0,1,8,0,5,1,0,-1,N63,2068-01,1,1,1,0,0,0,0,0
1386,2605064,0:05,1,43,0,1,8,0,5,1,0,-1,N67,2066-12,1,1,1,0,0,0,0,0
1389,2605065,0:05,1,30,1,1,8,0,5,0,0,-1,N56,2069-11,1,1,1,0,0,0,0,0
1392,2605066,0:07,1,45,1,3,0,0,5,1,0,-1,N65,2068-10,1,0,1,0,0,0,0,0
1397,2605067,0:06,1,35,1,1,10,0,5,0,0,-1,N67,2072-01,1,1,1,0,0,0,0,0
1403,2605068,0:12,1,40,1,1,7,0,5,0,0,-1,N63,2068-02,1,1,1,0,0,0,0,0
1408,2605076,0:14,1,57,0,1,12,0,5,0,0,-1,0,-1,1,1,1,0,0,0,0,0
1412,2605078,0:09,1,49,0,1,5,0,1,1,0,-1,N63,2062-09,1,0,1,0,0,0,0,0
1416,2605080,0:03,1,40,1,1,10,0,5,1,0,-1,N67,2068-09,1,1,1,0,0,0,0,0
1419,2605081,0:04,1,66,1,1,0,0,5,0,0,-1,N64,2017-02,2,0,0,1,0,0,0,0
1425,2605083,0:09,1,31,0,1,12,0,0,1,0,-1,N49,2048-08,1,1,1,0,0,0,0,0
1429,2605084,0:05,1,46,1,1,4,0,5,0,0,-1,N56,2069-01,2,0,0,1,0,0,0,0
1435,2605085,0:04,1,30,1,1,4,0,5,0,0,-1,N65,2072-10,2,0,0,1,0,0,0,0
1441,2605086,0:07,1,22,0,0,12,PII,4,0,0,-1,N64,2073-02,3,1,0,0,1,0,0,0
1445,2605089,0:06,1,36,1,1,10,0,5,0,0,-1,N63,2069-03,1,1,1,0,0,0,0,0
1447,2610001,0:04,1,54,1,1,0,0,5,0,0,-1,0,-1,3,0,0,0,1,0,0,0
1450,2610002,0:06,1,38,1,1,0,0,5,0,0,-1,N64,2057-11,3,0,0,0,1,0,0,0
1457,2610003,0:04,1,40,1,0,8,0,5,0,0,-1,0,-1,3,1,0,0,1,0,0,0
1459,2610004,0:03,1,85,0,1,0,0,5,0,0,-1,N10,2042-01,2,0,0,1,0,0,0,0
1463,2610005,0:07,1,37,1,1,6,0,5,0,0,-1,N56,2066-10,5,1,0,0,0,0,1,0
1467,2610007,0:05,1,31,0,1,5,0,5,1,0,-1,0,-1,5,0,0,0,0,0,1,0
1468,2610009,0:06,1,50,1,1,0,0,5,0,0,-1,N56,2047-03,5,0,0,0,0,0,1,0
1473,2610010,0:06,1,26,1,1,12,0,5,0,0,-1,N78,2073-02,5,1,0,0,0,0,1,0
1475,2610011,0:07,1,74,1,1,0,0,5,0,0,-1,N65,2032-02,2,0,0,1,0,0,0,0
1482,2610012,0:08,1,42,1,1,3,0,5,0,0,-1,0,-1,5,0,0,0,0,0,1,0
1489,2610013,0:07,1,36,1,1,8,0,5,0,0,-1,N56,2069-01,5,1,0,0,0,0,1,0
1492,2610014,0:06,1,34,1,1,7,0,5,0,0,-1,N78,2071-01,5,1,0,0,0,0,1,0
1496,2610015,0:10,1,26,0,0,10,0,1,0,0,-1,0,-1,5,1,0,0,0,0,1,0
1501,2610017,0:06,1,43,0,1,10,0,5,1,0,-1,0,-1,5,1,0,0,0,0,1,0
1504,2610018,0:08,1,51,0,0,10,0,2,1,F971,2069-05,0,-1,5,1,0,0,0,0,1,0
1509,2610019,0:07,1,39,0,1,8,0,5,0,0,-1,0,-1,5,1,0,0,0,0,1,0
1517,2610020,0:13,1,38,0,1,7,0,0,1,0,-1,0,-1,5,1,0,0,0,0,1,0
1519,2610021,0:05,1,59,1,1,0,0,5,0,0,-1,N78,2040-01,5,0,0,0,0,0,1,0
1523,2610022,0:03,1,30,1,1,9,0,5,0,0,-1,N56,2068-11-12,5,1,0,0,0,0,1,0
1525,2610023,0:07,1,50,0,1,0,0,5,0,0,-1,0,-1,5,0,0,0,0,0,1,0
1529,2610024,0:05,1,50,1,1,0,0,5,0,0,-1,N56,2049-11,5,0,0,0,0,0,1,0
1534,2610025,0:10,1,40,0,1,7,0,5,1,0,-1,0,-1,5,1,0,0,0,0,1,0
1536,2610026,0:03,1,35,1,1,0,0,5,0,0,-1,0,-1,5,0,0,0,0,0,1,0
1541,2610027,0:05,1,36,0,1,8,0,2,1,F966,2078-06,0,-1,5,1,0,0,0,0,1,0
1544,2610028,0:03,1,64,0,1,10,0,5,0,0,-1,0,-1,5,1,0,0,0,0,1,0
1550,2610029,0:05,1,31,1,1,8,0,5,0,0,-1,N12,2068-08,1,1,1,0,0,0,0,0
1554,2610031,0:10,1,70,0,1,3,0,5,0,0,-1,0,-1,5,0,0,0,0,0,1,0
1562,2610032,0:04,1,38,0,1,10,0,1,1,0,-1,0,-1,5,1,0,0,0,0,1,0
1563,2610033,0:07,1,49,1,1,0,0,5,0,0,-1,N55,2067-05,5,0,0,0,0,0,1,0
1568,2610034,0:15,1,28,0,1,12,0,1,0,0,-1,0,-1,5,1,0,0,0,0,1,0
1573,2610035,0:10,1,33,1,1,7,0,5,0,0,-1,N56,2061-01,5,1,0,0,0,0,1,0
1580,2610036,0:13,1,37,1,1,6,0,5,0,0,-1,N56,2065-01,5,1,0,0,0,0,1,0
1586,2610037,0:05,1,42,0,1,9,0,5,1,0,-1,0,-1,5,1,0,0,0,0,1,0
1592,2610038,0:13,1,48,0,1,10,0,5,1,0,-1,0,-1,5,1,0,0,0,0,1,0
1595,2610040,0:06,1,45,0,1,10,0,5,1,0,-1,0,-1,5,1,0,0,0,0,1,0
1600,2610041,0:06,1,53,0,1,14,0,5,0,0,-1,0,-1,5,1,0,0,0,0,1,0
1606,2610042,0:08,1,53,0,1,14,0,5,1,0,-1,0,-1,5,1,0,0,0,0,1,0
1607,2610043,0:05,1,64,0,1,12,0,1,0,0,-1,0,-1,5,1,0,0,0,0,1,0
1612,2610044,0:06,1,50,1,1,0,0,5,0,0,-1,0,-1,5,0,0,0,0,0,1,0
1616,2610045,0:06,1,41,1,1,5,0,5,0,0,-1,N71,2055-10,5,0,0,0,0,0,1,0
1620,2610046,0:05,1,41,0,1,10,0,5,1,0,-1,0,-1,5,1,0,0,0,0,1,0
1625,2610047,0:04,1,40,0,1,10,0,5,1,0,-1,0,-1,5,1,0,0,0,0,1,0
1627,2610048,0:12,1,62,1,1,0,0,5,0,0,-1,N56,2032-10,5,0,0,0,0,0,1,0
1631,2610049,0:05,1,53,1,1,0,0,5,0,0,-1,N56,2040,5,0,0,0,0,0,1,0
1635,2610050,0:11,1,60,1,1,0,0,5,0,0,-1,0,-1,5,0,0,0,0,0,1,0
1641,2610051,0:05,1,30,1,1,12,0,5,0,0,-1,0,-1,5,1,0,0,0,0,1,0
1646,2610052,0:04,1,34,1,1,12,0,5,0,0,-1,N56,2063-11,5,1,0,0,0,0,1,0
1648,2610053,0:07,1,32,1,1,0,0,5,0,0,-1,N78,2067-01,5,0,0,0,0,0,1,0
1652,2610054,0:06,1,33,1,1,6,0,5,0,0,-1,0,-1,5,1,0,0,0,0,1,0
1661,2610055,0:05,1,40,0,1,10,0,5,0,0,-1,0,-1,5,1,0,0,0,0,1,0
1664,2610056,0:05,1,51,0,1,7,0,5,0,0,-1,0,-1,5,1,0,0,0,0,1,0
1671,2610057,0:08,1,28,1,1,10,0,5,0,0,-1,N78,2069-03,5,1,0,0,0,0,1,0
1674,2610058,0:06,1,27,1,1,10,0,5,0,0,-1,N78,2070-08,5,1,0,0,0,0,1,0
1678,2610059,0:09,1,24,1,1,8,0,5,0,0,-1,N56,2074-11,5,1,0,0,0,0,1,0
1686,2610060,0:10,1,25,1,1,9,0,5,0,0,-1,N56,2074-10,5,1,0,0,0,0,1,0
1688,2610061,0:11,1,50,1,1,0,0,5,0,0,-1,N78,2048-01,5,0,0,0,0,0,1,0
1693,2610062,0:08,1,60,1,1,0,0,5,0,0,-1,0,-1,5,0,0,0,0,0,1,0
1697,2610063,0:10,1,58,1,1,0,0,5,0,0,-1,N62,2068-08,5,0,0,0,0,0,1,0
1703,2610064,0:09,1,49,1,1,0,0,5,0,0,-1,0,-1,5,0,0,0,0,0,1,0
1709,2610066,0:08,1,53,1,1,0,0,5,0,0,-1,N56,2045-02,5,0,0,0,0,0,1,0
1713,2610067,0:07,1,56,0,1,0,0,5,0,0,-1,0,-1,5,0,0,0,0,0,1,0
1719,2610068,0:08,1,41,0,1,10,0,5,1,0,-1,0,-1,5,1,0,0,0,0,1,0
1720,2610070,0:06,1,49,1,1,0,0,5,0,0,-1,N78,2050-01,5,0,0,0,0,0,1,0
1723,2610071,0:05,1,38,1,1,3,0,5,0,0,-1,N56,2060-02,5,0,0,0,0,0,1,0
1729,2610072,0:07,1,39,0,1,11,0,1,1,0,-1,0,-1,5,1,0,0,0,0,1,0
1733,2610073,0:06,1,34,0,1,10,0,5,1,0,-1,0,-1,5,1,0,0,0,0,1,0
1737,2610074,0:08,1,55,0,1,0,0,5,0,0,-1,0,-1,5,0,0,0,0,0,1,0
1744,2610075,0:05,1,30,1,1,10,0,5,0,0,-1,N78,2068-08,5,1,0,0,0,0,1,0
1748,2610076,0:08,1,34,1,1,10,0,2,0,0,-1,N78,2070-08,5,1,0,0,0,0,1,0
1752,2610077,0:09,1,46,1,1,6,0,5,0,0,-1,0,-1,5,1,0,0,0,0,1,0
1757,2610078,0:10,1,45,1,1,0,0,5,0,0,-1,N56,2056-01,5,0,0,0,0,0,1,0
1765,2610079,0:09,1,42,1,1,7,0,5,0,0,-1,N78,2058-11,5,1,0,0,0,0,1,0
1773,2610081,0:06,1,25,0,1,12,PII,4,0,0,-1,0,-1,5,1,0,0,0,0,1,0
1776,2610083,0:02,1,54,0,1,4,0,5,1,0,-1,N56,2072-11,5,0,0,0,0,0,1,0
1781,2610084,0:09,1,28,0,0,10,0,5,1,0,-1,0,-1,1,1,1,0,0,0,0,0
1785,2610085,0:07,1,61,0,1,10,0,5,1,0,-1,F091,2018-01,3,1,0,0,1,0,0,0
1789,2610086,0:08,1,53,1,1,0,0,5,0,0,-1,0,-1,1,0,1,0,0,0,0,0
1794,2610087,0:20,1,43,1,1,5,0,5,0,0,-1,N10,2053-04,2,0,0,1,0,0,0,0
1800,2610088,0:05,1,39,1,1,1,0,5,0,0,-1,N62,2060-11,3,0,0,0,1,0,0,0
1804,2610090,0:05,1,62,0,1,4,0,5,0,0,-1,N23,2052-09,2,0,0,1,0,0,0,0
1808,2610091,0:07,1,56,0,1,2,0,5,0,0,-1,0,-1,3,0,0,0,1,0,0,0
1813,2610092,0:05,1,53,0,1,0,0,5,0,0,-1,0,-1,5,0,0,0,0,0,1,0
1819,2610093,0:10,1,29,1,1,9,0,5,0,0,-1,N56,2070-06,6,1,0,0,0,0,0,1
1823,2610095,0:03,1,39,1,1,4,0,2,0,0,-1,N67,2050-02,2,0,0,1,0,0,0,0
1826,2610100,0:06,1,32,1,1,4,0,6,0,0,-1,N56,2068-09,6,0,0,0,0,0,0,1
1831,2610101,0:09,1,29,1,1,6,0,6,0,0,-1,N56,2073-03,3,1,0,0,1,0,0,0
1839,2610102,0:06,1,27,1,1,8,0,5,0,0,-1,N56,2070-10,3,1,0,0,1,0,0,0
1842,2610103,0:08,1,45,1,1,4,0,5,0,0,-1,N56,2055-10,1,0,1,0,0,0,0,0
1845,2610104,0:09,1,77,0,1,0,0,5,0,0,-1,N64,2021-10,3,0,0,0,1,0,0,0
1847,2610105,0:07,1,49,1,1,0,0,5,0,0,-1,N78,2055-01,3,0,0,0,1,0,0,0
1850,2610106,0:05,1,38,1,1,3,0,5,1,0,-1,0,-1,3,0,0,0,1,0,0,0
1855,2610107,0:09,1,43,1,1,10,0,5,0,0,-1,0,-1,2,1,0,1,0,0,0,0
1859,2610108,0:07,1,39,1,1,7,0,5,0,0,-1,0,-1,2,1,0,1,0,0,0,0
1862,2610109,0:10,1,72,1,3,0,0,5,0,0,-1,N62,2025-08,2,0,0,1,0,0,0,0
1870,2610111,0:05,1,60,0,1,4,0,1,0,0,-1,N62,2045-10,2,0,0,1,0,0,0,0
1875,2610118,0:06,1,21,1,1,9,0,6,0,0,-1,N65,2074-11,1,1,1,0,0,0,0,0
1880,2610119,0:08,1,21,1,1,8,0,6,0,0,-1,N78,2073-08,1,1,1,0,0,0,0,0
1885,2610123,0:05,1,36,1,1,5,0,5,0,0,-1,N56,2076-06,3,0,0,0,1,0,0,0
1887,2610124,0:07,1,39,1,1,0,0,2,0,0,-1,N78,2067-12,3,0,0,0,1,0,0,0
1893,2611001,0:06,1,35,1,1,12,0,5,0,0,-1,N65,2073-02,4,1,0,0,0,1,0,0
1899,2611002,0:06,1,43,0,1,7,0,2,1,F966,2062-06,0,-1,5,1,0,0,0,0,1,0
1904,2611003,0:07,1,40,0,1,10,0,5,1,F974,2064-12,0,-1,5,1,0,0,0,0,1,0
1907,2611004,0:06,1,44,1,1,8,0,5,0,0,-1,0,-1,5,1,0,0,0,0,1,0
1911,2611005,0:07,1,50,0,1,6,0,5,1,F974,2064-02,0,-1,5,1,0,0,0,0,1,0
1918,2611006,0:15,1,43,1,1,10,0,5,0,0,-1,0,-1,1,1,1,0,0,0,0,0
1927,2611007,0:09,1,60,0,1,8,0,5,1,0,-1,N65,2075-10,4,1,0,0,0,1,0,0
1930,2611008,0:09,1,46,1,1,0,0,5,0,0,-1,0,-1,3,0,0,0,1,0,0,0
1934,2611009,0:08,1,45,0,1,10,0,1,1,0,-1,N65,2073-12,2,1,0,1,0,0,0,0
1938,2611010,0:05,1,41,0,1,8,0,5,0,0,-1,0,-1,5,1,0,0,0,0,1,0
1941,2611011,0:06,1,28,1,1,3,0,5,0,0,-1,0,-1,5,0,0,0,0,0,1,0
1947,2611012,0:05,1,56,0,1,10,0,5,1,0,-1,N56,2036-04,3,1,0,0,1,0,0,0
1952,2611013,0:07,1,25,1,1,7,0,5,0,0,-1,N56,2070-01,5,1,0,0,0,0,1,0
1958,2611014,0:06,1,27,1,1,10,0,5,0,0,-1,N61,2073-07,3,1,0,0,1,0,0,0
1960,2611015,0:07,1,37,1,1,3,0,5,1,0,-1,N79,2068-05,3,0,0,0,1,0,0,0
1965,2611016,0:05,1,37,1,1,12,0,5,0,0,-1,N56,2062-08,1,1,1,0,0,0,0,0
1968,2611017,0:05,1,36,1,1,9,0,5,0,0,-1,N56,2061-01,1,1,1,0,0,0,0,0
1971,2611018,0:04,1,68,0,1,0,0,5,0,0,-1,0,-1,5,0,0,0,0,0,1,0
1975,2611019,0:04,1,33,1,1,4,0,5,0,0,-1,N78,2074-01,5,0,0,0,0,0,1,0
1983,2611020,0:06,1,22,1,1,9,0,6,0,0,-1,N78,2075-07,5,1,0,0,0,0,1,0
1988,2611021,0:07,1,33,1,3,8,0,5,0,0,-1,N56,2062-01,5,1,0,0,0,0,1,0
1992,2611024,0:07,1,40,0,1,7,0,5,1,0,-1,0,-1,3,1,0,0,1,0,0,0
1995,2611025,0:07,1,29,1,1,5,0,5,0,0,-1,0,-1,3,0,0,0,1,0,0,0
1998,2611026,0:08,1,40,1,1,1,0,5,0,0,-1,N64,2060-11,3,0,0,0,1,0,0,0
2002,2611027,0:10,1,40,1,1,0,0,5,0,0,-1,N78,2054-11,3,0,0,0,1,0,0,0
2007,2611028,0:07,1,62,1,1,0,0,5,1,0,-1,N62,2031,3,0,0,0,1,0,0,0
2011,2611030,0:05,1,51,1,1,1,0,5,0,0,-1,N56,2046-03,3,0,0,0,1,0,0,0
2015,2611032,0:07,1,59,0,1,0,0,5,0,0,-1,0,-1,5,0,0,0,0,0,1,0
2020,2611033,0:03,1,44,0,1,10,0,5,1,0,-1,0,-1,5,1,0,0,0,0,1,0
2025,2611034,0:08,1,37,1,1,7,0,5,0,0,-1,N56,2072-01,5,1,0,0,0,0,1,0
2030,2611036,0:06,1,64,0,1,5,0,1,1,0,-1,N62,2020-01,1,0,1,0,0,0,0,0
2034,2611037,0:08,1,65,0,1,7,0,5,0,0,-1,0,-1,5,1,0,0,0,0,1,0
2040,2611038,0:13,1,50,0,1,0,0,5,0,0,-1,0,-1,5,0,0,0,0,0,1,0
2051,2611039,0:15,1,36,0,1,8,0,2,0,N44,2063-10,0,-1,5,1,0,0,0,0,1,0
2054,2611040,0:03,1,30,1,0,0,0,5,0,0,-1,0,-1,5,0,0,0,0,0,1,0
2056,2611041,0:12,1,62,1,1,1,0,5,0,0,-1,N61,2047-03,1,0,1,0,0,0,0,0
2063,2611042,0:17,1,36,1,1,8,0,5,0,0,-1,0,-1,5,1,0,0,0,0,1,0
2067,2611044,0:09,1,57,1,1,0,0,5,0,0,-1,0,-1,5,0,0,0,0,0,1,0
2074,2611045,0:07,1,65,0,1,0,0,5,0,0,-1,0,-1,5,0,0,0,0,0,1,0
2076,2611046,0:04,1,56,1,1,0,0,5,0,0,-1,N56,2038,1,0,1,0,0,0,0,0
2078,2611049,0:08,1,60,1,1,0,0,5,0,0,-1,N56,2039-06,5,0,0,0,0,0,1,0
2086,2611051,0:05,1,36,1,1,10,0,5,0,0,-1,0,-1,5,1,0,0,0,0,1,0
2091,2611052,0:10,1,27,1,1,5,0,5,0,0,-1,N56,2067-08,1,0,1,0,0,0,0,0
2095,2611053,0:08,1,40,1,1,7,0,5,0,0,-1,N56,2066-02,5,1,0,0,0,0,1,0
2098,2611054,0:06,1,50,0,1,7,0,5,1,0,-1,0,-1,5,1,0,0,0,0,1,0
2101,2611056,0:25,1,61,1,3,0,0,5,1,0,-1,N65,2022-02,1,0,1,0,0,0,0,0
2112,2611058,0:04,1,59,0,1,8,0,5,1,0,-1,N62,2020-03,3,1,0,0,1,0,0,0
2115,2611060,0:10,1,26,1,1,7,0,5,0,0,-1,N56,2074-02,3,1,0,0,1,0,0,0
2121,2611061,0:08,1,29,1,1,9,0,5,0,0,-1,0,-1,2,1,0,1,0,0,0,0
2125,2611062,0:09,1,36,0,2,8,0,3,0,0,-1,0,-1,5,1,0,0,0,0,1,0
2127,2611063,0:17,1,62,0,1,0,0,5,0,0,-1,0,-1,5,0,0,0,0,0,1,0
2139,2611064,0:07,1,57,0,1,9,0,5,0,0,-1,0,-1,5,1,0,0,0,0,1,0
2144,2611065,0:10,1,57,1,3,0,0,6,0,0,-1,0,-1,5,0,0,0,0,0,1,0
2151,2611067,0:07,1,37,1,1,5,0,5,0,0,-1,N56,2062-08,5,0,0,0,0,0,1,0
2155,2611068,0:08,1,36,1,1,6,0,5,0,0,-1,N91,2059-09,5,1,0,0,0,0,1,0
2160,2611069,0:05,1,49,1,1,0,0,5,0,0,-1,0,-1,5,0,0,0,0,0,1,0
2165,2611070,0:04,1,57,1,3,0,0,5,0,0,-1,N56,2038-10,5,0,0,0,0,0,1,0
2169,2611071,0:06,1,22,1,1,11,0,5,0,0,-1,N55,2075-10,5,1,0,0,0,0,1,0
2171,2611072,0:06,1,37,1,1,5,0,5,0,0,-1,N56,2063-02,5,0,0,0,0,0,1,0
2177,2611073,0:10,1,30,1,1,8,0,6,0,0,-1,N56,2066-08,5,1,0,0,0,0,1,0
2184,2611074,0:09,1,59,0,1,0,0,5,0,N56,-1,0,-1,5,0,0,0,0,0,1,0
2191,2611075,0:03,1,40,0,1,5,0,5,0,0,-1,0,-1,5,0,0,0,0,0,1,0
2196,2611076,0:04,1,73,0,1,10,0,5,0,0,-1,0,-1,5,1,0,0,0,0,1,0
2198,2611077,0:15,1,28,1,1,0,0,5,0,0,-1,N78,2072-04,1,0,1,0,0,0,0,0
2211,2611078,0:13,1,28,1,1,10,0,6,0,0,-1,N53,2071-01,1,1,1,0,0,0,0,0
2215,2611080,0:10,1,73,0,1,8,0,5,0,0,-1,N64,2044-11,1,1,1,0,0,0,0,0
2222,2611081,0:05,1,29,1,1,12,0,6,0,0,-1,N56,2069-08,1,1,1,0,0,0,0,0
2224,2611083,0:06,1,36,1,1,12,0,5,0,0,-1,N68,2070-08,1,1,1,0,0,0,0,0
2230,2611084,0:08,1,61,0,1,7,0,2,1,0,-1,N63,2077-04,1,1,1,0,0,0,0,0
2233,2611085,0:09,1,79,0,1,0,0,5,0,0,-1,N65,2016-11,1,0,1,0,0,0,0,0
2238,2611086,0:06,1,34,1,1,5,0,5,0,0,-1,N56,2060-09,5,0,0,0,0,0,1,0
2245,2611087,0:04,1,43,0,1,9,0,5,1,0,-1,0,-1,5,1,0,0,0,0,1,0
2251,2611088,0:05,1,45,0,1,9,0,5,0,N56,-1,0,-1,5,1,0,0,0,0,1,0
2253,2611089,0:03,1,42,1,1,0,0,6,0,0,-1,0,-1,5,0,0,0,0,0,1,0
2264,2611090,0:09,1,33,0,1,5,0,2,1,0,-1,0,-1,5,0,0,0,0,0,1,0
2271,2611091,0:04,1,45,0,1,8,0,5,0,0,-1,0,-1,5,1,0,0,0,0,1,0
2275,2611092,0:06,1,60,1,3,0,0,5,0,0,-1,0,-1,5,0,0,0,0,0,1,0
2281,2611093,0:03,1,27,1,1,9,0,6,0,0,-1,N78,2052-10,5,1,0,0,0,0,1,0
2284,2611094,0:07,1,53,1,1,0,0,5,0,0,-1,0,-1,5,0,0,0,0,0,1,0
2293,2611095,0:09,1,38,0,1,10,0,5,1,N56,-1,0,-1,5,1,0,0,0,0,1,0
2298,2611096,0:06,1,41,0,1,7,0,2,1,F974,2055,0,-1,5,1,0,0,0,0,1,0
2300,2611097,0:09,1,41,0,1,7,0,5,1,0,-1,0,-1,5,1,0,0,0,0,1,0
2304,2611098,0:07,1,31,1,1,6,0,5,0,0,-1,0,-1,5,1,0,0,0,0,1,0
2314,2611099,0:16,1,22,0,1,10,0,3,0,0,-1,0,-1,5,1,0,0,0,0,1,0
2319,2611100,0:05,1,33,0,1,10,0,2,1,0,-1,0,-1,5,1,0,0,0,0,1,0
2320,2611101,0:07,1,42,1,1,0,0,5,0,0,-1,N56,2048-11,5,0,0,0,0,0,1,0
2326,2611102,0:09,1,46,0,1,10,0,5,0,0,-1,0,-1,5,1,0,0,0,0,1,0
2330,2611103,0:06,1,22,1,1,11,0,6,0,0,-1,0,-1,5,1,0,0,0,0,1,0
2333,2611104,0:07,1,26,1,1,8,0,5,0,0,-1,N78,2069-12,3,1,0,0,1,0,0,0
2336,2611105,0:07,1,40,1,3,0,0,5,0,0,-1,N78,2045-08,3,0,0,0,1,0,0,0
2340,2611106,0:05,1,35,1,3,0,0,5,0,0,-1,N56,2060-10,3,0,0,0,1,0,0,0
2344,2611109,0:12,1,35,0,1,4,0,3,0,0,-1,0,-1,6,0,0,0,0,0,0,1
2349,2611110,0:05,1,28,1,1,4,0,5,0,0,-1,0,-1,3,0,0,0,1,0,0,0
2353,2611111,0:11,1,33,1,1,0,0,5,0,0,-1,N56,2064-03,3,0,0,0,1,0,0,0
2360,2611114,0:11,1,47,0,1,0,0,3,1,0,-1,N56,2074-03,6,0,0,0,0,0,0,1
2367,2611115,0:10,1,36,1,1,5,0,5,1,0,-1,0,-1,6,0,0,0,0,0,0,1
2372,2611117,0:09,1,44,1,1,0,0,5,1,0,-1,F091,2052,3,0,0,0,1,0,0,0
2376,2611118,0:04,1,56,1,1,0,0,5,1,0,-1,N56,2041-01,3,0,0,0,1,0,0,0
2379,2611119,0:24,1,73,0,1,0,0,5,1,0,-1,N62,2030-04,3,0,0,0,1,0,0,0
