,HHID,Subward,Radio,Television,Newspapers,AgExtension,Veterinarian,MigrantLabor,OtherGov,LocalFriend,DistantFriend,Religious,Scientist,SocialMedia,SourceNumber,SourceIndex,PublicSources
0,2301006,2301,4.0,2.0,0.0,0.0,0.0,0.0,0.0,3.0,1.0,0.0,0.0,3.0,5,0.49328663462106176,0
1,2301007,2301,0.0,0.0,0.0,0.0,0.0,2.0,0.0,,0.0,0.0,0.0,0.0,1,-1.3507755508782349,0
2,2301013,2301,0.0,0.0,0.0,0.0,0.0,0.0,0.0,3.0,0.0,0.0,0.0,0.0,1,-1.3507755508782349,0
3,2301016,2301,0.0,2.0,0.0,0.0,0.0,0.0,0.0,3.0,0.0,0.0,0.0,0.0,2,-0.8897600045034108,0
4,2301017,2301,0.0,0.0,0.0,0.0,0.0,0.0,0.0,2.0,2.0,0.0,0.0,2.0,3,-0.4287444581285865,0
5,2301021,2301,4.0,3.0,3.0,0.0,0.0,0.0,0.0,3.0,2.0,0.0,0.0,3.0,6,0.9543021809958859,0
6,2301029,2301,1.0,1.0,0.0,0.0,0.0,0.0,0.0,3.0,0.0,0.0,0.0,1.0,4,0.03227108824623762,0
7,2301037,2301,4.0,0.0,0.0,1.0,1.0,0.0,0.0,4.0,0.0,0.0,0.0,4.0,5,0.49328663462106176,1
8,2301038,2301,1.0,0.0,0.0,0.0,0.0,0.0,0.0,1.0,0.0,0.0,0.0,0.0,2,-0.8897600045034108,0
9,2301041,2301,0.0,1.0,0.0,0.0,0.0,0.0,0.0,0.0,0.0,0.0,0.0,1.0,2,-0.8897600045034108,0
10,2301043,2301,2.0,0.0,0.0,1.0,0.0,0.0,0.0,4.0,0.0,0.0,0.0,0.0,3,-0.4287444581285865,1
11,2301044,2301,0.0,0.0,0.0,0.0,0.0,0.0,0.0,2.0,1.0,0.0,0.0,0.0,2,-0.8897600045034108,0
12,2301046,2301,3.0,0.0,0.0,0.0,0.0,0.0,0.0,1.0,0.0,0.0,0.0,0.0,2,-0.8897600045034108,0
13,2301047,2301,1.0,1.0,0.0,0.0,0.0,1.0,0.0,1.0,1.0,0.0,0.0,1.0,6,0.9543021809958859,0
14,2301048,2301,0.0,0.0,0.0,0.0,0.0,0.0,0.0,2.0,2.0,0.0,0.0,0.0,2,-0.8897600045034108,0
15,2301053,2301,0.0,0.0,0.0,0.0,0.0,0.0,0.0,4.0,0.0,0.0,0.0,0.0,1,-1.3507755508782349,0
16,2301056,2301,3.0,0.0,0.0,1.0,1.0,0.0,0.0,3.0,1.0,0.0,0.0,2.0,6,0.9543021809958859,1
17,2301057,2301,1.0,1.0,0.0,0.0,0.0,1.0,0.0,2.0,1.0,0.0,0.0,2.0,6,0.9543021809958859,0
18,2301058,2301,0.0,0.0,0.0,0.0,0.0,0.0,0.0,3.0,3.0,0.0,0.0,1.0,3,-0.4287444581285865,0
19,2301059,2301,1.0,0.0,0.0,1.0,0.0,1.0,0.0,1.0,1.0,0.0,0.0,1.0,6,0.9543021809958859,1
20,2301060,2301,0.0,0.0,0.0,1.0,0.0,0.0,0.0,2.0,0.0,0.0,0.0,2.0,3,-0.4287444581285865,1
21,2301068,2301,1.0,2.0,2.0,2.0,2.0,0.0,0.0,4.0,4.0,0.0,0.0,4.0,8,1.8763332737455345,1
22,2301069,2301,1.0,0.0,0.0,1.0,0.0,0.0,0.0,1.0,0.0,0.0,0.0,0.0,3,-0.4287444581285865,1
23,2301070,2301,0.0,0.0,0.0,0.0,0.0,0.0,0.0,2.0,0.0,0.0,0.0,1.0,2,-0.8897600045034108,0
24,2301071,2301,1.0,1.0,0.0,0.0,0.0,1.0,0.0,2.0,1.0,0.0,0.0,2.0,6,0.9543021809958859,0
25,2301072,2301,1.0,1.0,0.0,0.0,0.0,0.0,0.0,2.0,1.0,0.0,0.0,2.0,5,0.49328663462106176,0
26,2301073,2301,1.0,0.0,0.0,2.0,0.0,0.0,0.0,3.0,1.0,0.0,0.0,2.0,5,0.49328663462106176,1
27,2301074,2301,1.0,1.0,0.0,1.0,0.0,0.0,0.0,2.0,1.0,0.0,0.0,1.0,6,0.9543021809958859,1
28,2301075,2301,1.0,3.0,0.0,3.0,3.0,2.0,0.0,4.0,3.0,0.0,0.0,4.0,8,1.8763332737455345,1
29,2301086,2301,1.0,1.0,2.0,0.0,0.0,0.0,0.0,3.0,3.0,0.0,0.0,2.0,6,0.9543021809958859,0
30,2301087,2301,0.0,1.0,0.0,0.0,0.0,0.0,0.0,0.0,3.0,3.0,0.0,2.0,4,0.03227108824623762,0
31,2301092,2301,1.0,0.0,0.0,0.0,0.0,1.0,0.0,1.0,0.0,0.0,0.0,1.0,4,0.03227108824623762,0
32,2301093,2301,1.0,1.0,0.0,0.0,0.0,0.0,0.0,1.0,0.0,0.0,0.0,1.0,4,0.03227108824623762,0
33,2301094,2301,1.0,0.0,0.0,0.0,0.0,0.0,1.0,2.0,1.0,0.0,0.0,1.0,5,0.49328663462106176,1
34,2301096,2301,1.0,0.0,0.0,0.0,0.0,0.0,0.0,2.0,1.0,0.0,0.0,0.0,3,-0.4287444581285865,0
35,2301099,2301,0.0,0.0,0.0,0.0,0.0,0.0,0.0,2.0,2.0,2.0,0.0,0.0,3,-0.4287444581285865,0
36,2301100,2301,0.0,2.0,0.0,0.0,0.0,0.0,0.0,3.0,2.0,0.0,0.0,0.0,3,-0.4287444581285865,0
37,2301104,2301,0.0,1.0,0.0,0.0,0.0,1.0,0.0,3.0,3.0,0.0,0.0,0.0,4,0.03227108824623762,0
38,2301105,2301,0.0,0.0,0.0,0.0,0.0,0.0,0.0,4.0,0.0,0.0,0.0,4.0,2,-0.8897600045034108,0
39,2301108,2301,4.0,2.0,0.0,0.0,0.0,0.0,0.0,4.0,0.0,0.0,0.0,4.0,4,0.03227108824623762,0
40,2301111,2301,0.0,0.0,0.0,0.0,0.0,0.0,0.0,2.0,0.0,0.0,0.0,3.0,2,-0.8897600045034108,0
41,2301113,2301,0.0,0.0,0.0,0.0,0.0,0.0,0.0,1.0,0.0,0.0,0.0,0.0,1,-1.3507755508782349,0
42,2301116,2301,4.0,4.0,0.0,0.0,0.0,1.0,0.0,3.0,0.0,0.0,0.0,4.0,5,0.49328663462106176,0
43,2301122,2301,0.0,0.0,0.0,0.0,0.0,0.0,0.0,1.0,0.0,0.0,0.0,2.0,2,-0.8897600045034108,0
44,2301124,2301,0.0,4.0,0.0,0.0,0.0,0.0,0.0,4.0,0.0,0.0,0.0,2.0,3,-0.4287444581285865,0
45,2301125,2301,3.0,3.0,2.0,0.0,0.0,0.0,0.0,3.0,0.0,0.0,0.0,4.0,5,0.49328663462106176,0
46,2301126,2301,0.0,2.0,0.0,0.0,0.0,0.0,0.0,4.0,4.0,0.0,0.0,4.0,4,0.03227108824623762,0
47,2301127,2301,4.0,0.0,0.0,0.0,0.0,0.0,0.0,4.0,4.0,0.0,0.0,4.0,4,0.03227108824623762,0
48,2301128,2301,3.0,0.0,0.0,0.0,0.0,0.0,0.0,3.0,0.0,0.0,0.0,4.0,3,-0.4287444581285865,0
49,2301129,2301,0.0,0.0,0.0,0.0,0.0,0.0,0.0,3.0,3.0,0.0,0.0,0.0,2,-0.8897600045034108,0
50,2301130,2301,0.0,0.0,0.0,0.0,1.0,0.0,1.0,4.0,1.0,0.0,0.0,4.0,5,0.49328663462106176,1
51,2301132,2301,4.0,0.0,0.0,2.0,0.0,0.0,0.0,4.0,0.0,0.0,0.0,4.0,4,0.03227108824623762,1
52,2304001,2304,1.0,0.0,0.0,0.0,0.0,0.0,0.0,1.0,1.0,0.0,0.0,0.0,3,-0.4287444581285865,0
53,2304002,2304,0.0,1.0,0.0,0.0,0.0,0.0,0.0,1.0,1.0,0.0,0.0,2.0,4,0.03227108824623762,0
54,2304003,2304,0.0,0.0,0.0,0.0,1.0,0.0,0.0,1.0,0.0,0.0,0.0,4.0,3,-0.4287444581285865,0
55,2304004,2304,2.0,2.0,0.0,0.0,0.0,0.0,0.0,2.0,0.0,0.0,0.0,0.0,3,-0.4287444581285865,0
56,2304006,2304,0.0,0.0,0.0,0.0,0.0,0.0,0.0,1.0,1.0,0.0,0.0,1.0,3,-0.4287444581285865,0
57,2304007,2304,1.0,0.0,0.0,0.0,0.0,0.0,0.0,1.0,1.0,0.0,0.0,3.0,4,0.03227108824623762,0
58,2304009,2304,0.0,0.0,0.0,2.0,2.0,0.0,0.0,2.0,2.0,0.0,0.0,4.0,5,0.49328663462106176,1
59,2304010,2304,0.0,0.0,0.0,0.0,1.0,0.0,0.0,0.0,0.0,0.0,0.0,3.0,2,-0.8897600045034108,0
60,2304011,2304,3.0,2.0,0.0,0.0,0.0,0.0,0.0,2.0,2.0,0.0,0.0,2.0,5,0.49328663462106176,0
61,2304014,2304,1.0,1.0,0.0,1.0,2.0,0.0,0.0,2.0,0.0,0.0,0.0,2.0,6,0.9543021809958859,1
62,2304015,2304,2.0,2.0,0.0,0.0,0.0,0.0,0.0,0.0,0.0,0.0,0.0,2.0,3,-0.4287444581285865,0
63,2304020,2304,0.0,2.0,0.0,2.0,0.0,1.0,0.0,0.0,0.0,0.0,0.0,0.0,3,-0.4287444581285865,1
64,2304021,2304,0.0,0.0,0.0,0.0,0.0,0.0,0.0,3.0,3.0,0.0,0.0,0.0,2,-0.8897600045034108,0
65,2304022,2304,0.0,2.0,0.0,1.0,0.0,0.0,0.0,3.0,3.0,0.0,0.0,2.0,5,0.49328663462106176,1
66,2304024,2304,4.0,0.0,0.0,0.0,0.0,2.0,0.0,3.0,0.0,0.0,0.0,2.0,4,0.03227108824623762,0
67,2304025,2304,0.0,2.0,0.0,0.0,0.0,0.0,0.0,3.0,3.0,0.0,0.0,1.0,4,0.03227108824623762,0
68,2304026,2304,0.0,0.0,0.0,0.0,0.0,0.0,2.0,4.0,2.0,0.0,0.0,4.0,4,0.03227108824623762,1
69,2304027,2304,0.0,0.0,0.0,0.0,0.0,0.0,0.0,3.0,1.0,0.0,0.0,4.0,3,-0.4287444581285865,0
70,2304028,2304,1.0,0.0,0.0,0.0,0.0,0.0,0.0,3.0,0.0,0.0,0.0,0.0,2,-0.8897600045034108,0
71,2304029,2304,0.0,0.0,0.0,3.0,0.0,0.0,0.0,4.0,1.0,0.0,0.0,4.0,4,0.03227108824623762,1
72,2304030,2304,3.0,3.0,0.0,1.0,1.0,0.0,0.0,4.0,0.0,0.0,0.0,0.0,5,0.49328663462106176,1
73,2304031,2304,1.0,0.0,0.0,0.0,0.0,0.0,0.0,3.0,3.0,0.0,0.0,0.0,3,-0.4287444581285865,0
74,2304032,2304,1.0,0.0,0.0,0.0,0.0,0.0,0.0,3.0,3.0,0.0,0.0,0.0,3,-0.4287444581285865,0
75,2304033,2304,0.0,1.0,0.0,0.0,0.0,0.0,0.0,3.0,0.0,0.0,0.0,3.0,3,-0.4287444581285865,0
76,2304034,2304,2.0,1.0,1.0,1.0,1.0,0.0,1.0,1.0,1.0,0.0,0.0,2.0,9,2.3373488201203587,1
77,2304035,2304,0.0,1.0,1.0,0.0,0.0,0.0,1.0,3.0,0.0,0.0,0.0,3.0,5,0.49328663462106176,1
78,2304036,2304,0.0,3.0,2.0,0.0,0.0,0.0,0.0,2.0,2.0,0.0,0.0,3.0,5,0.49328663462106176,0
79,2304037,2304,0.0,1.0,1.0,0.0,0.0,0.0,0.0,1.0,1.0,1.0,0.0,3.0,6,0.9543021809958859,0
80,2304038,2304,2.0,2.0,0.0,0.0,0.0,0.0,0.0,2.0,0.0,0.0,0.0,0.0,3,-0.4287444581285865,0
81,2304039,2304,1.0,1.0,1.0,1.0,1.0,0.0,1.0,1.0,2.0,0.0,0.0,2.0,9,2.3373488201203587,1
82,2304040,2304,2.0,0.0,0.0,0.0,2.0,0.0,0.0,3.0,0.0,0.0,0.0,0.0,3,-0.4287444581285865,0
83,2304041,2304,0.0,0.0,0.0,0.0,0.0,0.0,0.0,1.0,0.0,0.0,0.0,0.0,1,-1.3507755508782349,0
84,2304043,2304,0.0,0.0,0.0,0.0,0.0,0.0,0.0,2.0,0.0,0.0,0.0,3.0,2,-0.8897600045034108,0
85,2304044,2304,2.0,2.0,0.0,0.0,0.0,0.0,0.0,2.0,0.0,0.0,0.0,4.0,4,0.03227108824623762,0
86,2304045,2304,3.0,3.0,2.0,0.0,0.0,0.0,0.0,2.0,2.0,0.0,0.0,3.0,6,0.9543021809958859,0
87,2304046,2304,1.0,0.0,0.0,0.0,0.0,0.0,0.0,3.0,2.0,1.0,0.0,4.0,5,0.49328663462106176,0
88,2304049,2304,0.0,1.0,0.0,0.0,0.0,0.0,0.0,4.0,4.0,0.0,0.0,0.0,3,-0.4287444581285865,0
89,2304050,2304,1.0,3.0,0.0,0.0,0.0,0.0,0.0,4.0,4.0,0.0,0.0,0.0,4,0.03227108824623762,0
90,2304051,2304,0.0,0.0,0.0,1.0,0.0,0.0,0.0,1.0,0.0,0.0,0.0,0.0,2,-0.8897600045034108,1
91,2304052,2304,1.0,1.0,0.0,0.0,0.0,0.0,0.0,4.0,4.0,0.0,0.0,0.0,4,0.03227108824623762,0
92,2304053,2304,0.0,0.0,0.0,0.0,0.0,0.0,0.0,2.0,2.0,0.0,0.0,0.0,2,-0.8897600045034108,0
93,2304055,2304,0.0,0.0,0.0,0.0,0.0,0.0,0.0,2.0,0.0,0.0,0.0,0.0,1,-1.3507755508782349,0
94,2304056,2304,0.0,2.0,0.0,0.0,0.0,0.0,0.0,1.0,0.0,0.0,0.0,2.0,3,-0.4287444581285865,0
95,2304059,2304,1.0,1.0,1.0,0.0,1.0,0.0,1.0,3.0,1.0,0.0,0.0,4.0,8,1.8763332737455345,1
96,2304064,2304,0.0,0.0,0.0,0.0,1.0,0.0,1.0,3.0,1.0,0.0,0.0,4.0,5,0.49328663462106176,1
97,2304065,2304,0.0,0.0,2.0,1.0,2.0,0.0,2.0,4.0,2.0,0.0,0.0,2.0,7,1.41531772737071,1
98,2304070,2304,0.0,0.0,0.0,0.0,0.0,0.0,0.0,3.0,0.0,0.0,0.0,0.0,1,-1.3507755508782349,0
99,2304071,2304,4.0,0.0,0.0,0.0,0.0,0.0,0.0,3.0,0.0,0.0,0.0,0.0,2,-0.8897600045034108,0
100,2304072,2304,2.0,4.0,2.0,3.0,3.0,2.0,1.0,4.0,3.0,1.0,0.0,4.0,11,3.259379912870007,1
101,2304075,2304,0.0,0.0,0.0,0.0,0.0,0.0,0.0,2.0,1.0,0.0,0.0,0.0,2,-0.8897600045034108,0
102,2304076,2304,0.0,0.0,0.0,0.0,0.0,0.0,0.0,3.0,2.0,0.0,0.0,1.0,3,-0.4287444581285865,0
103,2304083,2304,0.0,4.0,0.0,0.0,0.0,0.0,0.0,0.0,2.0,0.0,0.0,1.0,3,-0.4287444581285865,0
104,2304084,2304,0.0,0.0,0.0,0.0,0.0,0.0,0.0,3.0,2.0,0.0,0.0,4.0,3,-0.4287444581285865,0
105,2304085,2304,0.0,0.0,0.0,0.0,0.0,0.0,0.0,2.0,0.0,0.0,0.0,0.0,1,-1.3507755508782349,0
106,2304086,2304,0.0,2.0,0.0,0.0,0.0,0.0,0.0,3.0,3.0,0.0,0.0,1.0,4,0.03227108824623762,0
107,2304087,2304,0.0,4.0,1.0,0.0,1.0,3.0,1.0,4.0,3.0,1.0,1.0,4.0,10,2.798364366495183,1
108,2304089,2304,0.0,0.0,0.0,0.0,0.0,0.0,0.0,1.0,0.0,0.0,0.0,0.0,1,-1.3507755508782349,0
109,2304090,2304,4.0,2.0,0.0,0.0,0.0,0.0,0.0,2.0,0.0,0.0,0.0,0.0,3,-0.4287444581285865,0
110,2304091,2304,0.0,0.0,0.0,1.0,1.0,0.0,0.0,2.0,0.0,0.0,0.0,0.0,3,-0.4287444581285865,1
111,2304092,2304,1.0,1.0,0.0,0.0,0.0,0.0,0.0,2.0,3.0,0.0,0.0,0.0,4,0.03227108824623762,0
112,2304094,2304,2.0,1.0,0.0,0.0,0.0,0.0,0.0,3.0,3.0,0.0,0.0,0.0,4,0.03227108824623762,0
113,2304098,2304,0.0,0.0,0.0,1.0,1.0,0.0,0.0,2.0,2.0,0.0,0.0,4.0,5,0.49328663462106176,1
114,2304103,2304,0.0,0.0,0.0,2.0,0.0,1.0,0.0,3.0,2.0,0.0,0.0,0.0,4,0.03227108824623762,1
115,2304105,2304,0.0,1.0,0.0,1.0,0.0,0.0,0.0,3.0,1.0,0.0,0.0,4.0,5,0.49328663462106176,1
116,2304110,2304,0.0,1.0,0.0,0.0,0.0,0.0,0.0,2.0,2.0,0.0,0.0,0.0,3,-0.4287444581285865,0
117,2304111,2304,4.0,4.0,0.0,0.0,0.0,0.0,2.0,3.0,2.0,0.0,0.0,4.0,6,0.9543021809958859,1
118,2304112,2304,0.0,0.0,1.0,1.0,0.0,0.0,0.0,3.0,3.0,0.0,0.0,3.0,5,0.49328663462106176,1
119,2304118,2304,0.0,1.0,0.0,2.0,0.0,0.0,0.0,3.0,0.0,0.0,0.0,3.0,4,0.03227108824623762,1
120,2304119,2304,0.0,0.0,0.0,0.0,0.0,0.0,0.0,3.0,2.0,0.0,0.0,0.0,2,-0.8897600045034108,0
121,2304121,2304,2.0,0.0,0.0,0.0,0.0,0.0,0.0,3.0,2.0,0.0,0.0,1.0,4,0.03227108824623762,0
122,2304122,2304,0.0,3.0,0.0,0.0,0.0,0.0,0.0,4.0,4.0,0.0,0.0,0.0,3,-0.4287444581285865,0
123,2304123,2304,4.0,4.0,0.0,0.0,0.0,0.0,1.0,3.0,1.0,0.0,0.0,3.0,6,0.9543021809958859,1
124,2304124,2304,0.0,0.0,0.0,0.0,0.0,1.0,0.0,2.0,2.0,0.0,0.0,1.0,4,0.03227108824623762,0
125,2304126,2304,0.0,0.0,0.0,0.0,0.0,0.0,0.0,0.0,0.0,0.0,0.0,0.0,0,-1.811791097253059,0
126,2304130,2304,0.0,0.0,0.0,0.0,0.0,0.0,0.0,2.0,0.0,0.0,0.0,4.0,2,-0.8897600045034108,0
127,2304131,2304,0.0,0.0,0.0,0.0,0.0,0.0,0.0,1.0,0.0,0.0,0.0,0.0,1,-1.3507755508782349,0
128,2304132,2304,0.0,0.0,0.0,0.0,0.0,0.0,0.0,2.0,0.0,0.0,0.0,1.0,2,-0.8897600045034108,0
129,2304133,2304,4.0,4.0,0.0,0.0,0.0,0.0,0.0,2.0,0.0,0.0,0.0,4.0,4,0.03227108824623762,0
130,2304134,2304,0.0,0.0,0.0,0.0,0.0,0.0,0.0,3.0,0.0,0.0,0.0,0.0,1,-1.3507755508782349,0
131,2304135,2304,0.0,2.0,2.0,2.0,1.0,0.0,0.0,3.0,2.0,0.0,0.0,4.0,7,1.41531772737071,1
132,2304136,2304,0.0,2.0,1.0,0.0,0.0,0.0,1.0,3.0,1.0,0.0,0.0,4.0,6,0.9543021809958859,1
133,2304139,2304,0.0,4.0,1.0,0.0,1.0,0.0,0.0,0.0,0.0,0.0,0.0,4.0,4,0.03227108824623762,0
134,2304140,2304,0.0,0.0,0.0,0.0,0.0,0.0,0.0,3.0,2.0,0.0,0.0,4.0,3,-0.4287444581285865,0
135,2304141,2304,0.0,0.0,0.0,2.0,0.0,0.0,0.0,3.0,2.0,0.0,0.0,0.0,3,-0.4287444581285865,1
136,2304146,2304,0.0,0.0,0.0,1.0,1.0,0.0,0.0,1.0,1.0,0.0,0.0,2.0,5,0.49328663462106176,1
137,2304147,2304,4.0,3.0,0.0,3.0,0.0,0.0,3.0,4.0,1.0,0.0,0.0,4.0,7,1.41531772737071,1
138,2304148,2304,1.0,0.0,0.0,0.0,0.0,0.0,0.0,4.0,4.0,0.0,0.0,0.0,3,-0.4287444581285865,0
139,2304149,2304,0.0,1.0,0.0,0.0,1.0,0.0,0.0,2.0,1.0,0.0,0.0,2.0,5,0.49328663462106176,0
140,2304150,2304,0.0,0.0,0.0,0.0,0.0,0.0,0.0,1.0,0.0,0.0,0.0,0.0,1,-1.3507755508782349,0
141,2304151,2304,1.0,0.0,0.0,0.0,0.0,1.0,0.0,3.0,3.0,0.0,0.0,1.0,5,0.49328663462106176,0
142,2304152,2304,0.0,1.0,1.0,0.0,0.0,1.0,0.0,2.0,1.0,0.0,0.0,2.0,6,0.9543021809958859,0
143,2304154,2304,1.0,1.0,1.0,0.0,0.0,0.0,0.0,4.0,4.0,0.0,0.0,1.0,6,0.9543021809958859,0
144,2304155,2304,0.0,0.0,0.0,0.0,0.0,0.0,0.0,3.0,1.0,0.0,0.0,1.0,3,-0.4287444581285865,0
145,2304157,2304,1.0,2.0,0.0,0.0,0.0,0.0,0.0,3.0,2.0,0.0,0.0,4.0,5,0.49328663462106176,0
146,2304158,2304,4.0,4.0,0.0,1.0,1.0,0.0,2.0,4.0,2.0,1.0,0.0,4.0,9,2.3373488201203587,1
147,2304163,2304,0.0,0.0,0.0,0.0,0.0,0.0,0.0,4.0,3.0,0.0,0.0,0.0,2,-0.8897600045034108,0
148,2304162,2304,0.0,1.0,1.0,0.0,0.0,0.0,0.0,4.0,2.0,0.0,0.0,4.0,5,0.49328663462106176,0
149,2304164,2304,1.0,0.0,0.0,0.0,0.0,0.0,2.0,3.0,1.0,0.0,0.0,4.0,5,0.49328663462106176,1
150,2304166,2304,0.0,0.0,0.0,2.0,0.0,0.0,0.0,4.0,3.0,0.0,0.0,3.0,4,0.03227108824623762,1
151,2304167,2304,0.0,0.0,0.0,0.0,0.0,0.0,1.0,3.0,1.0,0.0,0.0,1.0,4,0.03227108824623762,1
152,2304170,2304,0.0,0.0,0.0,0.0,0.0,0.0,0.0,3.0,0.0,0.0,0.0,1.0,2,-0.8897600045034108,0
153,2304173,2304,2.0,3.0,2.0,2.0,1.0,1.0,1.0,3.0,2.0,1.0,1.0,4.0,12,3.720395459244831,1
154,2304174,2304,0.0,0.0,0.0,0.0,0.0,0.0,0.0,3.0,0.0,0.0,0.0,4.0,2,-0.8897600045034108,0
155,2304175,2304,4.0,4.0,0.0,2.0,2.0,3.0,2.0,4.0,2.0,0.0,1.0,3.0,10,2.798364366495183,1
156,2304176,2304,0.0,0.0,0.0,1.0,0.0,1.0,0.0,3.0,2.0,0.0,0.0,3.0,5,0.49328663462106176,1
157,2304177,2304,0.0,0.0,0.0,0.0,0.0,0.0,0.0,2.0,0.0,0.0,0.0,2.0,2,-0.8897600045034108,0
158,2309002,2309,0.0,0.0,0.0,0.0,0.0,0.0,0.0,1.0,2.0,0.0,0.0,0.0,2,-0.8897600045034108,0
159,2309004,2309,0.0,0.0,4.0,0.0,0.0,0.0,0.0,2.0,2.0,4.0,0.0,2.0,5,0.49328663462106176,0
160,2309014,2309,0.0,0.0,1.0,0.0,0.0,0.0,0.0,2.0,2.0,0.0,0.0,4.0,4,0.03227108824623762,0
161,2309016,2309,1.0,0.0,0.0,0.0,1.0,0.0,0.0,1.0,0.0,0.0,0.0,0.0,3,-0.4287444581285865,0
162,2309021,2309,2.0,0.0,2.0,0.0,0.0,0.0,0.0,1.0,0.0,0.0,0.0,0.0,3,-0.4287444581285865,0
163,2309022,2309,0.0,3.0,3.0,0.0,1.0,0.0,0.0,3.0,2.0,1.0,0.0,4.0,7,1.41531772737071,0
164,2309029,2309,3.0,0.0,3.0,0.0,0.0,0.0,0.0,0.0,0.0,0.0,0.0,0.0,2,-0.8897600045034108,0
165,2309030,2309,0.0,0.0,0.0,0.0,0.0,0.0,0.0,0.0,0.0,0.0,0.0,0.0,0,-1.811791097253059,0
166,2309032,2309,0.0,0.0,0.0,0.0,0.0,0.0,0.0,4.0,0.0,0.0,0.0,0.0,1,-1.3507755508782349,0
167,2309033,2309,1.0,4.0,0.0,0.0,0.0,0.0,0.0,4.0,0.0,0.0,0.0,0.0,3,-0.4287444581285865,0
168,2309036,2309,0.0,4.0,3.0,0.0,3.0,0.0,1.0,4.0,0.0,1.0,1.0,4.0,8,1.8763332737455345,1
169,2309037,2309,4.0,4.0,1.0,1.0,1.0,0.0,0.0,1.0,0.0,0.0,0.0,4.0,7,1.41531772737071,1
170,2309039,2309,2.0,3.0,0.0,0.0,0.0,0.0,0.0,3.0,0.0,0.0,0.0,4.0,4,0.03227108824623762,0
171,2309041,2309,0.0,0.0,0.0,0.0,0.0,0.0,0.0,3.0,0.0,0.0,0.0,4.0,2,-0.8897600045034108,0
172,2309042,2309,3.0,3.0,4.0,0.0,0.0,0.0,0.0,0.0,0.0,0.0,0.0,4.0,4,0.03227108824623762,0
173,2309045,2309,2.0,3.0,0.0,0.0,1.0,0.0,0.0,4.0,0.0,0.0,0.0,4.0,5,0.49328663462106176,0
174,2309053,2309,0.0,0.0,0.0,0.0,0.0,0.0,0.0,3.0,3.0,0.0,0.0,0.0,2,-0.8897600045034108,0
175,2309054,2309,0.0,0.0,0.0,0.0,0.0,0.0,0.0,1.0,1.0,0.0,0.0,0.0,2,-0.8897600045034108,0
176,2309055,2309,1.0,0.0,0.0,0.0,0.0,0.0,0.0,2.0,3.0,0.0,0.0,0.0,3,-0.4287444581285865,0
177,2309056,2309,0.0,0.0,0.0,0.0,0.0,3.0,0.0,3.0,3.0,0.0,0.0,0.0,3,-0.4287444581285865,0
178,2309057,2309,0.0,1.0,0.0,0.0,0.0,0.0,0.0,3.0,3.0,0.0,0.0,2.0,4,0.03227108824623762,0
179,2309059,2309,3.0,3.0,2.0,0.0,0.0,0.0,0.0,3.0,0.0,0.0,0.0,3.0,5,0.49328663462106176,0
180,2309067,2309,0.0,0.0,0.0,0.0,0.0,0.0,0.0,2.0,0.0,0.0,0.0,3.0,2,-0.8897600045034108,0
181,2309068,2309,0.0,0.0,0.0,0.0,0.0,0.0,0.0,1.0,1.0,0.0,0.0,0.0,2,-0.8897600045034108,0
182,2309070,2309,2.0,2.0,0.0,0.0,0.0,0.0,0.0,3.0,0.0,0.0,0.0,0.0,3,-0.4287444581285865,0
183,2309071,2309,0.0,0.0,0.0,0.0,0.0,0.0,0.0,4.0,3.0,2.0,0.0,0.0,3,-0.4287444581285865,0
184,2309074,2309,0.0,0.0,0.0,0.0,0.0,0.0,0.0,1.0,0.0,0.0,0.0,0.0,1,-1.3507755508782349,0
185,2309075,2309,0.0,0.0,0.0,0.0,0.0,0.0,0.0,2.0,1.0,0.0,0.0,0.0,2,-0.8897600045034108,0
186,2309079,2309,0.0,2.0,0.0,0.0,0.0,0.0,0.0,0.0,0.0,0.0,0.0,3.0,2,-0.8897600045034108,0
187,2309080,2309,0.0,0.0,0.0,0.0,0.0,0.0,1.0,3.0,1.0,0.0,0.0,4.0,4,0.03227108824623762,1
188,2309081,2309,0.0,0.0,0.0,0.0,0.0,0.0,0.0,2.0,1.0,0.0,0.0,2.0,3,-0.4287444581285865,0
189,2309082,2309,0.0,0.0,0.0,0.0,0.0,0.0,2.0,3.0,1.0,4.0,0.0,4.0,5,0.49328663462106176,1
190,2309083,2309,0.0,1.0,0.0,0.0,0.0,0.0,1.0,3.0,2.0,0.0,0.0,3.0,5,0.49328663462106176,1
191,2309084,2309,0.0,0.0,0.0,0.0,0.0,0.0,0.0,3.0,0.0,0.0,0.0,0.0,1,-1.3507755508782349,0
192,2309085,2309,0.0,3.0,0.0,1.0,0.0,0.0,2.0,4.0,2.0,0.0,0.0,4.0,6,0.9543021809958859,1
193,2309086,2309,0.0,1.0,0.0,0.0,0.0,0.0,1.0,3.0,2.0,0.0,0.0,4.0,5,0.49328663462106176,1
194,2309087,2309,0.0,0.0,0.0,0.0,0.0,0.0,0.0,2.0,0.0,0.0,0.0,4.0,2,-0.8897600045034108,0
195,2309088,2309,0.0,4.0,0.0,0.0,0.0,0.0,0.0,4.0,3.0,2.0,0.0,4.0,5,0.49328663462106176,0
196,2309089,2309,0.0,0.0,0.0,0.0,0.0,0.0,0.0,3.0,0.0,0.0,0.0,4.0,2,-0.8897600045034108,0
197,2309092,2309,0.0,0.0,0.0,0.0,0.0,0.0,0.0,0.0,0.0,0.0,0.0,0.0,0,-1.811791097253059,0
198,2309093,2309,1.0,1.0,0.0,0.0,0.0,0.0,0.0,3.0,1.0,0.0,0.0,0.0,4,0.03227108824623762,0
199,2309094,2309,0.0,0.0,0.0,0.0,0.0,0.0,0.0,3.0,0.0,0.0,0.0,0.0,1,-1.3507755508782349,0
200,2309097,2309,1.0,2.0,0.0,0.0,0.0,0.0,0.0,3.0,3.0,0.0,0.0,0.0,4,0.03227108824623762,0
201,2309098,2309,3.0,3.0,0.0,0.0,0.0,0.0,0.0,0.0,0.0,0.0,0.0,3.0,3,-0.4287444581285865,0
202,2309100,2309,0.0,0.0,0.0,0.0,0.0,2.0,0.0,0.0,0.0,0.0,0.0,0.0,1,-1.3507755508782349,0
203,2309101,2309,0.0,1.0,0.0,0.0,0.0,0.0,0.0,3.0,3.0,0.0,0.0,0.0,3,-0.4287444581285865,0
204,2309102,2309,0.0,0.0,0.0,1.0,0.0,0.0,1.0,2.0,0.0,0.0,0.0,0.0,3,-0.4287444581285865,1
205,2309127,2309,0.0,2.0,0.0,0.0,0.0,0.0,0.0,2.0,0.0,0.0,0.0,0.0,2,-0.8897600045034108,0
206,2309128,2309,0.0,2.0,1.0,0.0,0.0,1.0,0.0,2.0,0.0,0.0,0.0,3.0,5,0.49328663462106176,0
207,2309133,2309,0.0,2.0,0.0,0.0,0.0,0.0,0.0,3.0,2.0,0.0,0.0,0.0,3,-0.4287444581285865,0
208,2309134,2309,0.0,2.0,1.0,0.0,0.0,0.0,0.0,3.0,2.0,0.0,0.0,2.0,5,0.49328663462106176,0
209,2309139,2309,0.0,0.0,0.0,0.0,0.0,0.0,0.0,3.0,1.0,0.0,0.0,0.0,2,-0.8897600045034108,0
210,2309140,2309,0.0,3.0,0.0,0.0,0.0,1.0,0.0,4.0,0.0,0.0,0.0,0.0,3,-0.4287444581285865,0
211,2309141,2309,0.0,3.0,0.0,0.0,0.0,0.0,0.0,2.0,1.0,0.0,0.0,2.0,4,0.03227108824623762,0
212,2309147,2309,0.0,0.0,0.0,0.0,0.0,0.0,0.0,3.0,2.0,0.0,0.0,0.0,2,-0.8897600045034108,0
213,2309150,2309,2.0,3.0,0.0,0.0,0.0,0.0,0.0,2.0,3.0,0.0,0.0,0.0,4,0.03227108824623762,0
214,2309151,2309,0.0,0.0,0.0,0.0,0.0,0.0,0.0,3.0,0.0,0.0,0.0,0.0,1,-1.3507755508782349,0
215,2309152,2309,0.0,0.0,0.0,0.0,0.0,0.0,0.0,4.0,1.0,0.0,0.0,3.0,3,-0.4287444581285865,0
216,2309154,2309,0.0,0.0,1.0,0.0,1.0,2.0,0.0,3.0,1.0,0.0,0.0,2.0,6,0.9543021809958859,0
217,2309155,2309,0.0,0.0,0.0,0.0,0.0,0.0,0.0,1.0,0.0,0.0,0.0,0.0,1,-1.3507755508782349,0
218,2309158,2309,0.0,1.0,0.0,0.0,0.0,0.0,1.0,3.0,2.0,0.0,0.0,4.0,5,0.49328663462106176,1
219,2309159,2309,0.0,3.0,0.0,0.0,0.0,2.0,0.0,2.0,1.0,0.0,0.0,0.0,4,0.03227108824623762,0
220,2309160,2309,0.0,1.0,0.0,0.0,0.0,0.0,0.0,2.0,2.0,0.0,0.0,2.0,4,0.03227108824623762,0
221,2309163,2309,2.0,3.0,0.0,0.0,0.0,0.0,0.0,3.0,3.0,0.0,0.0,0.0,4,0.03227108824623762,0
222,2309165,2309,2.0,2.0,0.0,0.0,1.0,0.0,0.0,3.0,0.0,0.0,0.0,2.0,5,0.49328663462106176,0
223,2309170,2309,0.0,2.0,0.0,0.0,0.0,0.0,0.0,3.0,1.0,0.0,0.0,0.0,3,-0.4287444581285865,0
224,2309171,2309,2.0,2.0,0.0,0.0,0.0,1.0,0.0,2.0,0.0,0.0,0.0,2.0,5,0.49328663462106176,0
225,2309174,2309,0.0,0.0,0.0,0.0,0.0,0.0,0.0,3.0,3.0,0.0,0.0,0.0,2,-0.8897600045034108,0
226,2309183,2309,0.0,0.0,0.0,0.0,0.0,0.0,0.0,3.0,3.0,0.0,0.0,0.0,2,-0.8897600045034108,0
227,2309184,2309,0.0,0.0,0.0,0.0,0.0,0.0,0.0,3.0,3.0,0.0,0.0,0.0,2,-0.8897600045034108,0
228,2309185,2309,0.0,2.0,0.0,2.0,0.0,1.0,0.0,4.0,2.0,1.0,1.0,1.0,8,1.8763332737455345,1
229,2309187,2309,0.0,0.0,0.0,0.0,0.0,3.0,0.0,3.0,3.0,0.0,0.0,3.0,4,0.03227108824623762,0
230,2309189,2309,0.0,0.0,0.0,2.0,0.0,0.0,0.0,3.0,0.0,0.0,0.0,3.0,3,-0.4287444581285865,1
231,2309191,2309,4.0,0.0,0.0,2.0,2.0,0.0,0.0,2.0,1.0,0.0,0.0,0.0,5,0.49328663462106176,1
232,2309192,2309,0.0,0.0,0.0,0.0,0.0,0.0,0.0,1.0,0.0,0.0,0.0,1.0,2,-0.8897600045034108,0
233,2309196,2309,1.0,1.0,0.0,0.0,0.0,0.0,0.0,1.0,1.0,0.0,0.0,0.0,4,0.03227108824623762,0
234,2309197,2309,0.0,1.0,1.0,1.0,0.0,1.0,0.0,1.0,0.0,0.0,0.0,1.0,6,0.9543021809958859,1
235,2309198,2309,1.0,1.0,0.0,0.0,0.0,2.0,0.0,3.0,3.0,0.0,0.0,0.0,5,0.49328663462106176,0
236,2309199,2309,0.0,0.0,0.0,0.0,0.0,0.0,0.0,2.0,2.0,0.0,0.0,0.0,2,-0.8897600045034108,0
237,2309204,2309,0.0,2.0,1.0,0.0,0.0,0.0,0.0,4.0,2.0,0.0,0.0,4.0,5,0.49328663462106176,0
238,2309205,2309,0.0,1.0,0.0,0.0,1.0,0.0,1.0,1.0,0.0,0.0,1.0,4.0,6,0.9543021809958859,1
239,2309207,2309,0.0,3.0,3.0,0.0,0.0,0.0,0.0,4.0,0.0,0.0,0.0,3.0,4,0.03227108824623762,0
240,2309208,2309,0.0,0.0,0.0,0.0,0.0,0.0,0.0,3.0,0.0,0.0,0.0,4.0,2,-0.8897600045034108,0
241,2309211,2309,3.0,0.0,0.0,0.0,0.0,0.0,0.0,3.0,0.0,0.0,0.0,4.0,3,-0.4287444581285865,0
242,2309212,2309,0.0,0.0,0.0,0.0,0.0,0.0,0.0,0.0,0.0,0.0,0.0,4.0,1,-1.3507755508782349,0
243,2309214,2309,0.0,0.0,0.0,0.0,0.0,0.0,0.0,1.0,1.0,0.0,0.0,1.0,3,-0.4287444581285865,0
244,2309217,2309,0.0,0.0,0.0,0.0,0.0,0.0,0.0,0.0,0.0,0.0,0.0,2.0,1,-1.3507755508782349,0
245,2309218,2309,0.0,0.0,0.0,0.0,0.0,0.0,1.0,0.0,0.0,0.0,0.0,4.0,2,-0.8897600045034108,1
246,2309219,2309,0.0,0.0,0.0,0.0,0.0,0.0,0.0,1.0,0.0,0.0,0.0,0.0,1,-1.3507755508782349,0
247,2309222,2309,3.0,3.0,0.0,0.0,0.0,2.0,0.0,0.0,3.0,0.0,0.0,3.0,5,0.49328663462106176,0
248,2309227,2309,0.0,2.0,0.0,0.0,0.0,0.0,0.0,3.0,3.0,0.0,0.0,0.0,3,-0.4287444581285865,0
249,2309228,2309,0.0,0.0,0.0,0.0,0.0,0.0,0.0,3.0,3.0,0.0,0.0,0.0,2,-0.8897600045034108,0
250,2309229,2309,0.0,0.0,0.0,0.0,0.0,0.0,0.0,3.0,3.0,0.0,0.0,0.0,2,-0.8897600045034108,0
251,2309232,2309,2.0,2.0,0.0,0.0,0.0,0.0,0.0,2.0,1.0,0.0,0.0,0.0,4,0.03227108824623762,0
252,2309233,2309,0.0,0.0,0.0,0.0,1.0,0.0,0.0,2.0,1.0,0.0,0.0,3.0,4,0.03227108824623762,0
253,2605003,2605,1.0,2.0,4.0,2.0,2.0,2.0,1.0,4.0,4.0,0.0,0.0,4.0,10,2.798364366495183,1
254,2605004,2605,1.0,1.0,1.0,0.0,0.0,0.0,0.0,4.0,4.0,0.0,0.0,4.0,6,0.9543021809958859,0
255,2605005,2605,0.0,0.0,0.0,0.0,0.0,0.0,0.0,3.0,3.0,0.0,0.0,0.0,2,-0.8897600045034108,0
256,2605009,2605,3.0,2.0,0.0,0.0,0.0,0.0,0.0,2.0,3.0,0.0,0.0,0.0,4,0.03227108824623762,0
257,2605016,2605,1.0,1.0,0.0,1.0,1.0,0.0,0.0,4.0,2.0,0.0,0.0,0.0,6,0.9543021809958859,1
258,2605017,2605,0.0,0.0,0.0,1.0,0.0,0.0,0.0,4.0,0.0,0.0,0.0,0.0,2,-0.8897600045034108,1
259,2605018,2605,0.0,1.0,0.0,0.0,0.0,0.0,0.0,3.0,3.0,0.0,0.0,0.0,3,-0.4287444581285865,0
260,2605019,2605,0.0,0.0,0.0,1.0,1.0,0.0,0.0,0.0,0.0,0.0,0.0,0.0,2,-0.8897600045034108,1
261,2605021,2605,1.0,2.0,0.0,0.0,1.0,0.0,0.0,3.0,3.0,0.0,0.0,2.0,6,0.9543021809958859,0
262,2605022,2605,1.0,0.0,0.0,0.0,1.0,0.0,0.0,3.0,3.0,0.0,0.0,3.0,5,0.49328663462106176,0
263,2605023,2605,0.0,1.0,0.0,0.0,1.0,0.0,0.0,2.0,0.0,0.0,0.0,4.0,4,0.03227108824623762,0
264,2605024,2605,1.0,0.0,0.0,0.0,0.0,0.0,0.0,3.0,3.0,0.0,0.0,0.0,3,-0.4287444581285865,0
265,2605025,2605,0.0,0.0,0.0,0.0,0.0,0.0,0.0,0.0,0.0,0.0,0.0,0.0,0,-1.811791097253059,0
266,2605026,2605,2.0,0.0,0.0,0.0,0.0,0.0,0.0,1.0,1.0,0.0,0.0,1.0,4,0.03227108824623762,0
267,2605027,2605,0.0,1.0,0.0,0.0,0.0,0.0,0.0,0.0,1.0,1.0,0.0,0.0,3,-0.4287444581285865,0
268,2605029,2605,1.0,1.0,0.0,0.0,0.0,0.0,0.0,1.0,1.0,0.0,0.0,0.0,4,0.03227108824623762,0
269,2605030,2605,1.0,1.0,1.0,0.0,1.0,0.0,0.0,1.0,1.0,0.0,0.0,2.0,7,1.41531772737071,0
270,2605031,2605,0.0,0.0,0.0,0.0,0.0,0.0,0.0,1.0,1.0,0.0,0.0,1.0,3,-0.4287444581285865,0
271,2605032,2605,0.0,0.0,0.0,0.0,0.0,1.0,0.0,0.0,0.0,0.0,0.0,0.0,1,-1.3507755508782349,0
272,2605033,2605,0.0,0.0,0.0,0.0,0.0,1.0,0.0,0.0,2.0,0.0,0.0,3.0,3,-0.4287444581285865,0
273,2605042,2605,0.0,3.0,3.0,0.0,0.0,0.0,0.0,1.0,0.0,0.0,0.0,2.0,4,0.03227108824623762,0
274,2605045,2605,0.0,0.0,0.0,0.0,0.0,0.0,0.0,1.0,1.0,3.0,0.0,4.0,4,0.03227108824623762,0
275,2605046,2605,0.0,0.0,0.0,0.0,0.0,0.0,0.0,0.0,0.0,0.0,0.0,0.0,0,-1.811791097253059,0
276,2605048,2605,0.0,1.0,0.0,0.0,0.0,0.0,2.0,0.0,0.0,0.0,0.0,0.0,2,-0.8897600045034108,1
277,2605049,2605,2.0,1.0,4.0,2.0,0.0,0.0,0.0,4.0,4.0,1.0,0.0,2.0,8,1.8763332737455345,1
278,2605050,2605,3.0,2.0,4.0,1.0,1.0,1.0,1.0,2.0,3.0,1.0,0.0,3.0,11,3.259379912870007,1
279,2605051,2605,0.0,1.0,0.0,0.0,0.0,0.0,0.0,0.0,0.0,0.0,0.0,0.0,1,-1.3507755508782349,0
280,2605052,2605,0.0,2.0,0.0,0.0,0.0,0.0,0.0,4.0,4.0,0.0,0.0,0.0,3,-0.4287444581285865,0
281,2605053,2605,3.0,3.0,1.0,0.0,1.0,0.0,2.0,2.0,1.0,0.0,0.0,3.0,8,1.8763332737455345,1
282,2605055,2605,2.0,0.0,0.0,0.0,0.0,0.0,0.0,1.0,0.0,0.0,0.0,1.0,3,-0.4287444581285865,0
283,2605056,2605,4.0,0.0,0.0,0.0,0.0,0.0,0.0,1.0,1.0,0.0,0.0,4.0,4,0.03227108824623762,0
284,2605058,2605,4.0,4.0,0.0,0.0,1.0,0.0,0.0,4.0,4.0,0.0,0.0,4.0,6,0.9543021809958859,0
285,2605059,2605,1.0,0.0,0.0,0.0,0.0,0.0,0.0,4.0,2.0,0.0,0.0,1.0,4,0.03227108824623762,0
286,2605061,2605,3.0,4.0,0.0,0.0,0.0,0.0,3.0,4.0,3.0,0.0,0.0,3.0,6,0.9543021809958859,1
287,2605062,2605,0.0,1.0,0.0,0.0,1.0,0.0,0.0,0.0,1.0,0.0,0.0,0.0,3,-0.4287444581285865,0
288,2605064,2605,0.0,1.0,0.0,0.0,0.0,0.0,0.0,2.0,0.0,0.0,0.0,3.0,3,-0.4287444581285865,0
289,2605065,2605,0.0,4.0,0.0,0.0,0.0,0.0,0.0,4.0,2.0,0.0,0.0,4.0,4,0.03227108824623762,0
290,2605066,2605,3.0,0.0,0.0,0.0,1.0,0.0,0.0,4.0,2.0,0.0,0.0,0.0,4,0.03227108824623762,0
291,2605067,2605,3.0,2.0,0.0,0.0,0.0,0.0,0.0,3.0,2.0,2.0,0.0,1.0,6,0.9543021809958859,0
292,2605068,2605,0.0,3.0,4.0,0.0,0.0,0.0,0.0,4.0,4.0,0.0,1.0,4.0,6,0.9543021809958859,0
293,2605076,2605,4.0,4.0,0.0,0.0,0.0,0.0,0.0,2.0,2.0,0.0,0.0,4.0,5,0.49328663462106176,0
294,2605078,2605,0.0,0.0,0.0,0.0,0.0,0.0,0.0,4.0,0.0,0.0,0.0,0.0,1,-1.3507755508782349,0
295,2605080,2605,0.0,3.0,0.0,0.0,0.0,0.0,0.0,3.0,0.0,0.0,0.0,0.0,2,-0.8897600045034108,0
296,2605081,2605,0.0,1.0,0.0,0.0,0.0,0.0,1.0,3.0,0.0,0.0,0.0,1.0,4,0.03227108824623762,1
297,2605083,2605,4.0,0.0,0.0,0.0,0.0,0.0,0.0,0.0,0.0,0.0,0.0,4.0,2,-0.8897600045034108,0
298,2605084,2605,0.0,0.0,2.0,0.0,2.0,0.0,2.0,4.0,2.0,2.0,0.0,4.0,7,1.41531772737071,1
299,2605085,2605,0.0,0.0,0.0,0.0,0.0,0.0,0.0,3.0,2.0,0.0,0.0,0.0,2,-0.8897600045034108,0
300,2605086,2605,1.0,3.0,2.0,0.0,0.0,2.0,0.0,3.0,3.0,0.0,1.0,3.0,8,1.8763332737455345,0
301,2605089,2605,0.0,4.0,4.0,0.0,0.0,0.0,1.0,1.0,1.0,0.0,0.0,3.0,6,0.9543021809958859,1
302,2610001,2610,0.0,2.0,0.0,4.0,3.0,1.0,0.0,1.0,1.0,0.0,0.0,1.0,7,1.41531772737071,1
303,2610002,2610,2.0,0.0,1.0,1.0,0.0,1.0,0.0,3.0,2.0,0.0,0.0,1.0,7,1.41531772737071,1
304,2610003,2610,0.0,0.0,0.0,0.0,0.0,0.0,0.0,1.0,0.0,0.0,0.0,0.0,1,-1.3507755508782349,0
305,2610004,2610,1.0,0.0,0.0,0.0,1.0,0.0,0.0,1.0,1.0,0.0,0.0,0.0,4,0.03227108824623762,0
306,2610005,2610,1.0,1.0,0.0,1.0,0.0,0.0,0.0,2.0,2.0,0.0,0.0,4.0,6,0.9543021809958859,1
307,2610007,2610,1.0,1.0,0.0,1.0,0.0,1.0,0.0,2.0,0.0,0.0,0.0,4.0,6,0.9543021809958859,1
308,2610009,2610,0.0,0.0,0.0,0.0,0.0,0.0,0.0,4.0,4.0,0.0,0.0,0.0,2,-0.8897600045034108,0
309,2610010,2610,2.0,2.0,0.0,0.0,0.0,0.0,0.0,3.0,2.0,0.0,0.0,2.0,5,0.49328663462106176,0
310,2610011,2610,1.0,1.0,0.0,0.0,0.0,0.0,0.0,4.0,4.0,0.0,0.0,0.0,4,0.03227108824623762,0
311,2610012,2610,0.0,0.0,0.0,0.0,0.0,0.0,0.0,3.0,0.0,0.0,0.0,0.0,1,-1.3507755508782349,0
312,2610013,2610,4.0,0.0,0.0,0.0,0.0,0.0,0.0,4.0,4.0,0.0,0.0,0.0,3,-0.4287444581285865,0
313,2610014,2610,0.0,0.0,0.0,0.0,0.0,1.0,0.0,4.0,4.0,0.0,0.0,1.0,4,0.03227108824623762,0
314,2610015,2610,0.0,0.0,0.0,0.0,0.0,0.0,0.0,3.0,0.0,0.0,0.0,0.0,1,-1.3507755508782349,0
315,2610017,2610,0.0,1.0,1.0,0.0,0.0,0.0,0.0,3.0,3.0,0.0,0.0,4.0,5,0.49328663462106176,0
316,2610018,2610,3.0,4.0,0.0,0.0,0.0,0.0,0.0,3.0,2.0,0.0,0.0,3.0,5,0.49328663462106176,0
317,2610019,2610,0.0,0.0,0.0,0.0,0.0,0.0,0.0,3.0,2.0,0.0,0.0,3.0,3,-0.4287444581285865,0
318,2610020,2610,0.0,0.0,0.0,0.0,0.0,0.0,0.0,2.0,0.0,0.0,0.0,0.0,1,-1.3507755508782349,0
319,2610021,2610,3.0,0.0,0.0,0.0,0.0,0.0,0.0,3.0,2.0,0.0,0.0,0.0,3,-0.4287444581285865,0
320,2610022,2610,0.0,2.0,0.0,0.0,0.0,0.0,1.0,2.0,0.0,0.0,0.0,1.0,4,0.03227108824623762,1
321,2610023,2610,0.0,0.0,0.0,1.0,0.0,0.0,0.0,4.0,4.0,0.0,0.0,4.0,4,0.03227108824623762,1
322,2610024,2610,0.0,0.0,0.0,1.0,0.0,0.0,0.0,4.0,0.0,0.0,0.0,0.0,2,-0.8897600045034108,1
323,2610025,2610,0.0,0.0,0.0,2.0,0.0,0.0,0.0,2.0,2.0,0.0,0.0,4.0,4,0.03227108824623762,1
324,2610026,2610,1.0,0.0,0.0,0.0,0.0,0.0,0.0,3.0,0.0,0.0,0.0,0.0,2,-0.8897600045034108,0
325,2610027,2610,0.0,0.0,0.0,1.0,0.0,0.0,0.0,4.0,4.0,0.0,0.0,0.0,3,-0.4287444581285865,1
326,2610028,2610,4.0,4.0,4.0,2.0,1.0,0.0,0.0,4.0,4.0,0.0,1.0,4.0,9,2.3373488201203587,1
327,2610029,2610,0.0,0.0,0.0,0.0,0.0,0.0,3.0,0.0,0.0,0.0,0.0,0.0,1,-1.3507755508782349,1
328,2610031,2610,4.0,0.0,0.0,0.0,0.0,2.0,0.0,4.0,2.0,1.0,0.0,0.0,5,0.49328663462106176,0
329,2610032,2610,4.0,4.0,0.0,0.0,0.0,0.0,1.0,3.0,2.0,0.0,0.0,4.0,6,0.9543021809958859,1
330,2610033,2610,0.0,0.0,0.0,0.0,0.0,0.0,0.0,0.0,0.0,0.0,0.0,0.0,0,-1.811791097253059,0
331,2610034,2610,2.0,2.0,1.0,1.0,0.0,0.0,2.0,4.0,4.0,1.0,0.0,4.0,9,2.3373488201203587,1
332,2610035,2610,0.0,0.0,0.0,0.0,0.0,0.0,0.0,4.0,4.0,0.0,0.0,0.0,2,-0.8897600045034108,0
333,2610036,2610,0.0,1.0,0.0,0.0,0.0,0.0,0.0,2.0,3.0,0.0,0.0,2.0,4,0.03227108824623762,0
334,2610037,2610,1.0,1.0,1.0,1.0,0.0,0.0,0.0,3.0,3.0,0.0,0.0,0.0,6,0.9543021809958859,1
335,2610038,2610,1.0,1.0,0.0,0.0,0.0,1.0,0.0,2.0,3.0,0.0,0.0,0.0,5,0.49328663462106176,0
336,2610040,2610,0.0,4.0,0.0,0.0,1.0,1.0,1.0,3.0,2.0,0.0,0.0,4.0,7,1.41531772737071,1
337,2610041,2610,1.0,2.0,0.0,0.0,0.0,0.0,0.0,2.0,3.0,0.0,0.0,2.0,5,0.49328663462106176,0
338,2610042,2610,3.0,2.0,0.0,0.0,0.0,0.0,0.0,2.0,2.0,0.0,0.0,0.0,4,0.03227108824623762,0
339,2610043,2610,2.0,1.0,1.0,0.0,0.0,0.0,0.0,3.0,3.0,0.0,0.0,2.0,6,0.9543021809958859,0
340,2610044,2610,0.0,0.0,0.0,1.0,1.0,0.0,0.0,1.0,1.0,0.0,0.0,0.0,4,0.03227108824623762,1
341,2610045,2610,0.0,0.0,0.0,0.0,0.0,0.0,0.0,1.0,1.0,0.0,0.0,0.0,2,-0.8897600045034108,0
342,2610046,2610,0.0,0.0,0.0,1.0,0.0,0.0,0.0,1.0,1.0,0.0,0.0,2.0,4,0.03227108824623762,1
343,2610047,2610,1.0,1.0,0.0,0.0,0.0,0.0,0.0,2.0,0.0,0.0,0.0,4.0,4,0.03227108824623762,0
344,2610048,2610,0.0,0.0,0.0,0.0,0.0,0.0,0.0,0.0,0.0,0.0,0.0,0.0,0,-1.811791097253059,0
345,2610049,2610,0.0,0.0,0.0,0.0,0.0,0.0,0.0,2.0,2.0,0.0,0.0,0.0,2,-0.8897600045034108,0
346,2610050,2610,1.0,1.0,0.0,0.0,0.0,0.0,0.0,2.0,0.0,0.0,0.0,3.0,4,0.03227108824623762,0
347,2610051,2610,0.0,2.0,1.0,0.0,0.0,0.0,0.0,4.0,4.0,0.0,0.0,3.0,5,0.49328663462106176,0
348,2610052,2610,0.0,1.0,0.0,1.0,0.0,0.0,0.0,2.0,0.0,0.0,0.0,0.0,3,-0.4287444581285865,1
349,2610053,2610,0.0,0.0,0.0,0.0,0.0,0.0,1.0,3.0,2.0,0.0,0.0,0.0,3,-0.4287444581285865,1
350,2610054,2610,0.0,1.0,0.0,1.0,1.0,0.0,0.0,4.0,4.0,1.0,0.0,4.0,7,1.41531772737071,1
351,2610055,2610,0.0,1.0,1.0,1.0,1.0,1.0,0.0,4.0,4.0,0.0,0.0,4.0,8,1.8763332737455345,1
352,2610056,2610,0.0,3.0,0.0,0.0,0.0,0.0,2.0,2.0,1.0,0.0,0.0,4.0,5,0.49328663462106176,1
353,2610057,2610,1.0,1.0,0.0,0.0,0.0,0.0,0.0,4.0,4.0,0.0,0.0,1.0,5,0.49328663462106176,0
354,2610058,2610,1.0,1.0,0.0,1.0,1.0,0.0,0.0,1.0,1.0,0.0,0.0,1.0,7,1.41531772737071,1
355,2610059,2610,0.0,1.0,0.0,1.0,1.0,0.0,0.0,2.0,1.0,0.0,0.0,0.0,5,0.49328663462106176,1
356,2610060,2610,2.0,2.0,0.0,0.0,0.0,0.0,0.0,4.0,4.0,0.0,0.0,0.0,4,0.03227108824623762,0
357,2610061,2610,0.0,1.0,0.0,0.0,0.0,0.0,1.0,3.0,1.0,0.0,0.0,0.0,4,0.03227108824623762,1
358,2610062,2610,3.0,0.0,0.0,0.0,0.0,0.0,0.0,1.0,1.0,0.0,0.0,0.0,3,-0.4287444581285865,0
359,2610063,2610,1.0,0.0,0.0,0.0,0.0,0.0,0.0,4.0,4.0,0.0,0.0,0.0,3,-0.4287444581285865,0
360,2610064,2610,1.0,1.0,0.0,0.0,1.0,0.0,0.0,1.0,1.0,0.0,0.0,1.0,6,0.9543021809958859,0
361,2610066,2610,0.0,0.0,0.0,0.0,0.0,0.0,0.0,3.0,0.0,0.0,0.0,0.0,1,-1.3507755508782349,0
362,2610067,2610,2.0,3.0,0.0,1.0,1.0,1.0,0.0,4.0,3.0,0.0,0.0,2.0,8,1.8763332737455345,1
363,2610068,2610,0.0,0.0,0.0,0.0,0.0,0.0,0.0,3.0,0.0,0.0,0.0,3.0,2,-0.8897600045034108,0
364,2610070,2610,0.0,1.0,0.0,1.0,1.0,0.0,0.0,1.0,0.0,0.0,0.0,0.0,4,0.03227108824623762,1
365,2610071,2610,0.0,0.0,0.0,0.0,0.0,0.0,0.0,3.0,2.0,0.0,0.0,0.0,2,-0.8897600045034108,0
366,2610072,2610,0.0,0.0,0.0,0.0,0.0,0.0,0.0,3.0,3.0,0.0,0.0,4.0,3,-0.4287444581285865,0
367,2610073,2610,0.0,0.0,0.0,0.0,0.0,0.0,0.0,3.0,0.0,0.0,0.0,3.0,2,-0.8897600045034108,0
368,2610074,2610,0.0,0.0,0.0,1.0,0.0,0.0,1.0,3.0,2.0,0.0,0.0,3.0,5,0.49328663462106176,1
369,2610075,2610,1.0,0.0,0.0,0.0,0.0,0.0,0.0,3.0,0.0,0.0,0.0,4.0,3,-0.4287444581285865,0
370,2610076,2610,0.0,0.0,0.0,0.0,0.0,0.0,0.0,3.0,0.0,0.0,0.0,3.0,2,-0.8897600045034108,0
371,2610077,2610,0.0,0.0,0.0,0.0,0.0,0.0,0.0,4.0,4.0,0.0,0.0,0.0,2,-0.8897600045034108,0
372,2610078,2610,0.0,0.0,0.0,0.0,1.0,0.0,0.0,2.0,2.0,0.0,0.0,2.0,4,0.03227108824623762,0
373,2610079,2610,0.0,2.0,0.0,0.0,0.0,0.0,0.0,4.0,4.0,0.0,0.0,0.0,3,-0.4287444581285865,0
374,2610081,2610,2.0,3.0,0.0,1.0,1.0,3.0,3.0,4.0,3.0,0.0,0.0,4.0,9,2.3373488201203587,1
375,2610083,2610,0.0,0.0,0.0,0.0,0.0,0.0,0.0,4.0,0.0,0.0,0.0,0.0,1,-1.3507755508782349,0
376,2610084,2610,4.0,4.0,1.0,1.0,0.0,0.0,0.0,3.0,0.0,0.0,1.0,4.0,7,1.41531772737071,1
377,2610085,2610,1.0,0.0,0.0,1.0,1.0,1.0,0.0,1.0,2.0,0.0,0.0,2.0,7,1.41531772737071,1
378,2610086,2610,0.0,0.0,0.0,0.0,0.0,0.0,0.0,3.0,0.0,0.0,0.0,2.0,2,-0.8897600045034108,0
379,2610087,2610,0.0,0.0,0.0,0.0,0.0,0.0,0.0,4.0,0.0,0.0,0.0,4.0,2,-0.8897600045034108,0
380,2610088,2610,1.0,1.0,0.0,0.0,0.0,0.0,0.0,4.0,1.0,0.0,0.0,0.0,4,0.03227108824623762,0
381,2610090,2610,0.0,0.0,0.0,0.0,0.0,0.0,0.0,0.0,0.0,0.0,0.0,0.0,0,-1.811791097253059,0
382,2610091,2610,0.0,0.0,0.0,0.0,0.0,0.0,0.0,4.0,0.0,0.0,0.0,0.0,1,-1.3507755508782349,0
383,2610092,2610,0.0,0.0,0.0,1.0,0.0,1.0,0.0,0.0,1.0,0.0,0.0,0.0,3,-0.4287444581285865,1
384,2610093,2610,0.0,2.0,0.0,0.0,0.0,0.0,1.0,4.0,0.0,0.0,0.0,0.0,3,-0.4287444581285865,1
385,2610095,2610,4.0,0.0,0.0,2.0,0.0,1.0,1.0,0.0,0.0,0.0,0.0,0.0,4,0.03227108824623762,1
386,2610100,2610,1.0,4.0,0.0,2.0,1.0,0.0,0.0,3.0,2.0,0.0,0.0,0.0,6,0.9543021809958859,1
387,2610101,2610,0.0,0.0,0.0,1.0,0.0,0.0,0.0,4.0,0.0,0.0,0.0,0.0,2,-0.8897600045034108,1
388,2610102,2610,0.0,3.0,0.0,2.0,2.0,1.0,0.0,3.0,2.0,0.0,0.0,3.0,7,1.41531772737071,1
389,2610103,2610,0.0,1.0,0.0,0.0,0.0,1.0,0.0,3.0,2.0,0.0,0.0,0.0,4,0.03227108824623762,0
390,2610104,2610,0.0,0.0,0.0,0.0,0.0,0.0,0.0,3.0,3.0,0.0,0.0,0.0,2,-0.8897600045034108,0
391,2610105,2610,0.0,1.0,0.0,1.0,0.0,0.0,0.0,2.0,0.0,0.0,0.0,0.0,3,-0.4287444581285865,1
392,2610106,2610,0.0,0.0,0.0,0.0,0.0,0.0,0.0,2.0,2.0,0.0,2.0,0.0,3,-0.4287444581285865,0
393,2610107,2610,0.0,1.0,0.0,0.0,0.0,0.0,0.0,2.0,0.0,0.0,0.0,0.0,2,-0.8897600045034108,0
394,2610108,2610,0.0,0.0,0.0,1.0,1.0,0.0,0.0,4.0,0.0,0.0,0.0,2.0,4,0.03227108824623762,1
395,2610109,2610,1.0,1.0,0.0,0.0,0.0,0.0,0.0,2.0,0.0,0.0,0.0,1.0,4,0.03227108824623762,0
396,2610111,2610,2.0,3.0,0.0,0.0,0.0,0.0,0.0,3.0,0.0,0.0,0.0,0.0,3,-0.4287444581285865,0
397,2610118,2610,0.0,2.0,0.0,0.0,0.0,0.0,0.0,3.0,0.0,0.0,0.0,3.0,3,-0.4287444581285865,0
398,2610119,2610,0.0,4.0,0.0,0.0,0.0,0.0,0.0,3.0,2.0,0.0,0.0,4.0,4,0.03227108824623762,0
399,2610123,2610,1.0,0.0,0.0,0.0,0.0,0.0,0.0,0.0,0.0,0.0,0.0,0.0,1,-1.3507755508782349,0
400,2610124,2610,0.0,0.0,0.0,0.0,0.0,0.0,0.0,3.0,0.0,0.0,0.0,0.0,1,-1.3507755508782349,0
401,2611001,2611,0.0,1.0,0.0,0.0,0.0,0.0,0.0,3.0,2.0,0.0,0.0,3.0,4,0.03227108824623762,0
402,2611002,2611,0.0,0.0,0.0,1.0,1.0,0.0,0.0,2.0,2.0,0.0,0.0,2.0,5,0.49328663462106176,1
403,2611003,2611,0.0,0.0,0.0,0.0,0.0,0.0,0.0,2.0,2.0,0.0,0.0,3.0,3,-0.4287444581285865,0
404,2611004,2611,0.0,0.0,0.0,0.0,0.0,0.0,0.0,2.0,2.0,0.0,0.0,4.0,3,-0.4287444581285865,0
405,2611005,2611,0.0,0.0,0.0,0.0,0.0,0.0,0.0,1.0,1.0,0.0,0.0,2.0,3,-0.4287444581285865,0
406,2611006,2611,2.0,2.0,0.0,2.0,2.0,0.0,0.0,0.0,0.0,0.0,0.0,1.0,5,0.49328663462106176,1
407,2611007,2611,0.0,0.0,1.0,0.0,0.0,0.0,0.0,2.0,0.0,0.0,0.0,3.0,3,-0.4287444581285865,0
408,2611008,2611,0.0,0.0,0.0,0.0,0.0,0.0,0.0,0.0,0.0,0.0,0.0,0.0,0,-1.811791097253059,0
409,2611009,2611,0.0,0.0,0.0,1.0,1.0,0.0,1.0,0.0,0.0,0.0,0.0,4.0,4,0.03227108824623762,1
410,2611010,2611,0.0,1.0,0.0,1.0,1.0,0.0,0.0,2.0,2.0,3.0,1.0,3.0,8,1.8763332737455345,1
411,2611011,2611,1.0,0.0,0.0,0.0,0.0,0.0,1.0,2.0,1.0,0.0,0.0,2.0,5,0.49328663462106176,1
412,2611012,2611,3.0,4.0,0.0,0.0,0.0,0.0,3.0,4.0,2.0,0.0,0.0,3.0,6,0.9543021809958859,1
413,2611013,2611,1.0,0.0,0.0,0.0,0.0,1.0,0.0,3.0,0.0,0.0,0.0,3.0,4,0.03227108824623762,0
414,2611014,2611,2.0,3.0,0.0,3.0,1.0,2.0,2.0,4.0,3.0,0.0,0.0,3.0,9,2.3373488201203587,1
415,2611015,2611,1.0,3.0,0.0,3.0,1.0,2.0,1.0,4.0,3.0,0.0,0.0,3.0,9,2.3373488201203587,1
416,2611016,2611,0.0,0.0,0.0,1.0,1.0,0.0,0.0,0.0,2.0,0.0,0.0,1.0,4,0.03227108824623762,1
417,2611017,2611,0.0,3.0,0.0,1.0,0.0,0.0,0.0,3.0,3.0,0.0,0.0,4.0,5,0.49328663462106176,1
418,2611018,2611,1.0,0.0,1.0,0.0,0.0,1.0,1.0,3.0,3.0,0.0,0.0,3.0,7,1.41531772737071,1
419,2611019,2611,1.0,1.0,0.0,0.0,0.0,0.0,0.0,2.0,2.0,0.0,0.0,3.0,5,0.49328663462106176,0
420,2611020,2611,1.0,0.0,1.0,1.0,0.0,0.0,0.0,2.0,2.0,0.0,0.0,3.0,6,0.9543021809958859,1
421,2611021,2611,0.0,0.0,0.0,0.0,0.0,0.0,0.0,1.0,1.0,0.0,0.0,0.0,2,-0.8897600045034108,0
422,2611024,2611,0.0,3.0,0.0,0.0,0.0,3.0,0.0,3.0,3.0,0.0,0.0,4.0,5,0.49328663462106176,0
423,2611025,2611,0.0,0.0,0.0,0.0,0.0,0.0,0.0,3.0,0.0,0.0,0.0,0.0,1,-1.3507755508782349,0
424,2611026,2611,0.0,0.0,0.0,0.0,0.0,0.0,0.0,3.0,2.0,0.0,0.0,3.0,3,-0.4287444581285865,0
425,2611027,2611,0.0,0.0,0.0,0.0,0.0,0.0,0.0,0.0,0.0,0.0,0.0,4.0,1,-1.3507755508782349,0
426,2611028,2611,4.0,0.0,0.0,0.0,0.0,0.0,0.0,4.0,2.0,0.0,0.0,0.0,3,-0.4287444581285865,0
427,2611030,2611,4.0,3.0,0.0,0.0,0.0,0.0,2.0,4.0,3.0,0.0,0.0,3.0,6,0.9543021809958859,1
428,2611032,2611,0.0,0.0,0.0,0.0,0.0,0.0,0.0,0.0,0.0,0.0,0.0,0.0,0,-1.811791097253059,0
429,2611033,2611,3.0,3.0,0.0,1.0,0.0,1.0,0.0,2.0,3.0,0.0,0.0,2.0,7,1.41531772737071,1
430,2611034,2611,0.0,0.0,0.0,0.0,0.0,0.0,0.0,4.0,1.0,0.0,0.0,3.0,3,-0.4287444581285865,0
431,2611036,2611,4.0,4.0,0.0,1.0,1.0,0.0,0.0,3.0,1.0,0.0,0.0,0.0,6,0.9543021809958859,1
432,2611037,2611,1.0,1.0,0.0,0.0,0.0,0.0,0.0,1.0,1.0,0.0,0.0,0.0,4,0.03227108824623762,0
433,2611038,2611,0.0,0.0,0.0,2.0,0.0,0.0,0.0,3.0,2.0,0.0,0.0,2.0,4,0.03227108824623762,1
434,2611039,2611,0.0,0.0,0.0,0.0,0.0,0.0,0.0,4.0,3.0,0.0,0.0,0.0,2,-0.8897600045034108,0
435,2611040,2611,1.0,0.0,0.0,0.0,1.0,0.0,0.0,3.0,3.0,1.0,0.0,1.0,6,0.9543021809958859,0
436,2611041,2611,2.0,0.0,0.0,1.0,1.0,0.0,0.0,3.0,3.0,2.0,0.0,2.0,7,1.41531772737071,1
437,2611042,2611,0.0,0.0,0.0,0.0,0.0,0.0,0.0,3.0,0.0,0.0,0.0,2.0,2,-0.8897600045034108,0
438,2611044,2611,2.0,1.0,0.0,2.0,0.0,0.0,0.0,3.0,2.0,0.0,1.0,2.0,7,1.41531772737071,1
439,2611045,2611,0.0,0.0,0.0,0.0,0.0,0.0,0.0,1.0,0.0,0.0,0.0,0.0,1,-1.3507755508782349,0
440,2611046,2611,3.0,3.0,0.0,0.0,0.0,0.0,0.0,2.0,2.0,0.0,0.0,0.0,4,0.03227108824623762,0
441,2611049,2611,0.0,0.0,0.0,0.0,0.0,0.0,0.0,3.0,1.0,0.0,0.0,0.0,2,-0.8897600045034108,0
442,2611051,2611,1.0,0.0,0.0,1.0,1.0,0.0,0.0,2.0,1.0,0.0,0.0,2.0,6,0.9543021809958859,1
443,2611052,2611,0.0,0.0,0.0,0.0,0.0,0.0,0.0,4.0,4.0,0.0,0.0,0.0,2,-0.8897600045034108,0
444,2611053,2611,0.0,0.0,0.0,0.0,0.0,0.0,0.0,4.0,4.0,0.0,0.0,0.0,2,-0.8897600045034108,0
445,2611054,2611,0.0,3.0,0.0,0.0,0.0,0.0,0.0,3.0,3.0,0.0,0.0,3.0,4,0.03227108824623762,0
446,2611056,2611,3.0,3.0,3.0,1.0,2.0,3.0,1.0,4.0,4.0,1.0,0.0,2.0,11,3.259379912870007,1
447,2611058,2611,4.0,4.0,0.0,2.0,1.0,0.0,1.0,4.0,2.0,0.0,0.0,0.0,7,1.41531772737071,1
448,2611060,2611,1.0,2.0,0.0,0.0,0.0,0.0,0.0,3.0,3.0,0.0,0.0,0.0,4,0.03227108824623762,0
449,2611061,2611,0.0,0.0,0.0,0.0,0.0,0.0,0.0,3.0,0.0,0.0,0.0,0.0,1,-1.3507755508782349,0
450,2611062,2611,0.0,0.0,0.0,0.0,0.0,0.0,0.0,3.0,2.0,0.0,0.0,0.0,2,-0.8897600045034108,0
451,2611063,2611,0.0,0.0,0.0,0.0,0.0,0.0,0.0,3.0,0.0,0.0,0.0,0.0,1,-1.3507755508782349,0
452,2611064,2611,3.0,3.0,1.0,0.0,2.0,3.0,0.0,3.0,3.0,0.0,0.0,4.0,8,1.8763332737455345,0
453,2611065,2611,4.0,4.0,0.0,0.0,0.0,0.0,2.0,3.0,2.0,3.0,0.0,4.0,7,1.41531772737071,1
454,2611067,2611,1.0,2.0,1.0,2.0,2.0,1.0,1.0,3.0,3.0,0.0,0.0,2.0,10,2.798364366495183,1
455,2611068,2611,2.0,0.0,0.0,2.0,0.0,0.0,0.0,2.0,2.0,0.0,0.0,4.0,5,0.49328663462106176,1
456,2611069,2611,0.0,3.0,3.0,0.0,0.0,0.0,0.0,3.0,0.0,0.0,0.0,3.0,4,0.03227108824623762,0
457,2611070,2611,0.0,0.0,0.0,2.0,0.0,0.0,0.0,1.0,1.0,0.0,0.0,0.0,3,-0.4287444581285865,1
458,2611071,2611,1.0,1.0,0.0,1.0,0.0,0.0,0.0,1.0,0.0,0.0,0.0,2.0,5,0.49328663462106176,1
459,2611072,2611,3.0,0.0,0.0,1.0,1.0,0.0,0.0,4.0,0.0,0.0,0.0,3.0,5,0.49328663462106176,1
460,2611073,2611,3.0,0.0,1.0,0.0,1.0,0.0,0.0,4.0,4.0,0.0,0.0,4.0,6,0.9543021809958859,0
461,2611074,2611,0.0,0.0,0.0,0.0,0.0,0.0,0.0,2.0,2.0,0.0,0.0,3.0,3,-0.4287444581285865,0
462,2611075,2611,3.0,4.0,1.0,1.0,0.0,0.0,0.0,3.0,0.0,0.0,0.0,4.0,6,0.9543021809958859,1
463,2611076,2611,2.0,2.0,0.0,1.0,0.0,0.0,0.0,4.0,0.0,0.0,0.0,4.0,5,0.49328663462106176,1
464,2611077,2611,4.0,0.0,0.0,0.0,0.0,0.0,0.0,2.0,3.0,0.0,0.0,1.0,4,0.03227108824623762,0
465,2611078,2611,1.0,4.0,0.0,2.0,2.0,0.0,1.0,4.0,2.0,0.0,0.0,4.0,8,1.8763332737455345,1
466,2611080,2611,4.0,2.0,0.0,0.0,0.0,0.0,0.0,2.0,0.0,0.0,0.0,0.0,3,-0.4287444581285865,0
467,2611081,2611,3.0,2.0,0.0,0.0,0.0,0.0,0.0,3.0,0.0,0.0,0.0,4.0,4,0.03227108824623762,0
468,2611083,2611,4.0,2.0,0.0,0.0,0.0,0.0,0.0,4.0,3.0,0.0,0.0,4.0,5,0.49328663462106176,0
469,2611084,2611,4.0,0.0,0.0,0.0,0.0,0.0,0.0,2.0,2.0,0.0,0.0,0.0,3,-0.4287444581285865,0
470,2611085,2611,0.0,0.0,0.0,1.0,1.0,0.0,0.0,3.0,0.0,0.0,0.0,0.0,3,-0.4287444581285865,1
471,2611086,2611,0.0,0.0,0.0,0.0,0.0,0.0,0.0,0.0,0.0,0.0,0.0,0.0,0,-1.811791097253059,0
472,2611087,2611,3.0,3.0,2.0,2.0,2.0,0.0,2.0,2.0,3.0,0.0,0.0,1.0,9,2.3373488201203587,1
473,2611088,2611,0.0,0.0,0.0,0.0,0.0,0.0,0.0,3.0,3.0,0.0,0.0,3.0,3,-0.4287444581285865,0
474,2611089,2611,0.0,4.0,0.0,1.0,0.0,0.0,0.0,4.0,0.0,0.0,0.0,0.0,3,-0.4287444581285865,1
475,2611090,2611,0.0,1.0,0.0,1.0,1.0,1.0,0.0,3.0,2.0,1.0,1.0,3.0,9,2.3373488201203587,1
476,2611091,2611,0.0,3.0,0.0,0.0,1.0,0.0,0.0,3.0,3.0,0.0,0.0,3.0,5,0.49328663462106176,0
477,2611092,2611,0.0,4.0,0.0,0.0,0.0,0.0,0.0,4.0,2.0,0.0,0.0,0.0,3,-0.4287444581285865,0
478,2611093,2611,4.0,4.0,3.0,3.0,2.0,0.0,2.0,4.0,2.0,0.0,0.0,0.0,8,1.8763332737455345,1
479,2611094,2611,4.0,4.0,4.0,4.0,2.0,2.0,2.0,4.0,4.0,1.0,0.0,4.0,11,3.259379912870007,1
480,2611095,2611,4.0,4.0,2.0,0.0,0.0,1.0,0.0,4.0,3.0,0.0,0.0,4.0,7,1.41531772737071,0
481,2611096,2611,0.0,3.0,0.0,0.0,1.0,0.0,0.0,3.0,1.0,0.0,0.0,0.0,4,0.03227108824623762,0
482,2611097,2611,4.0,1.0,0.0,0.0,0.0,0.0,0.0,1.0,0.0,0.0,0.0,3.0,4,0.03227108824623762,0
483,2611098,2611,0.0,0.0,0.0,0.0,0.0,0.0,0.0,4.0,3.0,0.0,0.0,4.0,3,-0.4287444581285865,0
484,2611099,2611,3.0,3.0,0.0,0.0,0.0,0.0,0.0,4.0,3.0,0.0,0.0,4.0,5,0.49328663462106176,0
485,2611100,2611,4.0,3.0,3.0,0.0,0.0,4.0,0.0,4.0,3.0,2.0,0.0,4.0,8,1.8763332737455345,0
486,2611101,2611,0.0,0.0,0.0,0.0,0.0,0.0,0.0,3.0,0.0,0.0,0.0,0.0,1,-1.3507755508782349,0
487,2611102,2611,4.0,4.0,0.0,0.0,0.0,0.0,0.0,2.0,3.0,0.0,0.0,3.0,5,0.49328663462106176,0
488,2611103,2611,2.0,0.0,2.0,0.0,2.0,0.0,0.0,3.0,3.0,0.0,0.0,4.0,6,0.9543021809958859,0
489,2611104,2611,0.0,0.0,0.0,0.0,0.0,0.0,0.0,3.0,3.0,0.0,0.0,0.0,2,-0.8897600045034108,0
490,2611105,2611,0.0,0.0,0.0,0.0,0.0,0.0,1.0,4.0,2.0,0.0,0.0,3.0,4,0.03227108824623762,1
491,2611106,2611,0.0,0.0,0.0,0.0,0.0,0.0,0.0,0.0,0.0,0.0,0.0,0.0,0,-1.811791097253059,0
492,2611109,2611,0.0,1.0,1.0,2.0,0.0,0.0,1.0,2.0,1.0,1.0,0.0,2.0,8,1.8763332737455345,1
493,2611110,2611,1.0,1.0,0.0,0.0,0.0,0.0,0.0,2.0,1.0,0.0,0.0,0.0,4,0.03227108824623762,0
494,2611111,2611,0.0,0.0,0.0,0.0,0.0,0.0,0.0,3.0,0.0,0.0,0.0,0.0,1,-1.3507755508782349,0
495,2611114,2611,3.0,2.0,0.0,0.0,0.0,0.0,0.0,3.0,3.0,0.0,0.0,3.0,5,0.49328663462106176,0
496,2611115,2611,0.0,0.0,0.0,0.0,0.0,0.0,0.0,4.0,0.0,0.0,0.0,0.0,1,-1.3507755508782349,0
497,2611117,2611,0.0,1.0,0.0,0.0,0.0,0.0,0.0,1.0,2.0,0.0,0.0,0.0,3,-0.4287444581285865,0
498,2611118,2611,0.0,0.0,0.0,0.0,2.0,0.0,0.0,2.0,2.0,0.0,0.0,0.0,3,-0.4287444581285865,0
499,2611119,2611,0.0,4.0,0.0,0.0,1.0,0.0,1.0,4.0,3.0,0.0,0.0,2.0,6,0.9543021809958859,1
