,HHID,Riskiness_CerealCrops,Riskiness_Non-CerealCrops,Riskiness_Fruit/Veg,Riskiness_LargeAnimal,Riskiness_SmallAnimal,Riskiness_Poultry,Riskiness_LocalMigrate,Riskiness_IntlMigrate,Riskiness_Business,Riskiness_Salary,Riskiness_Wage,Riskiness_Pension
0,2301006,3,3,3,3,3,2,3,3,2,2,2,1
1,2301007,2,2,2,2,2,2,2,3,3,3,3,1
2,2301013,2,1,2,1,2,2,2,2,3,2,3,2
3,2301016,3,3,2,2,3,2,2,3,3,2,3,1
4,2301017,3,3,2,2,2,3,2,3,2,2,3,2
5,2301021,3,3,3,3,3,2,2,3,3,3,3,1
6,2301029,1,2,1,2,2,3,2,2,1,1,2,1
7,2301037,3,3,3,3,3,3,2,3,3,2,3,1
8,2301038,3,3,3,3,3,3,3,3,3,2,3,2
9,2301041,3,3,3,3,3,3,3,3,3,3,3,3
10,2301043,3,3,3,3,3,2,3,3,3,2,3,1
11,2301044,3,3,3,3,3,3,3,3,3,3,3,1
12,2301046,3,2,3,3,3,3,3,3,3,3,3,3
13,2301047,3,3,3,3,3,3,3,3,3,3,3,2
14,2301048,3,3,3,3,3,3,3,3,3,3,3,2
15,2301053,3,3,3,2,3,3,3,3,2,3,3,3
16,2301056,3,3,3,2,2,2,2,2,2,1,2,1
17,2301057,3,3,2,2,2,2,2,2,2,1,3,2
18,2301058,2,2,2,3,2,1,1,2,2,2,1,1
19,2301059,2,3,3,2,2,2,2,3,2,2,2,2
20,2301060,2,3,2,2,2,2,2,2,2,1,2,2
21,2301068,2,2,2,2,2,2,2,2,2,1,2,1
22,2301069,3,3,2,2,2,2,2,2,2,2,3,2
23,2301070,2,2,2,3,2,3,2,2,2,1,2,1
24,2301071,3,3,2,2,2,2,2,2,3,2,3,2
25,2301072,3,2,3,3,2,2,2,3,2,2,3,2
26,2301073,2,2,2,2,2,2,2,2,1,1,2,1
27,2301074,2,3,2,2,2,2,3,3,2,2,3,2
28,2301075,2,2,2,2,2,2,3,2,2,2,2,1
29,2301086,3,2,2,3,2,2,2,3,3,2,2,2
30,2301087,3,3,3,2,2,2,2,3,3,1,3,2
31,2301092,2,3,2,2,2,2,2,2,2,2,3,2
32,2301093,3,3,3,3,3,3,2,2,2,1,3,1
33,2301094,2,3,3,2,2,2,2,3,2,2,3,1
34,2301096,2,2,2,2,2,2,2,3,2,1,2,1
35,2301099,3,2,2,3,2,3,2,3,3,2,2,1
36,2301100,3,2,2,3,3,3,2,3,3,2,2,1
37,2301104,3,2,3,2,2,2,2,3,3,1,2,1
38,2301105,3,3,3,2,2,2,3,3,2,3,3,3
39,2301108,3,2,1,1,1,2,3,3,1,1,3,1
40,2301111,3,3,2,3,3,3,2,3,1,3,3,3
41,2301113,3,3,3,2,3,3,3,3,1,2,3,3
42,2301116,2,2,3,2,2,1,3,3,2,2,3,1
43,2301122,3,3,1,1,2,2,3,3,3,1,3,3
44,2301124,3,3,1,3,3,3,3,3,3,1,3,1
45,2301125,1,1,1,3,3,3,1,3,3,2,3,3
46,2301126,2,2,3,3,3,3,2,3,3,1,3,2
47,2301127,1,3,3,3,1,3,3,3,3,1,3,1
48,2301128,3,3,3,3,3,3,3,3,1,1,3,3
49,2301129,3,3,3,3,3,3,3,3,3,3,3,2
50,2301130,3,3,2,2,2,3,2,2,2,1,3,1
51,2301132,2,2,3,3,2,1,3,3,1,1,3,1
52,2304001,2,3,3,3,3,3,3,3,3,2,3,2
53,2304002,3,3,3,3,3,3,3,3,3,1,3,1
54,2304003,2,2,3,3,3,3,3,3,3,2,3,1
55,2304004,3,3,3,1,1,2,2,3,2,1,3,1
56,2304006,3,2,2,3,2,2,2,3,2,2,2,1
57,2304007,3,3,3,3,3,3,2,3,2,1,3,1
58,2304009,3,3,3,3,3,1,3,3,2,1,2,1
59,2304010,3,3,3,2,2,3,2,3,3,2,2,1
60,2304011,3,3,2,2,2,3,3,3,2,1,3,1
61,2304014,3,3,1,3,2,3,1,3,3,1,1,1
62,2304015,3,3,3,3,2,2,3,3,3,1,2,1
63,2304020,3,1,1,1,2,3,2,2,2,2,2,2
64,2304021,3,3,2,3,3,2,2,3,3,2,2,1
65,2304022,3,2,2,2,2,3,2,3,2,2,3,2
66,2304024,3,2,2,2,2,2,2,3,3,2,3,2
67,2304025,3,3,3,2,2,2,2,3,3,2,3,2
68,2304026,3,2,2,2,2,1,2,3,3,2,3,1
69,2304027,3,3,3,3,3,3,3,3,3,2,3,1
70,2304028,2,2,2,3,3,3,3,3,3,3,3,1
71,2304029,3,3,3,3,3,3,3,3,3,2,3,1
72,2304030,3,2,2,3,2,2,3,3,3,3,3,2
73,2304031,3,3,2,2,2,2,2,3,3,2,2,1
74,2304032,3,2,2,2,2,3,2,3,3,2,3,1
75,2304033,3,2,3,3,3,3,3,3,3,2,3,1
76,2304034,3,3,3,3,3,3,3,3,3,2,2,1
77,2304035,3,3,3,3,3,3,3,3,3,2,3,1
78,2304036,3,2,3,2,1,3,3,3,3,1,2,1
79,2304037,2,3,1,2,2,3,2,3,1,2,3,1
80,2304038,2,2,1,3,3,2,2,2,2,1,3,1
81,2304039,3,3,3,3,3,3,3,3,3,2,2,1
82,2304040,3,3,3,3,3,3,3,3,3,3,3,1
83,2304041,2,2,2,2,2,1,2,3,2,2,2,1
84,2304043,2,2,2,2,1,2,2,3,2,2,2,1
85,2304044,2,2,2,3,2,2,2,3,3,1,3,1
86,2304045,1,1,1,3,3,3,2,3,3,1,1,1
87,2304046,3,3,3,3,3,3,3,3,3,3,3,2
88,2304049,3,3,3,3,3,3,3,3,3,3,3,2
89,2304050,3,3,3,3,3,3,3,3,3,3,3,2
90,2304051,2,3,1,1,1,1,3,3,1,2,2,3
91,2304052,3,3,3,3,3,3,3,3,3,3,3,3
92,2304053,3,3,3,3,3,3,3,3,3,3,3,2
93,2304055,3,3,3,3,3,3,1,3,3,3,3,3
94,2304056,1,2,3,3,3,2,2,3,1,1,3,1
95,2304059,3,3,3,3,3,3,3,3,3,2,3,1
96,2304064,3,3,3,3,3,3,2,3,2,2,3,1
97,2304065,2,2,1,2,2,2,2,3,2,2,2,1
98,2304070,3,3,1,3,2,2,3,2,1,2,3,1
99,2304071,3,3,2,3,2,2,2,3,1,1,3,1
100,2304072,2,2,2,2,2,3,2,3,2,2,2,1
101,2304075,3,3,3,3,3,3,3,3,2,3,3,1
102,2304076,3,2,2,2,2,2,2,3,2,2,2,1
103,2304083,3,3,2,3,2,3,3,3,1,2,2,2
104,2304084,3,3,3,3,2,1,3,3,3,1,3,1
105,2304085,2,2,3,3,3,3,1,3,3,2,2,1
106,2304086,3,3,2,2,2,3,2,3,3,3,2,1
107,2304087,3,2,2,2,2,2,2,3,2,2,2,1
108,2304089,3,2,3,3,3,3,3,3,3,2,3,1
109,2304090,3,3,2,3,3,3,2,3,3,3,3,1
110,2304091,1,1,1,2,1,1,2,2,1,1,2,1
111,2304092,2,2,2,2,2,3,3,3,3,2,3,1
112,2304094,3,3,2,3,2,2,2,3,3,3,3,2
113,2304098,2,2,3,2,2,2,3,3,2,1,3,1
114,2304103,3,3,3,3,3,2,2,3,2,3,3,1
115,2304105,3,3,3,3,3,3,3,3,3,2,3,3
116,2304110,3,3,3,3,3,3,3,3,3,3,3,3
117,2304111,1,1,1,1,1,1,1,2,1,1,1,1
118,2304112,2,2,2,3,2,2,2,3,3,2,2,1
119,2304118,3,2,3,3,2,2,3,3,3,3,3,2
120,2304119,3,3,2,2,3,2,3,3,2,2,2,1
121,2304121,3,3,2,3,3,2,2,3,2,2,2,2
122,2304122,3,3,3,3,2,2,3,3,3,1,2,1
123,2304123,3,2,2,3,3,3,2,3,2,2,2,2
124,2304124,3,3,3,3,3,3,3,3,3,3,3,3
125,2304126,3,3,2,3,3,3,3,3,1,3,3,3
126,2304130,3,1,3,1,3,3,3,3,3,3,3,3
127,2304131,3,3,1,2,3,2,3,3,3,3,3,1
128,2304132,1,1,1,2,1,1,3,3,1,2,3,1
129,2304133,2,3,1,1,1,1,1,3,1,1,3,1
130,2304134,3,3,3,3,3,3,3,3,3,2,3,1
131,2304135,2,2,3,3,3,3,2,3,1,1,3,1
132,2304136,3,3,3,3,3,3,3,3,3,2,3,1
133,2304139,2,3,3,2,2,2,1,2,2,2,2,2
134,2304140,2,2,3,2,3,3,2,3,2,2,3,1
135,2304141,2,2,3,3,2,3,1,3,2,1,3,1
136,2304146,3,3,2,2,2,2,2,3,2,2,3,2
137,2304147,3,2,3,3,3,3,3,3,3,3,1,3
138,2304148,3,3,3,3,3,3,3,3,3,3,3,1
139,2304149,2,2,2,2,2,2,2,3,2,2,2,2
140,2304150,2,2,3,2,1,3,3,3,2,1,2,1
141,2304151,3,3,3,3,3,3,3,3,3,3,3,2
142,2304152,2,2,2,2,2,2,2,3,2,2,3,2
143,2304154,3,3,3,3,3,3,3,3,3,3,3,2
144,2304155,3,3,3,3,3,3,3,3,3,3,3,1
145,2304157,3,3,3,3,3,3,3,3,2,3,3,1
146,2304158,3,3,3,3,3,3,2,3,2,2,2,1
147,2304163,3,3,3,3,2,2,2,3,2,1,3,1
148,2304162,3,3,3,3,3,3,3,3,3,3,2,1
149,2304164,3,3,3,3,3,3,3,3,3,3,3,1
150,2304166,3,3,3,3,3,3,2,3,2,1,3,1
151,2304167,3,3,3,3,3,3,3,3,2,2,3,2
152,2304170,2,2,2,2,2,2,2,3,2,1,2,1
153,2304173,3,2,2,3,2,2,2,3,2,2,2,1
154,2304174,2,2,2,2,2,2,2,2,2,1,2,1
155,2304175,3,2,3,3,2,3,3,3,3,3,2,1
156,2304176,2,1,3,3,2,3,3,3,3,2,3,2
157,2304177,3,2,1,2,2,2,1,3,3,1,1,1
158,2309002,3,3,3,2,3,3,3,3,2,2,3,1
159,2309004,3,2,3,3,3,3,3,3,2,1,2,1
160,2309014,3,2,1,3,3,3,3,3,3,2,2,1
161,2309016,3,3,2,2,3,3,3,3,3,1,3,1
162,2309021,3,3,3,3,3,3,3,3,2,3,3,1
163,2309022,3,2,3,1,2,3,1,3,2,1,1,1
164,2309029,2,2,3,3,3,3,2,3,2,3,3,1
165,2309030,3,2,2,2,3,3,2,2,2,2,3,1
166,2309032,3,3,3,3,3,3,1,2,3,1,3,1
167,2309033,3,3,3,1,1,3,3,3,1,1,1,1
168,2309036,3,3,3,3,1,3,1,3,1,1,3,3
169,2309037,3,3,3,3,3,3,3,3,2,1,1,1
170,2309039,3,3,3,2,2,2,2,3,3,2,3,3
171,2309041,3,3,3,3,3,3,3,3,3,2,3,3
172,2309042,3,3,3,3,2,2,3,3,2,3,3,3
173,2309045,2,2,2,2,2,3,2,3,3,2,3,3
174,2309053,3,3,3,3,3,3,3,3,3,3,3,2
175,2309054,3,3,3,3,3,3,3,3,3,3,3,2
176,2309055,3,3,3,3,3,3,2,3,3,3,3,3
177,2309056,3,3,3,3,3,3,3,3,3,3,3,2
178,2309057,3,3,3,3,3,3,3,3,3,3,3,2
179,2309059,2,2,2,2,2,2,2,1,1,1,2,1
180,2309067,3,1,3,3,3,1,3,3,1,3,3,1
181,2309068,2,2,2,1,2,2,1,1,1,1,2,1
182,2309070,1,1,1,1,1,1,2,2,1,1,1,1
183,2309071,2,2,2,3,3,2,2,3,2,3,2,2
184,2309074,2,3,2,2,2,2,2,2,2,2,3,2
185,2309075,2,2,2,2,2,2,2,2,2,2,2,2
186,2309079,3,3,3,3,3,3,3,3,3,2,3,3
187,2309080,3,3,3,3,2,2,3,3,3,3,3,1
188,2309081,3,3,3,2,3,3,3,3,3,2,3,1
189,2309082,2,3,2,2,2,2,2,3,2,2,2,1
190,2309083,3,3,3,3,3,3,3,3,2,2,2,1
191,2309084,2,2,2,3,3,3,3,3,2,3,3,1
192,2309085,2,2,2,3,2,2,3,3,2,2,3,1
193,2309086,2,3,3,3,3,3,3,3,3,3,3,2
194,2309087,2,1,2,3,2,2,2,3,3,2,2,1
195,2309088,2,3,2,2,2,3,1,3,2,1,1,1
196,2309089,2,2,2,2,2,2,2,3,3,1,2,1
197,2309092,2,2,2,2,2,2,2,3,2,2,2,1
198,2309093,3,2,3,3,3,2,2,3,3,3,2,1
199,2309094,1,1,1,3,2,1,2,3,2,2,3,1
200,2309097,3,3,2,3,2,3,3,3,2,2,3,1
201,2309098,3,3,3,3,2,2,2,3,2,3,2,1
202,2309100,2,2,3,3,3,3,2,3,3,1,3,1
203,2309101,3,2,1,2,3,3,2,3,3,2,2,1
204,2309102,3,3,3,2,3,2,3,3,2,2,3,1
205,2309127,3,3,2,3,3,3,1,3,3,1,3,1
206,2309128,3,3,2,2,2,2,3,3,2,1,2,1
207,2309133,3,3,2,2,2,2,2,3,3,3,2,1
208,2309134,2,2,2,3,2,2,2,2,2,2,2,2
209,2309139,2,2,3,3,3,2,2,3,2,2,3,1
210,2309140,3,3,3,2,2,2,3,3,3,3,3,3
211,2309141,1,2,3,2,2,1,2,3,2,3,3,1
212,2309147,3,2,3,3,3,3,3,3,2,2,3,1
213,2309150,3,2,3,3,3,3,2,3,2,3,3,1
214,2309151,3,3,3,3,3,2,2,3,3,2,3,2
215,2309152,2,2,1,2,2,3,2,2,2,1,3,2
216,2309154,2,2,2,2,2,2,2,2,1,1,2,1
217,2309155,2,2,2,2,2,2,2,2,2,2,2,2
218,2309158,3,2,3,3,2,2,3,2,3,2,3,1
219,2309159,3,2,1,3,3,1,2,3,3,2,1,1
220,2309160,2,1,2,2,1,2,1,3,2,1,2,1
221,2309163,3,3,2,2,3,3,3,3,3,3,3,1
222,2309165,3,2,1,3,1,2,2,3,2,2,1,1
223,2309170,3,3,3,2,2,3,3,3,3,2,3,1
224,2309171,1,1,1,1,1,2,3,3,1,1,2,1
225,2309174,3,2,2,2,3,3,2,3,3,2,2,2
226,2309183,3,3,2,2,3,3,2,3,3,3,3,2
227,2309184,3,3,2,2,2,2,3,3,3,2,3,1
228,2309185,2,2,2,3,3,2,2,3,2,2,2,1
229,2309187,3,3,3,3,3,3,3,3,3,3,3,2
230,2309189,3,2,2,3,3,2,2,3,2,2,3,1
231,2309191,3,3,2,2,2,3,2,2,1,1,3,1
232,2309192,2,2,2,2,2,2,2,3,2,2,3,2
233,2309196,2,2,2,2,2,2,2,2,2,2,2,2
234,2309197,2,2,3,2,2,2,3,3,2,2,2,2
235,2309198,3,3,3,3,3,3,3,3,3,3,3,2
236,2309199,3,3,3,3,3,3,3,3,3,3,3,2
237,2309204,3,3,3,1,3,1,2,3,1,1,3,1
238,2309205,3,3,3,2,2,2,1,2,2,1,3,2
239,2309207,3,3,3,3,1,3,1,3,2,1,3,1
240,2309208,3,3,2,3,3,3,3,3,2,1,2,3
241,2309211,3,2,1,3,3,3,3,3,3,1,3,3
242,2309212,3,3,2,1,3,3,3,3,1,3,3,3
243,2309214,2,2,2,2,2,2,2,3,2,2,3,2
244,2309217,3,3,3,3,3,3,3,3,3,3,3,1
245,2309218,2,2,3,3,2,1,2,3,2,2,3,3
246,2309219,2,3,2,3,2,2,2,3,2,2,2,1
247,2309222,3,2,3,1,3,2,3,3,2,2,3,3
248,2309227,3,3,2,3,3,3,2,3,2,2,3,2
249,2309228,3,3,3,3,3,3,3,3,3,2,3,3
250,2309229,3,3,3,3,3,3,3,3,3,2,3,2
251,2309232,3,3,3,3,3,3,3,3,2,2,3,1
252,2309233,3,3,2,3,2,3,1,3,2,2,3,2
253,2605003,2,2,2,2,2,2,1,3,2,1,2,1
254,2605004,2,1,1,2,1,3,2,3,3,2,3,1
255,2605005,2,2,2,2,3,3,2,3,3,2,1,1
256,2605009,3,2,1,2,2,2,3,3,2,2,1,1
257,2605016,2,2,2,2,2,2,2,2,2,2,2,2
258,2605017,2,2,2,2,2,2,2,2,2,2,2,2
259,2605018,2,2,2,2,3,2,2,3,3,3,3,1
260,2605019,2,3,1,1,1,1,1,1,1,1,1,1
261,2605021,3,3,3,3,2,2,2,3,3,2,2,2
262,2605022,3,3,2,3,3,3,2,3,2,2,3,1
263,2605023,2,2,2,2,2,2,2,3,2,2,2,2
264,2605024,2,2,3,2,2,2,2,3,2,2,3,1
265,2605025,3,3,3,3,3,3,2,3,3,2,2,1
266,2605026,3,3,2,2,1,1,1,1,1,1,2,1
267,2605027,3,3,3,3,3,3,3,3,2,1,3,1
268,2605029,3,3,2,2,2,3,3,3,1,1,2,1
269,2605030,2,2,2,2,2,1,2,3,1,1,2,2
270,2605031,3,3,3,3,3,3,2,3,2,1,3,1
271,2605032,3,3,3,3,3,3,2,2,2,2,2,1
272,2605033,2,2,2,2,2,2,1,2,3,2,1,2
273,2605042,3,3,3,3,3,3,2,2,3,2,3,1
274,2605045,3,3,3,3,2,3,3,2,2,3,2,2
275,2605046,3,3,3,3,3,1,2,2,3,2,3,2
276,2605048,3,3,3,2,2,1,2,3,2,2,3,1
277,2605049,2,2,2,2,3,2,2,3,3,2,3,1
278,2605050,3,3,3,3,3,1,3,3,2,1,3,1
279,2605051,3,3,3,3,3,3,3,3,3,3,3,3
280,2605052,3,3,3,2,2,2,1,3,2,2,3,1
281,2605053,3,3,3,3,3,3,2,2,3,2,2,1
282,2605055,3,3,3,2,2,2,3,3,3,2,3,3
283,2605056,3,3,3,3,3,3,3,3,3,1,3,1
284,2605058,2,2,2,2,2,2,2,3,2,1,3,1
285,2605059,3,3,3,3,3,3,2,2,2,2,2,1
286,2605061,3,3,2,2,2,2,2,3,2,2,2,2
287,2605062,2,3,3,2,2,3,2,3,2,2,1,1
288,2605064,3,3,3,3,3,3,1,3,3,1,3,1
289,2605065,2,2,2,2,2,2,2,2,2,2,2,2
290,2605066,3,3,3,3,2,3,3,3,3,3,3,2
291,2605067,2,3,1,2,2,1,3,3,2,2,2,1
292,2605068,3,3,2,3,2,1,2,2,2,1,2,1
293,2605076,3,2,2,2,2,3,3,3,1,1,3,1
294,2605078,2,2,3,3,3,3,3,3,3,2,2,1
295,2605080,3,3,3,3,3,3,3,3,3,2,3,3
296,2605081,3,3,3,2,3,3,3,3,3,3,3,2
297,2605083,3,3,3,3,3,3,3,3,3,2,3,1
298,2605084,3,3,3,3,2,2,3,3,3,2,2,2
299,2605085,2,2,2,3,2,2,1,1,2,2,2,1
300,2605086,3,2,1,3,2,2,2,3,3,2,3,2
301,2605089,2,2,2,2,2,2,2,3,2,2,2,2
302,2610001,3,3,3,2,2,3,2,2,2,2,2,1
303,2610002,2,2,2,2,2,2,2,3,2,3,2,2
304,2610003,2,3,3,2,3,3,3,3,3,3,3,1
305,2610004,2,2,2,2,2,2,2,2,2,2,3,2
306,2610005,2,3,2,2,2,2,2,2,2,2,3,2
307,2610007,3,3,3,2,2,2,2,3,2,2,2,2
308,2610009,3,3,3,3,3,3,3,3,3,3,3,2
309,2610010,2,3,2,2,2,3,1,3,3,2,3,2
310,2610011,3,3,3,3,3,3,2,2,2,3,3,2
311,2610012,2,3,3,2,2,3,2,3,2,2,3,3
312,2610013,3,3,3,3,3,3,3,3,3,3,3,2
313,2610014,3,3,3,3,3,3,3,3,3,3,3,3
314,2610015,3,2,2,2,2,3,2,2,2,2,2,1
315,2610017,3,3,2,2,2,2,2,3,2,1,2,1
316,2610018,3,3,2,2,2,2,3,3,2,1,3,1
317,2610019,3,2,2,2,3,3,3,3,2,2,3,2
318,2610020,3,3,2,3,3,2,2,3,3,1,3,2
319,2610021,3,2,2,2,2,3,2,3,2,2,2,2
320,2610022,3,3,3,2,3,3,3,3,2,1,3,2
321,2610023,1,3,3,1,3,2,3,3,3,2,2,1
322,2610024,3,3,3,3,3,1,3,3,3,3,3,1
323,2610025,3,3,3,2,3,3,2,3,2,3,2,2
324,2610026,1,3,3,3,3,3,3,1,1,1,3,1
325,2610027,3,3,3,3,3,3,3,3,3,1,3,1
326,2610028,2,2,3,3,2,2,2,3,3,1,2,1
327,2610029,1,3,2,1,2,3,3,3,1,1,3,2
328,2610031,2,3,2,2,3,2,2,3,2,3,3,2
329,2610032,3,3,2,2,2,3,2,3,3,2,2,1
330,2610033,3,3,2,3,3,2,3,3,3,2,3,1
331,2610034,3,3,3,3,3,3,3,3,3,1,3,1
332,2610035,3,3,3,3,3,3,3,3,3,3,3,2
333,2610036,2,2,1,1,1,1,1,3,1,1,1,1
334,2610037,2,3,1,1,1,2,2,3,3,2,2,2
335,2610038,2,2,1,2,2,3,1,3,2,1,1,1
336,2610040,3,2,2,2,2,3,2,3,2,2,2,1
337,2610041,2,2,2,2,3,3,2,3,3,2,1,1
338,2610042,3,3,3,3,2,3,3,3,3,1,2,1
339,2610043,3,2,2,2,2,2,2,3,3,2,2,1
340,2610044,2,3,2,2,2,2,2,2,2,2,2,2
341,2610045,3,3,2,2,2,2,2,2,2,2,3,2
342,2610046,3,3,3,3,3,2,3,3,3,1,3,1
343,2610047,2,2,1,1,1,2,2,2,3,1,2,2
344,2610048,2,2,1,2,2,2,2,3,1,1,2,1
345,2610049,3,3,2,3,3,3,2,3,2,2,3,2
346,2610050,2,3,1,1,1,2,1,3,1,1,3,1
347,2610051,3,3,3,3,3,3,3,3,3,3,3,3
348,2610052,2,2,2,3,2,2,2,2,2,2,3,2
349,2610053,3,2,3,3,3,2,3,3,3,2,3,1
350,2610054,3,3,3,3,3,2,3,3,2,2,3,1
351,2610055,3,3,3,3,3,3,3,3,3,2,3,1
352,2610056,3,3,2,2,2,2,3,3,2,2,2,2
353,2610057,3,3,3,3,3,3,3,3,3,3,3,2
354,2610058,2,2,2,2,2,2,2,3,2,2,2,2
355,2610059,3,3,2,2,2,2,2,2,2,2,2,2
356,2610060,3,3,3,3,3,3,3,3,3,3,3,3
357,2610061,3,3,3,3,2,3,3,3,3,3,3,1
358,2610062,3,3,2,2,2,3,2,3,2,2,2,2
359,2610063,3,3,3,3,3,3,3,3,3,3,3,2
360,2610064,2,2,2,3,2,2,2,2,2,2,3,2
361,2610066,1,2,3,3,3,3,2,3,1,3,3,2
362,2610067,1,2,3,3,3,2,3,3,3,3,2,1
363,2610068,2,2,3,2,2,3,2,3,2,2,2,3
364,2610070,2,3,2,2,2,2,2,2,2,2,3,2
365,2610071,3,3,2,2,2,1,3,3,3,3,3,1
366,2610072,3,3,3,3,3,3,2,3,3,3,2,3
367,2610073,2,3,3,3,2,2,2,3,1,2,2,2
368,2610074,3,2,2,3,2,3,3,3,3,3,3,1
369,2610075,3,3,3,3,3,3,2,3,3,3,3,3
370,2610076,3,3,3,2,3,2,3,3,2,3,3,2
371,2610077,3,3,3,3,3,3,3,3,3,3,3,2
372,2610078,2,2,2,2,2,2,2,2,2,2,3,2
373,2610079,3,3,3,3,3,3,3,3,3,3,3,2
374,2610081,3,2,3,3,3,3,1,2,2,1,3,1
375,2610083,2,2,2,2,2,2,2,2,2,1,2,2
376,2610084,2,2,2,1,1,2,2,2,2,1,2,1
377,2610085,2,3,2,2,2,2,2,2,2,2,3,2
378,2610086,2,3,2,2,2,3,3,2,2,2,3,2
379,2610087,3,3,3,2,3,2,1,3,3,1,3,2
380,2610088,2,2,2,2,2,2,1,1,2,2,2,1
381,2610090,3,3,3,3,3,3,3,3,3,1,2,1
382,2610091,2,3,3,3,3,3,3,3,3,3,3,3
383,2610092,2,2,2,2,2,2,2,3,1,1,2,1
384,2610093,3,3,3,3,3,2,3,3,3,1,2,1
385,2610095,3,3,3,3,3,3,3,3,3,2,3,1
386,2610100,3,2,1,3,3,2,3,3,2,1,3,1
387,2610101,2,1,1,1,1,3,1,3,2,1,1,1
388,2610102,1,2,1,1,2,2,1,3,2,1,1,1
389,2610103,3,2,1,2,2,2,2,3,2,2,2,1
390,2610104,2,2,1,2,1,2,2,3,2,2,2,1
391,2610105,3,3,2,2,3,2,3,3,2,2,3,2
392,2610106,2,2,1,2,1,1,1,2,1,2,2,1
393,2610107,3,3,1,2,3,2,1,1,1,1,1,1
394,2610108,2,2,1,1,1,1,2,2,2,2,2,2
395,2610109,1,1,1,2,2,2,3,3,2,1,1,1
396,2610111,3,3,3,3,3,3,3,3,2,3,3,3
397,2610118,3,3,3,3,3,3,2,3,2,3,3,1
398,2610119,3,3,2,2,2,3,1,1,1,2,2,2
399,2610123,3,3,3,3,3,3,3,3,3,1,3,1
400,2610124,3,2,1,2,3,3,3,3,1,2,3,3
401,2611001,3,3,3,2,3,3,3,3,2,2,3,1
402,2611002,2,2,2,2,2,3,3,3,3,2,2,1
403,2611003,1,2,3,1,1,1,3,3,2,1,2,1
404,2611004,3,3,2,1,1,3,3,3,2,1,1,1
405,2611005,1,2,3,1,2,2,3,2,2,1,2,1
406,2611006,2,3,3,2,2,2,3,3,3,2,2,1
407,2611007,3,3,2,2,2,3,2,3,2,2,2,2
408,2611008,3,3,3,3,2,2,2,3,2,2,3,1
409,2611009,3,3,3,2,3,3,2,3,3,2,3,1
410,2611010,2,2,2,3,2,3,2,3,3,3,2,1
411,2611011,2,2,2,2,2,2,2,2,2,2,2,2
412,2611012,2,2,2,1,1,1,2,2,2,2,3,1
413,2611013,2,3,3,2,2,2,2,2,2,2,2,1
414,2611014,2,2,2,2,2,2,2,2,2,1,3,2
415,2611015,3,3,2,2,2,2,2,2,2,2,3,2
416,2611016,2,2,2,2,2,3,2,2,2,1,2,1
417,2611017,3,2,3,2,2,3,3,3,2,1,3,1
418,2611018,2,3,3,2,2,3,2,2,2,2,3,1
419,2611019,2,3,3,2,2,2,2,2,2,2,3,2
420,2611020,2,2,3,3,3,3,2,2,3,3,3,2
421,2611021,3,3,3,3,3,2,1,1,1,2,2,1
422,2611024,3,3,3,3,2,3,3,3,3,3,3,1
423,2611025,2,1,1,2,1,2,2,2,1,1,2,1
424,2611026,3,2,2,2,2,2,2,2,3,2,3,1
425,2611027,2,2,2,1,3,3,2,2,2,1,3,1
426,2611028,2,2,1,2,2,2,1,2,2,2,2,1
427,2611030,2,1,2,2,1,1,1,1,2,1,1,1
428,2611032,2,2,2,2,2,3,3,3,3,1,2,1
429,2611033,3,3,3,3,3,2,3,3,3,2,2,1
430,2611034,3,3,3,2,3,2,3,3,3,2,3,1
431,2611036,2,3,2,1,1,1,3,3,1,1,2,1
432,2611037,3,3,3,2,3,3,3,3,3,2,2,2
433,2611038,3,2,1,2,1,1,3,3,3,3,2,1
434,2611039,3,3,3,3,1,1,3,3,3,3,3,1
435,2611040,2,2,2,2,3,2,3,2,2,2,2,2
436,2611041,3,1,1,3,2,2,3,3,2,3,3,1
437,2611042,1,3,2,1,1,1,2,3,2,2,3,1
438,2611044,2,3,3,2,2,2,2,1,2,1,3,1
439,2611045,2,3,3,2,3,3,3,3,2,2,3,2
440,2611046,2,2,3,3,3,2,2,3,2,2,3,1
441,2611049,3,3,3,3,3,3,3,3,3,3,3,3
442,2611051,2,2,2,2,2,3,1,2,2,2,2,2
443,2611052,3,3,3,3,3,3,3,3,3,3,3,3
444,2611053,3,3,3,3,3,3,3,3,3,3,3,3
445,2611054,2,2,2,2,2,2,2,3,3,2,2,1
446,2611056,3,2,2,2,2,2,2,2,2,3,2,2
447,2611058,3,3,2,2,2,2,2,2,2,1,3,2
448,2611060,2,2,1,2,2,2,2,3,3,3,2,1
449,2611061,3,2,2,3,2,1,3,3,2,2,2,1
450,2611062,2,2,3,3,2,2,2,3,3,3,2,1
451,2611063,3,2,1,1,1,1,2,3,3,1,1,1
452,2611064,2,2,1,2,3,3,3,3,2,2,3,1
453,2611065,2,3,2,2,2,2,2,3,1,1,2,2
454,2611067,3,2,2,3,2,2,2,3,3,2,1,1
455,2611068,3,3,2,3,2,2,2,3,3,2,2,2
456,2611069,3,3,3,3,2,2,2,3,2,2,3,1
457,2611070,3,3,3,3,3,3,3,3,3,3,3,3
458,2611071,3,3,2,2,3,3,3,3,2,2,3,1
459,2611072,2,2,2,2,1,1,3,3,2,3,3,3
460,2611073,2,3,2,2,1,2,3,2,3,3,3,1
461,2611074,3,3,3,3,3,3,3,3,3,3,3,1
462,2611075,1,1,1,3,3,1,3,3,1,3,3,2
463,2611076,2,3,2,3,3,2,2,3,3,3,2,1
464,2611077,3,2,2,3,2,3,2,3,3,2,3,2
465,2611078,3,2,2,2,2,1,3,3,3,1,3,1
466,2611080,2,2,2,2,2,2,2,2,2,2,3,1
467,2611081,3,3,2,3,3,2,3,3,2,2,3,3
468,2611083,3,3,3,2,2,3,1,3,3,2,2,2
469,2611084,2,2,2,3,2,2,2,2,2,1,1,1
470,2611085,1,2,2,3,3,3,2,2,1,1,3,3
471,2611086,3,3,1,3,3,3,1,3,3,3,3,1
472,2611087,3,3,2,1,3,1,2,2,2,1,3,1
473,2611088,3,3,3,3,3,3,3,3,2,2,3,1
474,2611089,2,2,1,1,2,1,1,3,2,3,3,1
475,2611090,2,2,3,2,3,3,3,3,3,3,3,2
476,2611091,2,2,2,2,2,2,2,3,2,2,2,1
477,2611092,3,3,2,1,3,1,3,3,3,1,2,1
478,2611093,3,3,2,3,1,1,3,3,2,3,3,1
479,2611094,1,1,1,1,1,1,2,2,1,1,2,1
480,2611095,3,3,3,3,3,3,2,3,2,2,3,1
481,2611096,2,3,3,3,3,3,2,2,2,1,1,1
482,2611097,3,3,3,3,3,2,2,3,2,1,3,1
483,2611098,3,3,3,3,3,3,2,3,3,3,3,1
484,2611099,1,2,1,1,1,1,1,2,2,2,2,2
485,2611100,2,3,2,2,2,1,2,3,2,2,3,1
486,2611101,1,3,3,2,2,3,1,1,2,2,2,2
487,2611102,3,3,3,1,3,3,1,2,2,1,2,1
488,2611103,3,2,3,3,3,3,3,3,2,2,3,1
489,2611104,1,3,3,3,2,2,1,1,1,1,3,2
490,2611105,2,3,2,3,3,3,3,3,3,3,3,1
491,2611106,3,3,3,3,3,3,3,3,3,3,3,1
492,2611109,2,2,2,3,3,3,2,3,2,3,3,2
493,2611110,2,1,2,2,2,2,2,2,3,2,3,1
494,2611111,2,2,2,2,3,3,2,3,2,2,2,1
495,2611114,2,3,3,3,2,2,1,3,2,2,3,2
496,2611115,2,2,2,2,2,2,3,3,3,3,3,3
497,2611117,1,2,1,2,1,2,2,1,3,1,1,1
498,2611118,3,3,3,2,2,2,3,3,3,2,2,1
499,2611119,1,1,1,2,1,3,1,3,2,1,2,1
