,HHID,Total_Prop,Farm_Prop,Livestock_Prop,Remittances_Prop,Off-Farm Labor_Prop,Other_Prop
0,2301006,1.0,0.03790795474737902,0.08203518332049992,0.0,0.14262867973701357,0.7374281821951075
1,2301007,1.0,0.0,0.30171073094867806,0.0,0.6982892690513219,0.0
2,2301013,1.0,0.0,0.17898193760262726,0.8210180623973727,0.0,0.0
3,2301016,1.0,0.0,0.05460835186557944,0.0,0.7165801828514948,0.22881146528292562
4,2301017,1.0,0.29356357927786497,0.0,0.0,0.706436420722135,0.0
5,2301021,1.0,0.023474178403755867,0.056764831412718736,0.4694835680751173,0.0,0.450277422108408
6,2301029,1.0,0.03576158940397351,0.10993377483443709,0.0,0.8026490066225165,0.05165562913907285
7,2301037,1.0,0.12738853503184713,0.03184713375796178,0.0,0.8106543138390272,0.030110017371163866
8,2301038,1.0,0.0565015479876161,0.01780185758513932,0.8513931888544891,0.0,0.07430340557275542
9,2301041,1.0,0.000975609756097561,0.06529080675422139,0.6754221388367729,0.03602251407129455,0.2222889305816135
10,2301043,1.0,0.021263482280431432,0.0,0.14791987673343604,0.8308166409861325,0.0
11,2301044,1.0,0.09691056910569107,0.4582113821138212,0.4292682926829269,0.0,0.015609756097560976
12,2301046,1.0,0.0052361792426831285,0.035716254202722814,0.9590475665545942,0.0,0.0
13,2301047,1.0,0.0,0.0,0.9251559251559253,0.0,0.07484407484407485
14,2301048,1.0,0.0,0.045454545454545456,0.9545454545454546,0.0,0.0
15,2301053,1.0,0.0,0.03707802988378528,0.7885998893193138,0.17432208079690095,0.0
16,2301056,1.0,0.0,0.054945054945054944,0.5494505494505495,0.3956043956043956,0.0
17,2301057,1.0,0.0,0.009636934110264455,0.9760197220977139,0.0,0.014343343792021514
18,2301058,1.0,0.03175712400031058,0.005435204596630173,0.03882288997592981,0.9239847814271294,0.0
19,2301059,1.0,0.0,0.02754237288135593,0.3305084745762712,0.6419491525423728,0.0
20,2301060,1.0,0.0,0.006866416978776529,0.7740324594257177,0.0,0.21910112359550563
21,2301068,1.0,0.012738853503184714,0.0,0.9872611464968152,0.0,0.0
22,2301069,1.0,0.40793413173652693,0.2911676646706587,0.044910179640718556,0.20209580838323352,0.05389221556886228
23,2301070,1.0,0.03232852774137178,0.00655307994757536,0.7572447939420416,0.0,0.2038735983690112
24,2301071,1.0,0.04234784321449675,0.004333267677762457,0.9533188891077408,0.0,0.0
25,2301072,1.0,0.16366816591704147,0.06171914042978511,0.37106446776611696,0.40354822588705647,0.0
26,2301073,1.0,0.18203818230707178,0.11777359505243344,0.48400107555794564,0.1452003226673837,0.07098682441516536
27,2301074,1.0,0.3677494199535963,0.038283062645011606,0.5939675174013922,0.0,0.0
28,2301075,1.0,0.015037593984962405,0.02706766917293233,0.79484425349087,0.16305048335123523,0.0
29,2301086,1.0,0.0,0.0,0.9066666666666667,0.09333333333333334,0.0
30,2301087,1.0,1.0,0.0,0.0,0.0,0.0
31,2301092,1.0,0.0490566037735849,0.054888507718696404,0.17152658662092626,0.13173241852487136,0.5927958833619211
32,2301093,1.0,0.2217997465145754,0.09759188846641317,0.0,0.38867765103506546,0.2919307139839459
33,2301094,1.0,0.35134114091424257,0.365319229316207,0.0,0.2833396297695504,0.0
34,2301096,1.0,0.08225108225108226,0.04329004329004329,0.8225108225108225,0.0,0.05194805194805195
35,2301099,1.0,0.0846262341325811,0.10296191819464035,0.6290550070521862,0.18335684062059238,0.0
36,2301100,1.0,0.22258592471358427,0.0,0.0,0.4631751227495908,0.3142389525368248
37,2301104,1.0,0.0,0.0,0.0,1.0,0.0
38,2301105,1.0,0.18810080540400106,0.00805404001039231,0.0,0.8038451545856067,0.0
39,2301108,1.0,0.4212218649517685,0.0,0.0,0.5787781350482315,0.0
40,2301111,1.0,0.402600996126176,0.04233536247924738,0.5550636413945766,0.0,0.0
41,2301113,1.0,0.048121570282819756,0.09075559307724779,0.0,0.8611228366399325,0.0
42,2301116,1.0,0.0,0.15133876600698487,0.42724097788125726,0.4214202561117579,0.0
43,2301122,1.0,0.0,0.0,0.32394366197183094,0.6760563380281689,0.0
44,2301124,1.0,0.0,0.05759162303664922,0.9424083769633508,0.0,0.0
45,2301125,1.0,0.01615531779210657,0.020194147240133214,0.9636505349677603,0.0,0.0
46,2301126,1.0,0.24613220815752462,0.4781997187060479,0.09845288326300985,0.0,0.17721518987341772
47,2301127,1.0,0.06601650412603151,0.0,0.0,0.9339834958739686,0.0
48,2301128,1.0,0.06492564381574176,0.13710554951033732,0.0,0.7979688066739209,0.0
49,2301129,1.0,0.0,0.07991202346041054,0.0,0.9200879765395894,0.0
50,2301130,1.0,0.006717088908869731,0.009520283492886233,0.9837626275982442,0.0,0.0
51,2301132,1.0,0.0,0.05426848619485877,0.9406537607108854,0.0,0.0050777530942557915
52,2304001,1.0,0.03856041131105398,0.46786632390745503,0.0,0.0,0.493573264781491
53,2304002,1.0,0.12845138055222088,0.8715486194477791,0.0,0.0,0.0
54,2304003,1.0,0.020439448134900357,0.25907000510986206,0.07664793050587633,0.0,0.6438426162493612
55,2304004,1.0,0.06061411166356701,0.9393858883364331,0.0,0.0,0.0
56,2304006,1.0,0.0,0.0,0.8605664488017429,0.0,0.13943355119825707
57,2304007,1.0,0.0,0.5251517779705117,0.39028620988725066,0.0,0.08456201214223764
58,2304009,1.0,0.16536228225195657,0.3680888664478667,0.0,0.46654885130017676,0.0
59,2304010,1.0,0.0,1.0,0.0,0.0,0.0
60,2304011,1.0,0.018641340606726578,0.3102703975511165,0.0,0.6710882618421569,0.0
61,2304014,1.0,0.0,0.4806094182825485,0.5193905817174516,0.0,0.0
62,2304015,1.0,0.018844221105527637,0.2583752093802345,0.6281407035175879,0.0,0.09463986599664992
63,2304020,1.0,0.0,0.0,0.0,0.8767951625094482,0.12320483749055178
64,2304021,1.0,0.0,0.022091310751104563,0.36818851251840945,0.6097201767304861,0.0
65,2304022,1.0,0.16069142125480154,0.6594110115236875,0.0,0.1798975672215109,0.0
66,2304024,1.0,0.0,0.23750000000000002,0.0,0.7625000000000001,0.0
67,2304025,1.0,0.0,0.12378202814868279,0.7506315409599423,0.11548177553229882,0.010104655359076146
68,2304026,1.0,0.0004129842240026431,0.07450235401007681,0.0,0.9250846617659205,0.0
69,2304027,1.0,0.03466344216041919,0.014107214832728738,0.04433696090286175,0.9068923821039904,0.0
70,2304028,1.0,0.05610907184058731,0.9438909281594127,0.0,0.0,0.0
71,2304029,1.0,0.020522388059701496,0.9794776119402985,0.0,0.0,0.0
72,2304030,1.0,0.018367346938775512,0.10408163265306124,0.0,0.8775510204081632,0.0
73,2304031,1.0,0.0,0.0989010989010989,0.0,0.9010989010989011,0.0
74,2304032,1.0,0.0,0.0,0.0,1.0,0.0
75,2304033,1.0,0.06032947462154943,0.09327693677649154,0.055654496883348184,0.7800534283170081,0.01068566340160285
76,2304034,1.0,0.047619047619047616,0.1228878648233487,0.8294930875576038,0.0,0.0
77,2304035,1.0,0.16626154594069031,0.49829849295089934,0.0,0.33543996110841034,0.0
78,2304036,1.0,0.32170542635658916,0.1937984496124031,0.0,0.4844961240310077,0.0
79,2304037,1.0,0.04530047753136522,0.9546995224686349,0.0,0.0,0.0
80,2304038,1.0,0.2341040462427746,0.3371868978805395,0.0,0.42870905587668595,0.0
81,2304039,1.0,0.038163777123541597,0.06335187002507905,0.8668629375204449,0.005451968160505943,0.026169447170428524
82,2304040,1.0,0.021962350256702796,0.05989731888191672,0.0,0.7370222475755848,0.1811180832857958
83,2304041,1.0,0.1288523627825066,0.11623128852362782,0.7337833871441151,0.0,0.021132961549750515
84,2304043,1.0,0.08129439621152328,0.531965272296764,0.0,0.3867403314917127,0.0
85,2304044,1.0,0.004960317460317461,0.02876984126984127,0.1488095238095238,0.7936507936507937,0.023809523809523808
86,2304045,1.0,0.0,0.1205187991839114,0.1399009035266686,0.73958029728942,0.0
87,2304046,1.0,0.0,1.0,0.0,0.0,0.0
88,2304049,1.0,0.029354207436399216,0.0,0.684931506849315,0.09784735812133072,0.187866927592955
89,2304050,1.0,0.0,1.0,0.0,0.0,0.0
90,2304051,1.0,0.0,0.0,0.0,0.5538827258320127,0.44611727416798735
91,2304052,1.0,0.0,0.0,1.0,0.0,0.0
92,2304053,1.0,0.044286495352651715,0.24603608529250956,0.0,0.5522143247676325,0.15746309458720614
93,2304055,1.0,0.0,0.1013584117032393,0.0,0.8986415882967608,0.0
94,2304056,1.0,0.0,0.2991829038340666,0.0,0.7008170961659334,0.0
95,2304059,1.0,0.0,0.21545827633378933,0.29639762881896947,0.4662562699498405,0.02188782489740082
96,2304064,1.0,0.0,0.07221793883320483,0.9277820611667953,0.0,0.0
97,2304065,1.0,0.025887078777058693,0.059138585137246145,0.0,0.40169604998884173,0.5132782860968533
98,2304070,1.0,0.0,0.2783766645529486,0.29803424223208624,0.21052631578947367,0.21306277742549143
99,2304071,1.0,0.0,0.6627027027027027,0.0,0.0,0.33729729729729735
100,2304072,1.0,0.0,0.09476474486414843,0.8614976805831676,0.011928429423459244,0.03180914512922465
101,2304075,1.0,0.0,0.3152317880794702,0.0,0.6211920529801325,0.06357615894039735
102,2304076,1.0,0.0,0.0,0.0,1.0,0.0
103,2304083,1.0,0.12926136363636365,0.3948863636363637,0.0,0.47585227272727276,0.0
104,2304084,1.0,0.0,0.0,1.0,0.0,0.0
105,2304085,1.0,0.09676392572944298,0.1562864721485411,0.6854111405835543,0.06153846153846154,0.0
106,2304086,1.0,0.07142857142857142,0.9218958611481977,0.0,0.006675567423230975,0.0
107,2304087,1.0,0.09553349875930521,0.27543424317617865,0.11290322580645161,0.3970223325062035,0.11910669975186104
108,2304089,1.0,0.12755298651252406,0.017726396917148363,0.0,0.5202312138728323,0.33448940269749516
109,2304090,1.0,0.09227614490772386,0.006493506493506493,0.5690362269309638,0.28708133971291866,0.04511278195488722
110,2304091,1.0,0.01567489114658926,0.07431059506531204,0.4934687953555878,0.41654571843251087,0.0
111,2304092,1.0,0.22029702970297027,0.5222772277227722,0.0,0.25742574257425743,0.0
112,2304094,1.0,0.06538895152198422,0.0665163472378805,0.17662532882375045,0.2254791431792559,0.46599022923712885
113,2304098,1.0,0.013826758845058967,0.05625593059509285,0.0,0.0,0.9299173105598482
114,2304103,1.0,0.011302795954788817,0.14098750743604999,0.8090422367638311,0.03866745984533016,0.0
115,2304105,1.0,0.03006872852233677,0.016323024054982815,0.9536082474226805,0.0,0.0
116,2304110,1.0,0.17947537965945698,0.7317073170731707,0.0,0.0,0.0888173032673723
117,2304111,1.0,0.01236749116607774,0.06890459363957598,0.9187279151943464,0.0,0.0
118,2304112,1.0,0.0,0.041570438799076216,0.9584295612009238,0.0,0.0
119,2304118,1.0,0.04330963154492566,0.0,0.9566903684550743,0.0,0.0
120,2304119,1.0,0.11635679966576143,0.0,0.0,0.6266973052015876,0.2569458951326509
121,2304121,1.0,0.05233719536556132,0.3156212544946065,0.5553335996803835,0.0,0.07670795045944866
122,2304122,1.0,1.0,0.0,0.0,0.0,0.0
123,2304123,1.0,0.0,0.16584887144259075,0.0,0.3876349362119725,0.44651619234543666
124,2304124,1.0,0.0,0.04654795376444861,0.9122149328334896,0.0,0.04123711340206186
125,2304126,1.0,0.03403863845446182,0.4691812327506899,0.1655933762649494,0.0,0.3311867525298988
126,2304130,1.0,0.09697508896797152,0.0,0.0,0.556049822064057,0.3469750889679715
127,2304131,1.0,0.01810263291027869,0.14165365242064978,0.7478608978729957,0.0,0.09238281679607593
128,2304132,1.0,0.03505154639175258,0.05184094256259204,0.9131075110456554,0.0,0.0
129,2304133,1.0,0.09345794392523364,0.25981308411214954,0.0,0.4672897196261682,0.1794392523364486
130,2304134,1.0,0.004789781798829165,0.0,0.995210218201171,0.0,0.0
131,2304135,1.0,0.04189723320158103,0.0,0.0,0.9106719367588934,0.04743083003952569
132,2304136,1.0,0.005775577557755776,0.004125412541254126,0.04950495049504951,0.9405940594059407,0.0
133,2304139,1.0,0.07504894496410702,0.09832499456167067,0.8266260604742224,0.0,0.0
134,2304140,1.0,0.010715043496711223,0.007956715467854867,0.0,0.9813282410354337,0.0
135,2304141,1.0,0.0,0.013179571663920923,0.0,0.986820428336079,0.0
136,2304146,1.0,0.05457463884430177,0.06260032102728733,0.0,0.8828250401284109,0.0
137,2304147,1.0,0.054953681896687076,0.020254357041921807,0.0,0.9247919610613912,0.0
138,2304148,1.0,0.10762548262548263,0.28716216216216217,0.0,0.0,0.6052123552123552
139,2304149,1.0,0.0,0.2639593908629442,0.0,0.0,0.7360406091370558
140,2304150,1.0,0.02052739617874625,0.09363650718458866,0.5210800568450972,0.364756039791568,0.0
141,2304151,1.0,0.03372398947620186,0.0,0.9662760105237981,0.0,0.0
142,2304152,1.0,0.06292552094078811,0.04332576851660821,0.8871466886734062,0.0,0.006602021869197441
143,2304154,1.0,0.09828741623231571,0.9017125837676843,0.0,0.0,0.0
144,2304155,1.0,0.015123570638140906,0.08299520472150498,0.6086315012910366,0.2932497233493176,0.0
145,2304157,1.0,0.07725190839694657,0.0635114503816794,0.3969465648854962,0.4622900763358779,0.0
146,2304158,1.0,0.014563106796116505,0.0479368932038835,0.0,0.9283980582524273,0.009101941747572815
147,2304162,1.0,0.0,0.009063444108761328,0.9909365558912387,0.0,0.0
148,2304163,1.0,0.05851528384279475,0.0,0.0,0.9414847161572052,0.0
149,2304164,1.0,0.053012492509104316,0.008297607523164155,0.769833586871341,0.0637532844696446,0.10510302862674596
150,2304166,1.0,0.039337474120082816,0.0914423740510697,0.6901311249137336,0.10869565217391304,0.07039337474120082
151,2304167,1.0,0.0,0.11634756995581738,0.0,0.8836524300441826,0.0
152,2304170,1.0,0.0048375950241879755,0.0,0.0,0.995162404975812,0.0
153,2304173,1.0,0.0,0.0,0.8762886597938144,0.0,0.12371134020618557
154,2304174,1.0,0.03342532965348053,0.29438822447102114,0.0,0.28212204845139527,0.39006439742410304
155,2304175,1.0,0.11120543293718166,0.07767402376910017,0.7640067911714771,0.04711375212224109,0.0
156,2304176,1.0,0.0030138959272397515,0.0,0.6961299442562612,0.032005974448563734,0.26885018536793537
157,2304177,1.0,0.03810580836108028,0.0,0.9618941916389198,0.0,0.0
158,2309002,1.0,0.025821596244131453,0.8802816901408451,0.0,0.09389671361502348,0.0
159,2309004,1.0,0.0,0.0,0.0,1.0,0.0
160,2309014,1.0,0.007273706896551724,0.0,0.0,0.9927262931034483,0.0
161,2309016,1.0,0.021922428330522766,0.5733558178752108,0.0,0.4047217537942664,0.0
162,2309021,1.0,0.00390625,0.0,0.4947916666666667,0.5013020833333334,0.0
163,2309022,1.0,0.1619958988380041,0.0,0.4101161995898838,0.4278879015721121,0.0
164,2309029,1.0,0.3308823529411765,0.11642156862745098,0.4901960784313726,0.0,0.0625
165,2309030,1.0,0.07051282051282053,0.5021367521367521,0.4273504273504274,0.0,0.0
166,2309032,1.0,0.019786910197869104,0.1400304414003044,0.8401826484018264,0.0,0.0
167,2309033,1.0,0.04207920792079208,0.542079207920792,0.0,0.4158415841584158,0.0
168,2309036,1.0,0.0057658190419869896,0.03725606150206978,0.8160851567120047,0.0,0.14089296274393848
169,2309037,1.0,0.22413793103448276,0.7758620689655172,0.0,0.0,0.0
170,2309039,1.0,0.09173989455184534,0.04569420035149385,0.0,0.38312829525483305,0.4794376098418278
171,2309041,1.0,0.008379341399428326,0.029171071694271505,0.0,0.685226516308391,0.27722307059790907
172,2309042,1.0,0.004023335345001006,0.0,0.08046670690002011,0.7676523838261919,0.14785757392878696
173,2309045,1.0,0.0,0.07341411261582324,0.8766928011404134,0.04989308624376337,0.0
174,2309053,1.0,0.0,0.0951276102088167,0.0,0.8074245939675174,0.09744779582366589
175,2309054,1.0,0.0,0.012219959266802444,0.0,0.9877800407331976,0.0
176,2309055,1.0,0.0,0.07704807041299933,0.7853757616790792,0.12457684495599186,0.012999322951929586
177,2309056,1.0,0.0,0.19370979270907793,0.42887776983559683,0.0,0.37741243745532527
178,2309057,1.0,0.023895613897185978,0.0067599434051249805,0.0,0.969344442697689,0.0
179,2309059,1.0,0.0,0.013583441138421732,0.0,0.9864165588615783,0.0
180,2309067,1.0,0.0,0.11947863866763216,0.0,0.7458363504706733,0.13468501086169443
181,2309068,1.0,0.0,0.31584948688711517,0.0,0.6841505131128848,0.0
182,2309070,1.0,0.0,0.00796080832823025,0.45927740355174523,0.5327617881200245,0.0
183,2309071,1.0,0.0,0.0,0.0,0.7046979865771812,0.2953020134228188
184,2309074,1.0,0.0,0.016717325227963525,0.0,0.8601823708206686,0.12310030395136777
185,2309075,1.0,0.009317552253840341,0.011583983883152857,0.5137245026441702,0.33845378997733566,0.12692017124150087
186,2309079,1.0,0.0,0.03376623376623377,0.8103896103896104,0.15584415584415584,0.0
187,2309080,1.0,0.0,0.003306184985081848,0.699943552939279,0.29675026207563904,0.0
188,2309081,1.0,0.0,0.01667778519012675,0.693795863909273,0.2895263509006004,0.0
189,2309082,1.0,0.0,0.07862248213125406,0.7797270955165692,0.14165042235217673,0.0
190,2309083,1.0,0.017333333333333336,0.012,0.8106666666666666,0.0,0.16
191,2309084,1.0,0.0,0.0831946755407654,0.0,0.9168053244592346,0.0
192,2309085,1.0,0.0,0.0,0.0,1.0,0.0
193,2309086,1.0,0.0,0.07328294446270128,0.0,0.9267170555372987,0.0
194,2309087,1.0,0.0,0.0,0.08659981768459435,0.7383773928896992,0.17502278942570648
195,2309088,1.0,0.0,0.028933092224231467,0.0,0.6998191681735986,0.27124773960216997
196,2309089,1.0,0.0,0.0,0.0,1.0,0.0
197,2309092,1.0,0.017880971443821725,0.0,0.0,0.9821190285561783,0.0
198,2309093,1.0,0.011615628299894402,0.26610348468848993,0.0,0.7222808870116155,0.0
199,2309094,1.0,0.0,0.3667711598746082,0.1567398119122257,0.3761755485893417,0.10031347962382445
200,2309097,1.0,0.0,0.1900136092730771,0.7133136233516354,0.09667276737528743,0.0
201,2309098,1.0,0.0,0.14942528735632185,0.8505747126436782,0.0,0.0
202,2309100,1.0,0.0,0.17504267020671346,0.7016878437322206,0.1232694860610658,0.0
203,2309101,1.0,0.0,0.024686361796843383,0.8093889113719143,0.1659247268312424,0.0
204,2309102,1.0,0.0,0.0,0.15444015444015444,0.752895752895753,0.09266409266409266
205,2309127,1.0,0.022997032640949554,0.263353115727003,0.0,0.5712166172106825,0.14243323442136496
206,2309128,1.0,0.0,0.14358712314767502,0.4726622381195707,0.3500255493101686,0.03372508942258559
207,2309133,1.0,0.10252100840336134,0.04369747899159664,0.0,0.853781512605042,0.0
208,2309134,1.0,0.0,0.7435897435897435,0.0,0.2564102564102564,0.0
209,2309139,1.0,0.2035272365239653,0.04977954771725217,0.0,0.7466932157587826,0.0
210,2309140,1.0,0.0,0.645658263305322,0.0,0.3543417366946779,0.0
211,2309141,1.0,0.0,0.03750884642604388,0.0,0.7926397735314932,0.1698513800424628
212,2309147,1.0,0.0,0.6472004816375677,0.0,0.039735099337748346,0.31306441902468396
213,2309150,1.0,0.13389121338912133,0.0,0.0,0.8661087866108786,0.0
214,2309151,1.0,0.005189028910303929,0.32468495181616014,0.2446256486286138,0.31875463306152707,0.10674573758339512
215,2309152,1.0,0.0,0.08599242833964305,0.0,0.9140075716603568,0.0
216,2309154,1.0,0.04393976795852876,0.34115033325104915,0.0,0.06393483090594915,0.5509750678844729
217,2309155,1.0,0.0,0.083710407239819,0.0,0.916289592760181,0.0
218,2309158,1.0,0.020078881319469343,0.017569021154535677,0.20078881319469344,0.7615632843313015,0.0
219,2309159,1.0,0.057943925233644854,0.0822429906542056,0.8130841121495327,0.04672897196261682,0.0
220,2309160,1.0,0.007666098807495741,0.007666098807495741,0.8858603066439523,0.09880749574105623,0.0
221,2309163,1.0,0.0,0.06638198757763975,0.0,0.7472826086956522,0.18633540372670807
222,2309165,1.0,0.08594657375145179,0.21718931475029035,0.6968641114982578,0.0,0.0
223,2309170,1.0,0.0,0.21428571428571427,0.0,0.7857142857142857,0.0
224,2309171,1.0,0.0,0.5008532423208191,0.08532423208191127,0.3626279863481229,0.051194539249146756
225,2309174,1.0,0.0,0.030321686932430352,0.0,0.9696783130675697,0.0
226,2309183,1.0,0.0,0.1206896551724138,0.0,0.8793103448275862,0.0
227,2309184,1.0,0.0,0.3578826237054085,0.0,0.6421173762945914,0.0
228,2309185,1.0,0.0,0.0,0.06887052341597796,0.931129476584022,0.0
229,2309187,1.0,0.0,0.028032117199605577,0.0,0.7860262008733624,0.185941681927032
230,2309189,1.0,0.0,0.008502289077828648,0.9287115761935907,0.06278613472858077,0.0
231,2309191,1.0,0.0,0.0811965811965812,0.9188034188034189,0.0,0.0
232,2309192,1.0,0.0,0.15943705417389628,0.0,0.8405629458261037,0.0
233,2309196,1.0,0.0,0.15103338632750396,0.2098569157392687,0.6391096979332274,0.0
234,2309197,1.0,0.0,0.10256410256410255,0.7206477732793521,0.1390013495276653,0.03778677462887989
235,2309198,1.0,0.0,0.15189125295508277,0.8037825059101655,0.044326241134751775,0.0
236,2309199,1.0,0.0,0.30835556106941253,0.0,0.6916444389305875,0.0
237,2309204,1.0,0.0,0.7254901960784313,0.0,0.2745098039215686,0.0
238,2309205,1.0,0.0,1.0,0.0,0.0,0.0
239,2309207,1.0,0.20787746170678337,0.38949671772428884,0.0,0.0,0.4026258205689278
240,2309208,1.0,0.034883720930232565,0.5775193798449613,0.0,0.10658914728682171,0.2810077519379845
241,2309211,1.0,0.15606936416184972,0.17029791018230328,0.0,0.0,0.6736327256558471
242,2309212,1.0,0.02238829015224037,0.060371182410524034,0.0,0.3219281721891115,0.595312355248124
243,2309214,1.0,0.01227830832196453,0.04365620736698499,0.2728512960436562,0.0,0.6712141882673942
244,2309217,1.0,0.06697064690795099,0.341407808492448,0.0,0.591621544599601,0.0
245,2309218,1.0,0.09462486002239641,0.030795072788353865,0.6830907054871221,0.19148936170212766,0.0
246,2309219,1.0,0.0,0.6895161290322581,0.0,0.31048387096774194,0.0
247,2309222,1.0,0.0,0.0,0.5611510791366906,0.3669064748201439,0.07194244604316546
248,2309227,1.0,0.0,0.02754356379988758,0.0,0.14052838673412033,0.8319280494659922
249,2309228,1.0,0.0,0.2709984152139461,0.0,0.7290015847860538,0.0
250,2309229,1.0,0.0,0.0,0.0,1.0,0.0
251,2309232,1.0,0.0055531550562517,0.11426376686350762,0.8129690975722951,0.048009986077104036,0.019203994430841614
252,2309233,1.0,0.028497409326424875,0.3946459412780656,0.0,0.5699481865284974,0.00690846286701209
253,2605003,1.0,0.0,0.08100697906281158,0.0,0.5982053838484547,0.3207876370887338
254,2605004,1.0,0.0,0.10827182843615095,0.8449380309149144,0.0,0.046790140648934685
255,2605005,1.0,0.03646925931902533,0.05018557366467645,0.13877682749717604,0.7745683395191221,0.0
256,2605009,1.0,0.0,0.054559328500572296,0.2479969477298741,0.6333460511255246,0.06409767264402899
257,2605016,1.0,0.019367492032360874,0.0,0.6128953174797745,0.3677371904878647,0.0
258,2605017,1.0,0.027526622463331325,0.0,0.9724733775366687,0.0,0.0
259,2605018,1.0,0.0,0.7864768683274022,0.0,0.0,0.21352313167259784
260,2605019,1.0,0.02579278887923545,0.15969808861859255,0.8145091225021721,0.0,0.0
261,2605021,1.0,0.10570687418936446,0.06744487678339818,0.0,0.8268482490272373,0.0
262,2605022,1.0,0.17078488372093023,0.048207364341085274,0.741279069767442,0.0,0.03972868217054264
263,2605023,1.0,0.03985507246376812,0.0,0.0,0.9601449275362318,0.0
264,2605024,1.0,0.0,0.3194444444444444,0.0,0.6805555555555556,0.0
265,2605025,1.0,0.10159211523881728,0.0,0.45489006823351025,0.3639120545868082,0.0796057619408643
266,2605026,1.0,0.0,0.04109589041095891,0.9589041095890412,0.0,0.0
267,2605027,1.0,0.10697674418604651,0.0,0.0,0.0,0.8930232558139535
268,2605029,1.0,0.3554502369668246,0.6445497630331752,0.0,0.0,0.0
269,2605030,1.0,0.023343373493975902,0.5278614457831325,0.0,0.37650602409638556,0.07228915662650602
270,2605031,1.0,0.05480390477821545,0.02243534851858195,0.0,0.5384483644459668,0.38431238225723585
271,2605032,1.0,0.6324461343472751,0.36755386565272496,0.0,0.0,0.0
272,2605033,1.0,0.12197231833910034,0.0,0.0,0.8780276816608997,0.0
273,2605042,1.0,0.016697588126159554,0.2535559678416821,0.0,0.0,0.7297464440321584
274,2605045,1.0,0.0,0.16018662519440124,0.8398133748055988,0.0,0.0
275,2605046,1.0,0.09782608695652173,0.4122073578595318,0.4013377926421404,0.0,0.08862876254180602
276,2605048,1.0,0.03983618763961281,0.24906924795234547,0.0,0.7110945644080416,0.0
277,2605049,1.0,0.0,0.41899441340782123,0.3128491620111732,0.2681564245810056,0.0
278,2605050,1.0,0.0032,0.9039999999999999,0.0,0.0,0.09280000000000001
279,2605051,1.0,0.01683816651075772,0.8166510757717493,0.0,0.12160898035547242,0.04490177736202058
280,2605052,1.0,0.5986709043629009,0.05460849465472407,0.346720600982375,0.0,0.0
281,2605053,1.0,0.14672131147540984,0.05491803278688524,0.5737704918032787,0.20491803278688525,0.019672131147540982
282,2605055,1.0,0.045368620037807186,0.0,0.9546313799621929,0.0,0.0
283,2605056,1.0,0.01713964596796853,0.016858668165214946,0.9019387468389998,0.0,0.0640629390278168
284,2605058,1.0,0.0342851294647426,0.07164056903080544,0.24562480810561862,0.2210623272950568,0.4273871661037764
285,2605059,1.0,0.0206341217916457,0.1459486663311525,0.7851031706089583,0.0,0.04831404126824358
286,2605061,1.0,0.0,0.17589893100097181,0.7774538386783285,0.04081632653061224,0.0058309037900874635
287,2605062,1.0,0.0038125287582988234,0.01018865444028134,0.8956155919279564,0.0,0.09038322487346348
288,2605064,1.0,0.046723421104731745,0.1807562858839834,0.7562858839833696,0.016234409027915266,0.0
289,2605065,1.0,0.04556789843572886,0.011335298118340513,0.6687825889820902,0.2743142144638404,0.0
290,2605066,1.0,0.05722920932046408,0.11114360924246856,0.7019596373208541,0.1296675441162133,0.0
291,2605067,1.0,0.0,0.0718105423987777,0.8594346829640948,0.06875477463712758,0.0
292,2605068,1.0,0.38541666666666663,0.6145833333333334,0.0,0.0,0.0
293,2605076,1.0,0.16973197547752952,0.13046562294168312,0.3039975680194558,0.0,0.39580483356133156
294,2605078,1.0,0.0,0.019718309859154928,0.0,0.9802816901408451,0.0
295,2605080,1.0,0.08523908523908524,0.015592515592515592,0.8991683991683992,0.0,0.0
296,2605081,1.0,0.40669856459330145,0.3062200956937799,0.2870813397129186,0.0,0.0
297,2605083,1.0,0.0,0.27272727272727276,0.7272727272727274,0.0,0.0
298,2605084,1.0,0.20810313075506448,0.7918968692449356,0.0,0.0,0.0
299,2605085,1.0,0.08958696916812099,0.031995346131471786,0.7329842931937173,0.14543339150668994,0.0
300,2605086,1.0,0.008423114593535749,0.01841332027424094,0.0,0.9449559255631733,0.028207639569049953
301,2605089,1.0,0.0,0.05982905982905983,0.9401709401709402,0.0,0.0
302,2610001,1.0,0.12864562524970036,0.7231322413104275,0.0,0.14822213343987217,0.0
303,2610002,1.0,0.021245667002124567,0.20490886727049087,0.0,0.7738454657273846,0.0
304,2610003,1.0,0.07637231503579953,0.06443914081145585,0.0,0.0,0.8591885441527446
305,2610004,1.0,0.0,0.5420393559928444,0.0,0.0,0.45796064400715564
306,2610005,1.0,0.18393623543838136,0.005518087063151441,0.0,0.7664009809932556,0.04414469650521153
307,2610007,1.0,0.0,0.0,0.8486055776892429,0.15139442231075695,0.0
308,2610009,1.0,0.0,1.0,0.0,0.0,0.0
309,2610010,1.0,0.0,0.02478231748158071,0.3215003348961822,0.6537173476222371,0.0
310,2610011,1.0,0.0,0.01661129568106312,0.8305647840531561,0.0,0.15282392026578073
311,2610012,1.0,0.0,0.00690108445612882,0.0,0.9930989155438712,0.0
312,2610013,1.0,0.0030581039755351682,0.0,0.0,0.6116207951070336,0.38532110091743116
313,2610014,1.0,0.0,0.0,1.0,0.0,0.0
314,2610015,1.0,0.21207658321060385,0.19882179675994108,0.5645557191948944,0.024545900834560628,0.0
315,2610017,1.0,0.10124793972215682,0.07935012950317873,0.3767365198963975,0.023546032493524844,0.4191193783847422
316,2610018,1.0,0.0071459822079626666,0.05950123960915853,0.9333527781828789,0.0,0.0
317,2610019,1.0,0.23740392826643894,0.06063193851409052,0.0,0.33988044406490175,0.36208368915456873
318,2610020,1.0,0.05013927576601671,0.04178272980501393,0.0,0.0,0.9080779944289694
319,2610021,1.0,0.30865484880083416,0.4045881126173097,0.0,0.2867570385818561,0.0
320,2610022,1.0,0.04328535872741046,0.0757493777729683,0.8657071745482092,0.015258088951412185,0.0
321,2610023,1.0,0.030191004313000615,0.09242144177449167,0.6802218114602587,0.19716574245224894,0.0
322,2610024,1.0,0.25274725274725274,0.2783882783882784,0.0,0.4688644688644689,0.0
323,2610025,1.0,0.02380952380952381,0.04761904761904762,0.0,0.0,0.9285714285714286
324,2610026,1.0,0.20853080568720378,0.24960505529225907,0.5418641390205371,0.0,0.0
325,2610027,1.0,0.2459016393442623,0.0,0.40983606557377056,0.3442622950819672,0.0
326,2610028,1.0,0.12287743130595861,0.02253782031491201,0.0,0.44458166100648344,0.41000308737264585
327,2610029,1.0,0.0,0.009174311926605505,0.5504587155963303,0.4403669724770642,0.0
328,2610031,1.0,0.1919191919191919,0.0,0.8080808080808082,0.0,0.0
329,2610032,1.0,0.041336851363236594,0.0,0.949868073878628,0.008795074758135445,0.0
330,2610033,1.0,0.0,0.0,0.0,1.0,0.0
331,2610034,1.0,0.26994376171630907,0.11518433659654238,0.0,0.3999166840241616,0.21495521766298686
332,2610035,1.0,0.0,0.0,0.0,1.0,0.0
333,2610036,1.0,0.1306896551724138,0.06413793103448276,0.0,0.1703448275862069,0.6348275862068966
334,2610037,1.0,0.1920731707317073,0.0,0.8079268292682926,0.0,0.0
335,2610038,1.0,0.4697286012526095,0.19102296450939454,0.3392484342379958,0.0,0.0
336,2610040,1.0,0.6880926407652933,0.31190735923470675,0.0,0.0,0.0
337,2610041,1.0,0.3799731783638802,0.03755029056772463,0.5364327223960661,0.04604380867232901,0.0
338,2610042,1.0,0.09984276729559748,0.03537735849056604,0.7861635220125786,0.07861635220125786,0.0
339,2610043,1.0,0.0,0.1345857714813674,0.0,0.6344317831844779,0.23098244533415463
340,2610044,1.0,0.3432377049180328,0.09836065573770492,0.0,0.5584016393442623,0.0
341,2610045,1.0,0.15951595159515952,0.0,0.0,0.0352035203520352,0.8052805280528053
342,2610046,1.0,0.23862581244196843,0.0,0.0,0.7613741875580315,0.0
343,2610047,1.0,0.6244541484716157,0.0,0.2183406113537118,0.0,0.1572052401746725
344,2610048,1.0,0.3030364785001019,0.24862441410230285,0.44833910739759525,0.0,0.0
345,2610049,1.0,0.23359152058703628,0.0,0.0,0.7664084794129638,0.0
346,2610050,1.0,0.27022058823529416,0.04044117647058824,0.0,0.6893382352941178,0.0
347,2610051,1.0,0.058524173027989825,0.0,0.0,0.9414758269720103,0.0
348,2610052,1.0,0.06820365033621519,0.13736791546589816,0.5542747358309319,0.0,0.24015369836695488
349,2610053,1.0,0.1648590021691974,0.05422993492407809,0.0,0.7809110629067245,0.0
350,2610054,1.0,0.2161900145419292,0.17207949587978671,0.0,0.5671352399418322,0.04459524963645177
351,2610055,1.0,0.03600464576074332,0.19744483159117307,0.0,0.45993031358885017,0.3066202090592335
352,2610056,1.0,1.0,0.0,0.0,0.0,0.0
353,2610057,1.0,0.5830449826989619,0.08189158016147637,0.0,0.2797001153402538,0.05536332179930796
354,2610058,1.0,0.3179190751445087,0.10838150289017341,0.0,0.411849710982659,0.16184971098265896
355,2610059,1.0,0.8269317668323543,0.1658382286488929,0.0,0.0,0.007230004518752824
356,2610060,1.0,0.3366159355416294,0.34109221128021483,0.0,0.32229185317815573,0.0
357,2610061,1.0,0.21122677559625774,0.22743444459085516,0.06588483331137171,0.4954539465015153,0.0
358,2610062,1.0,0.0640259518524842,0.013658869728529966,0.8598258494109613,0.062489329008024584,0.0
359,2610063,1.0,0.10564225690276109,0.0,0.1800720288115246,0.7142857142857143,0.0
360,2610064,1.0,0.17935702199661588,0.08460236886632826,0.7360406091370558,0.0,0.0
361,2610066,1.0,0.0,0.44293015332197616,0.2555366269165247,0.30153321976149916,0.0
362,2610067,1.0,0.18762088974854932,0.09864603481624758,0.0,0.528046421663443,0.18568665377176016
363,2610068,1.0,0.005004456022485775,0.0021937341468430795,0.8157948858572701,0.01576746418043463,0.16123945979296633
364,2610070,1.0,0.07927137797267668,0.07066959015010962,0.8500590318772137,0.0,0.0
365,2610071,1.0,0.6470999301187982,0.352900069881202,0.0,0.0,0.0
366,2610072,1.0,0.04332641117613744,0.0,0.0,0.9566735888238627,0.0
367,2610073,1.0,0.2829268292682927,0.06666666666666667,0.0,0.6504065040650406,0.0
368,2610074,1.0,0.09383753501400559,0.14985994397759103,0.0,0.7563025210084033,0.0
369,2610075,1.0,0.03299737677757836,0.020709650697224906,0.7496893552395416,0.0,0.19660361728565512
370,2610076,1.0,0.0,0.0345320314360562,0.0,0.9311740890688258,0.03429387949511789
371,2610077,1.0,0.12636505460218408,0.5366614664586584,0.0,0.33697347893915763,0.0
372,2610078,1.0,0.38423118087763114,0.21405636817695325,0.0,0.1048876204067071,0.2968248305387085
373,2610079,1.0,0.11150234741784038,0.33098591549295775,0.0,0.5575117370892019,0.0
374,2610081,1.0,0.11533797321522724,0.1596804808604872,0.7249815459242855,0.0,0.0
375,2610083,1.0,0.15770609318996415,0.056520540391508126,0.0,0.7857733664185277,0.0
376,2610084,1.0,0.047734873821830344,0.07256511604337691,0.8209182122225599,0.05878179791223269,0.0
377,2610085,1.0,0.1136208076659822,0.04722792607802875,0.839151266255989,0.0,0.0
378,2610086,1.0,0.0078089113458888375,0.16720257234726688,0.8222324299494718,0.002756086357372531,0.0
379,2610087,1.0,0.0,0.04814004376367615,0.0,0.9518599562363239,0.0
380,2610088,1.0,0.010852713178294573,0.020155038759689922,0.0,0.9689922480620156,0.0
381,2610090,1.0,0.005065123010130247,0.1085383502170767,0.0,0.8863965267727931,0.0
382,2610091,1.0,0.0,0.0,0.3025210084033614,0.6974789915966386,0.0
383,2610092,1.0,0.008264462809917354,0.0,0.0,0.9917355371900826,0.0
384,2610093,1.0,0.0,0.012332721070585148,0.9372868013644712,0.05038047756494358,0.0
385,2610095,1.0,0.0,0.4217506631299735,0.0,0.5305039787798409,0.04774535809018568
386,2610100,1.0,0.0,0.08563134978229318,0.7910014513788098,0.12336719883889695,0.0
387,2610101,1.0,0.125,0.29822834645669294,0.1968503937007874,0.3051181102362205,0.07480314960629922
388,2610102,1.0,0.0,0.0,0.0,0.9849020995517811,0.015097900448218921
389,2610103,1.0,0.040319513122860404,0.25789273488018255,0.26816279954355265,0.4336249524534044,0.0
390,2610104,1.0,0.0,0.4192185850052798,0.0,0.0,0.5807814149947202
391,2610105,1.0,0.0,1.0,0.0,0.0,0.0
392,2610106,1.0,0.0025575447570332483,0.010960906101571062,0.9864815491413957,0.0,0.0
393,2610107,1.0,0.24175824175824173,0.6593406593406593,0.0,0.0,0.09890109890109891
394,2610108,1.0,0.014317180616740088,0.05837004405286344,0.5176211453744494,0.0,0.40969162995594716
395,2610109,1.0,0.02794168691426588,0.13137799375216938,0.7851440472058313,0.0,0.055536272127733426
396,2610111,1.0,0.0,0.0,0.0,1.0,0.0
397,2610118,1.0,0.06976744186046513,0.0,0.7751937984496124,0.1550387596899225,0.0
398,2610119,1.0,0.0,0.4209311273566757,0.0,0.37129665255867644,0.20777222008464796
399,2610123,1.0,0.0,0.0,0.0,1.0,0.0
400,2610124,1.0,0.0,0.0310077519379845,0.0,0.9689922480620157,0.0
401,2611001,1.0,0.09717031500266951,0.5077415910304325,0.0,0.395088093966898,0.0
402,2611002,1.0,0.014439188801011124,0.008330301231352573,0.9192056531147665,0.0,0.058024856852869636
403,2611003,1.0,0.0,0.005140109434587962,0.9395898966451114,0.05526999392030067,0.0
404,2611004,1.0,0.008435943608961567,0.013319057121072014,0.9782449992699664,0.0,0.0
405,2611005,1.0,0.027707168276563294,0.011438739196746314,0.9608540925266904,0.0,0.0
406,2611006,1.0,0.022672390662731415,0.4895358196941239,0.48296216796350944,0.0,0.004829621679635095
407,2611007,1.0,0.0,0.0,0.0,1.0,0.0
408,2611008,1.0,0.061649319455564455,0.0,0.0,0.9383506805444356,0.0
409,2611009,1.0,0.13492822966507176,0.3397129186602871,0.47846889952153115,0.046889952153110044,0.0
410,2611010,1.0,0.08906455862977601,0.15731225296442689,0.0,0.7536231884057971,0.0
411,2611011,1.0,0.1370289629398941,0.009654313298037993,0.5917159763313609,0.26160074743070694,0.0
412,2611012,1.0,0.10826542491268919,0.7660069848661234,0.0,0.0,0.12572759022118743
413,2611013,1.0,0.3212141427618413,0.29853235490326885,0.200133422281521,0.18012008005336894,0.0
414,2611014,1.0,0.05985514743921365,0.19606828763579928,0.7035695809622349,0.00636316606311433,0.03414381789963787
415,2611015,1.0,0.023687580025608196,0.024327784891165175,0.9174135723431498,0.034571062740076826,0.0
416,2611016,1.0,0.02990325417766051,0.027767307450684762,0.0,0.9423294383716547,0.0
417,2611017,1.0,0.004665629860031104,0.0,0.0,0.995334370139969,0.0
418,2611018,1.0,0.024798927613941018,0.18431635388739945,0.6702412868632709,0.12064343163538875,0.0
419,2611019,1.0,0.10501750291715285,0.19486581096849476,0.0,0.7001166861143523,0.0
420,2611020,1.0,0.05149501661129568,0.6993355481727574,0.24916943521594684,0.0,0.0
421,2611021,1.0,0.42168674698795183,0.15755329008341057,0.0,0.11121408711770157,0.3095458758109361
422,2611024,1.0,0.04367595560651084,0.13648736127034636,0.6239422229501548,0.08735191121302167,0.1085425489599663
423,2611025,1.0,0.0,0.0,0.7083825265643447,0.29161747343565525,0.0
424,2611026,1.0,0.08443271767810026,0.03891820580474934,0.8575197889182058,0.01912928759894459,0.0
425,2611027,1.0,0.0,0.12953367875647667,0.4553305071439786,0.013188883655204897,0.40194693044433977
426,2611028,1.0,0.20082815734989648,0.2215320910973085,0.36231884057971014,0.08281573498964803,0.13250517598343686
427,2611030,1.0,0.3952569169960475,0.4545454545454546,0.10276679841897234,0.04743083003952569,0.0
428,2611032,1.0,0.0,0.0,1.0,0.0,0.0
429,2611033,1.0,0.0,0.006920972155158539,0.0,0.521487204249155,0.4715918235956865
430,2611034,1.0,0.03499387050039005,0.024517998439763735,0.9194249414911401,0.021063189568706116,0.0
431,2611036,1.0,0.18227341011517278,0.2919379068602905,0.0,0.5257886830245369,0.0
432,2611037,1.0,0.7505812022583859,0.07406177349717702,0.0,0.17535702424443705,0.0
433,2611038,1.0,0.3855182205395173,0.13175579744439186,0.31235210601041175,0.17037387600567913,0.0
434,2611039,1.0,0.025018953752843066,0.0310841546626232,0.8711144806671721,0.0,0.07278241091736164
435,2611040,1.0,0.6167557932263814,0.38324420677361853,0.0,0.0,0.0
436,2611041,1.0,0.09690553745928339,0.3558631921824104,0.44788273615635177,0.0,0.0993485342019544
437,2611042,1.0,0.19502074688796683,0.1340248962655602,0.0,0.03526970954356847,0.6356846473029046
438,2611044,1.0,0.17640573318632857,0.5424476295479603,0.0,0.18191841234840134,0.09922822491730982
439,2611045,1.0,0.6212121212121211,0.3787878787878788,0.0,0.0,0.0
440,2611046,1.0,0.8534798534798534,0.14652014652014653,0.0,0.0,0.0
441,2611049,1.0,0.0,0.17766497461928935,0.15228426395939085,0.0,0.6700507614213199
442,2611051,1.0,0.14742451154529307,0.0,0.8525754884547068,0.0,0.0
443,2611052,1.0,0.0,0.29971988795518206,0.700280112044818,0.0,0.0
444,2611053,1.0,0.0026990553306342783,0.08896501609052218,0.9083359285788436,0.0,0.0
445,2611054,1.0,0.0,0.07864002076304177,0.11679211004412145,0.8045678691928366,0.0
446,2611056,1.0,0.13858093126385812,0.29711751662971175,0.393569844789357,0.06430155210643015,0.10643015521064302
447,2611058,1.0,0.13953488372093023,0.8604651162790697,0.0,0.0,0.0
448,2611060,1.0,0.025923883066740212,0.14671814671814673,0.0,0.827357970215113,0.0
449,2611061,1.0,0.0327613104524181,0.0,0.0,0.9672386895475819,0.0
450,2611062,1.0,0.07556675062972291,0.0,0.0,0.924433249370277,0.0
451,2611063,1.0,0.27033855482566954,0.09398686205154118,0.5709954522486104,0.06467913087417887,0.0
452,2611064,1.0,0.12493326214628937,0.10624666310731447,0.0,0.7688200747463961,0.0
453,2611065,1.0,0.047647587653581056,0.2583158525621816,0.5933473179502546,0.0,0.10068924183398262
454,2611067,1.0,0.06661718315086286,0.06977175728335498,0.4331044720727408,0.0,0.4305065874930414
455,2611068,1.0,0.08527386028205969,0.03902918989832732,0.0,0.02361429977041653,0.8520826500491965
456,2611069,1.0,0.006446067898581865,0.0,0.0,0.9935539321014181,0.0
457,2611070,1.0,0.2532299741602067,0.0,0.0,0.03359173126614987,0.7131782945736435
458,2611071,1.0,0.27808069792802614,0.06761177753544166,0.0,0.6543075245365322,0.0
459,2611072,1.0,0.13440860215053763,0.038978494623655914,0.5913978494623655,0.0,0.23521505376344085
460,2611073,1.0,0.03902945167212068,0.11174076143347433,0.8380557107510576,0.011174076143347434,0.0
461,2611074,1.0,0.034621462433558396,0.8403964947565005,0.0,0.1249820428099411,0.0
462,2611075,1.0,0.01907356948228883,0.0,0.0,0.9809264305177112,0.0
463,2611076,1.0,0.0,0.17717319177173194,0.79628400796284,0.0,0.026542800265428004
464,2611077,1.0,0.21818181818181817,0.0884848484848485,0.0,0.6933333333333334,0.0
465,2611078,1.0,0.2504794783275796,0.4004602991944764,0.349060222477944,0.0,0.0
466,2611080,1.0,0.189466462441764,0.17272959346480313,0.3988767630352927,0.0,0.23892718105814026
467,2611081,1.0,0.11738324414905242,0.14229277809709617,0.5363199948189464,0.0,0.2040039829349049
468,2611083,1.0,0.09818451278251203,0.012597258243793997,0.8892182289736938,0.0,0.0
469,2611084,1.0,0.0,0.002403846153846154,0.0,0.9975961538461539,0.0
470,2611085,1.0,0.056751467710371824,0.010437051532941945,0.0,0.8741030658838878,0.05870841487279843
471,2611086,1.0,0.026504221438495245,0.011649032809661217,0.9618467457518436,0.0,0.0
472,2611087,1.0,0.07398753894080996,0.06931464174454828,0.7009345794392523,0.15576323987538943,0.0
473,2611088,1.0,0.37147102526002973,0.010401188707280832,0.2971768202080238,0.0,0.3209509658246657
474,2611089,1.0,0.0908861398636708,0.4546831608179753,0.45443069931835395,0.0,0.0
475,2611090,1.0,0.15353121801432956,0.08802456499488229,0.0,0.6908904810644831,0.06755373592630502
476,2611091,1.0,0.04065040650406504,0.21951219512195122,0.0,0.7398373983739837,0.0
477,2611092,1.0,0.1609858416360776,0.0,0.0,0.0,0.8390141583639225
478,2611093,1.0,0.1933916423712342,0.05830903790087463,0.0,0.7482993197278912,0.0
479,2611094,1.0,0.09326880774307082,0.29080510338759347,0.6159260888693356,0.0,0.0
480,2611095,1.0,0.08396946564885496,0.0,0.9160305343511449,0.0,0.0
481,2611096,1.0,0.03096454559529339,0.009134540950611551,0.959900913454095,0.0,0.0
482,2611097,1.0,0.11044638748274274,0.02393005062126093,0.4233778186838472,0.1771744132535665,0.2650713299585826
483,2611098,1.0,0.02859848484848485,0.05246212121212121,0.41666666666666663,0.3409090909090909,0.16136363636363635
484,2611099,1.0,0.18269230769230768,0.0,0.0,0.8173076923076923,0.0
485,2611100,1.0,0.035072102545842976,0.0,0.7067829802385615,0.25814491721559546,0.0
486,2611101,1.0,0.0,0.24705882352941178,0.0,0.7529411764705882,0.0
487,2611102,1.0,0.036000000000000004,0.7999999999999999,0.0,0.0,0.164
488,2611103,1.0,0.2710346452981381,0.025218006127739806,0.0,0.703747348574122,0.0
489,2611104,1.0,0.0,0.006984512602490131,0.9930154873975099,0.0,0.0
490,2611105,1.0,0.020142339196992074,0.3934470256479119,0.39613267087417753,0.045253122062575535,0.14502484221834297
491,2611106,1.0,0.06230529595015577,0.0,0.0,0.6542056074766356,0.28348909657320875
492,2611109,1.0,0.026128266033254154,0.00831353919239905,0.0,0.9085510688836105,0.05700712589073634
493,2611110,1.0,0.0,0.0,0.4929577464788732,0.5070422535211268,0.0
494,2611111,1.0,0.047545219638242896,0.03824289405684755,0.0,0.03565891472868217,0.8785529715762275
495,2611114,1.0,0.02711864406779661,0.01325115562403698,0.3605546995377504,0.599075500770416,0.0
496,2611115,1.0,0.03664252236898168,0.1308052833404346,0.1704303365999148,0.49850873455475075,0.1636131231359182
497,2611117,1.0,0.11242324043457723,0.3561643835616438,0.0,0.5314123760037789,0.0
498,2611118,1.0,0.49056603773584906,0.0,0.0,0.4716981132075472,0.03773584905660377
499,2611119,1.0,0.03558718861209965,0.3747555384566061,0.5642653329486069,0.0,0.025391939982687316
