,HHID,DroughtExp,FloodExp,PestsExp,FrostExp,HailExp,HeatExp,GroundwaterExp,HazardNumber,HazardIndex
0,2301006,0.0,1.0,4.0,0.0,0.0,0.0,0.0,2,-0.8271838693220235
1,2301007,2.0,2.0,0.0,0.0,0.0,0.0,0.0,2,-0.8271838693220235
2,2301013,0.0,1.0,0.0,0.0,0.0,0.0,0.0,1,-1.5832934390862132
3,2301016,2.0,1.0,7.0,0.0,0.0,0.0,0.0,3,-0.07107429955783373
4,2301017,3.0,1.0,7.0,0.0,0.0,0.0,0.0,3,-0.07107429955783373
5,2301021,6.0,1.0,7.0,0.0,0.0,0.0,0.0,3,-0.07107429955783373
6,2301029,0.0,0.0,7.0,7.0,0.0,0.0,0.0,2,-0.8271838693220235
7,2301037,0.0,7.0,7.0,7.0,0.0,0.0,0.0,3,-0.07107429955783373
8,2301038,3.0,3.0,7.0,7.0,0.0,2.0,0.0,5,1.4411448399705458
9,2301041,4.0,7.0,7.0,7.0,0.0,2.0,0.0,5,1.4411448399705458
10,2301043,0.0,2.0,7.0,1.0,0.0,7.0,0.0,4,0.685035270206356
11,2301044,7.0,2.0,3.0,4.0,0.0,0.0,0.0,4,0.685035270206356
12,2301046,2.0,0.0,7.0,7.0,0.0,0.0,0.0,3,-0.07107429955783373
13,2301047,0.0,0.0,3.0,0.0,0.0,0.0,0.0,1,-1.5832934390862132
14,2301048,0.0,0.0,7.0,7.0,0.0,0.0,0.0,2,-0.8271838693220235
15,2301053,7.0,1.0,7.0,1.0,0.0,0.0,0.0,4,0.685035270206356
16,2301056,0.0,2.0,7.0,7.0,0.0,0.0,0.0,3,-0.07107429955783373
17,2301057,0.0,1.0,2.0,0.0,1.0,0.0,0.0,3,-0.07107429955783373
18,2301058,0.0,0.0,7.0,7.0,0.0,0.0,0.0,2,-0.8271838693220235
19,2301059,0.0,2.0,2.0,0.0,0.0,0.0,0.0,2,-0.8271838693220235
20,2301060,1.0,0.0,5.0,2.0,0.0,0.0,0.0,3,-0.07107429955783373
21,2301068,0.0,2.0,7.0,7.0,0.0,0.0,0.0,3,-0.07107429955783373
22,2301069,0.0,2.0,7.0,0.0,0.0,0.0,0.0,2,-0.8271838693220235
23,2301070,0.0,1.0,7.0,7.0,0.0,0.0,0.0,3,-0.07107429955783373
24,2301071,0.0,2.0,1.0,1.0,0.0,0.0,0.0,3,-0.07107429955783373
25,2301072,0.0,1.0,7.0,7.0,0.0,0.0,0.0,3,-0.07107429955783373
26,2301073,0.0,1.0,7.0,0.0,0.0,0.0,0.0,2,-0.8271838693220235
27,2301074,1.0,0.0,7.0,0.0,0.0,0.0,0.0,2,-0.8271838693220235
28,2301075,0.0,1.0,0.0,0.0,0.0,0.0,0.0,1,-1.5832934390862132
29,2301086,1.0,0.0,0.0,1.0,1.0,0.0,0.0,3,-0.07107429955783373
30,2301087,2.0,2.0,3.0,1.0,0.0,0.0,0.0,4,0.685035270206356
31,2301092,0.0,1.0,7.0,7.0,0.0,0.0,0.0,3,-0.07107429955783373
32,2301093,0.0,1.0,7.0,7.0,0.0,0.0,0.0,3,-0.07107429955783373
33,2301094,0.0,1.0,7.0,7.0,0.0,0.0,0.0,3,-0.07107429955783373
34,2301096,0.0,0.0,7.0,0.0,0.0,0.0,0.0,1,-1.5832934390862132
35,2301099,7.0,0.0,7.0,7.0,1.0,0.0,0.0,4,0.685035270206356
36,2301100,7.0,3.0,7.0,7.0,1.0,0.0,0.0,5,1.4411448399705458
37,2301104,3.0,1.0,3.0,0.0,0.0,0.0,0.0,3,-0.07107429955783373
38,2301105,0.0,0.0,7.0,0.0,0.0,0.0,0.0,1,-1.5832934390862132
39,2301108,7.0,0.0,7.0,7.0,0.0,0.0,7.0,4,0.685035270206356
40,2301111,0.0,1.0,7.0,1.0,0.0,0.0,0.0,3,-0.07107429955783373
41,2301113,0.0,0.0,7.0,2.0,0.0,0.0,0.0,2,-0.8271838693220235
42,2301116,0.0,0.0,1.0,0.0,1.0,0.0,0.0,2,-0.8271838693220235
43,2301122,0.0,1.0,1.0,0.0,0.0,0.0,0.0,2,-0.8271838693220235
44,2301124,6.0,2.0,7.0,0.0,0.0,7.0,0.0,4,0.685035270206356
45,2301125,0.0,0.0,1.0,0.0,0.0,0.0,0.0,1,-1.5832934390862132
46,2301126,7.0,2.0,7.0,7.0,0.0,2.0,7.0,6,2.1972544097347355
47,2301127,5.0,2.0,7.0,7.0,0.0,7.0,0.0,5,1.4411448399705458
48,2301128,0.0,1.0,7.0,2.0,0.0,0.0,0.0,3,-0.07107429955783373
49,2301129,0.0,0.0,7.0,7.0,0.0,0.0,0.0,2,-0.8271838693220235
50,2301130,7.0,0.0,7.0,7.0,0.0,0.0,0.0,3,-0.07107429955783373
51,2301132,5.0,2.0,5.0,5.0,0.0,5.0,0.0,5,1.4411448399705458
52,2304001,0.0,1.0,7.0,0.0,0.0,0.0,0.0,2,-0.8271838693220235
53,2304002,0.0,0.0,7.0,0.0,0.0,0.0,0.0,1,-1.5832934390862132
54,2304003,0.0,0.0,7.0,2.0,0.0,0.0,0.0,2,-0.8271838693220235
55,2304004,0.0,0.0,3.0,7.0,0.0,0.0,0.0,2,-0.8271838693220235
56,2304006,0.0,0.0,0.0,1.0,0.0,0.0,0.0,1,-1.5832934390862132
57,2304007,1.0,0.0,7.0,2.0,0.0,2.0,0.0,4,0.685035270206356
58,2304009,0.0,2.0,7.0,0.0,0.0,0.0,0.0,2,-0.8271838693220235
59,2304010,1.0,0.0,7.0,1.0,0.0,1.0,0.0,4,0.685035270206356
60,2304011,1.0,0.0,7.0,0.0,0.0,0.0,0.0,2,-0.8271838693220235
61,2304014,0.0,2.0,2.0,7.0,0.0,0.0,0.0,3,-0.07107429955783373
62,2304015,0.0,2.0,2.0,2.0,0.0,0.0,0.0,3,-0.07107429955783373
63,2304020,0.0,0.0,7.0,0.0,0.0,0.0,0.0,1,-1.5832934390862132
64,2304021,2.0,0.0,1.0,0.0,0.0,0.0,0.0,2,-0.8271838693220235
65,2304022,2.0,1.0,5.0,2.0,0.0,0.0,0.0,4,0.685035270206356
66,2304024,0.0,0.0,7.0,7.0,0.0,0.0,0.0,2,-0.8271838693220235
67,2304025,2.0,1.0,3.0,1.0,0.0,0.0,0.0,4,0.685035270206356
68,2304026,0.0,1.0,7.0,0.0,0.0,0.0,0.0,2,-0.8271838693220235
69,2304027,0.0,0.0,2.0,7.0,0.0,0.0,0.0,2,-0.8271838693220235
70,2304028,0.0,0.0,2.0,7.0,0.0,0.0,0.0,2,-0.8271838693220235
71,2304029,0.0,2.0,0.0,0.0,0.0,0.0,0.0,1,-1.5832934390862132
72,2304030,0.0,1.0,7.0,7.0,0.0,0.0,0.0,3,-0.07107429955783373
73,2304031,2.0,1.0,2.0,0.0,0.0,0.0,0.0,3,-0.07107429955783373
74,2304032,4.0,0.0,4.0,5.0,0.0,0.0,0.0,3,-0.07107429955783373
75,2304033,0.0,1.0,1.0,0.0,0.0,0.0,0.0,2,-0.8271838693220235
76,2304034,0.0,1.0,7.0,1.0,0.0,1.0,1.0,5,1.4411448399705458
77,2304035,0.0,2.0,1.0,1.0,0.0,0.0,0.0,3,-0.07107429955783373
78,2304036,1.0,1.0,7.0,0.0,0.0,0.0,0.0,3,-0.07107429955783373
79,2304037,0.0,1.0,7.0,2.0,0.0,0.0,0.0,3,-0.07107429955783373
80,2304038,3.0,0.0,3.0,1.0,0.0,0.0,0.0,3,-0.07107429955783373
81,2304039,0.0,2.0,7.0,0.0,0.0,0.0,0.0,2,-0.8271838693220235
82,2304040,0.0,1.0,2.0,2.0,0.0,0.0,0.0,3,-0.07107429955783373
83,2304041,0.0,1.0,2.0,1.0,0.0,0.0,0.0,3,-0.07107429955783373
84,2304043,0.0,1.0,4.0,5.0,0.0,0.0,0.0,3,-0.07107429955783373
85,2304044,0.0,3.0,3.0,2.0,0.0,0.0,0.0,3,-0.07107429955783373
86,2304045,0.0,1.0,0.0,2.0,0.0,0.0,0.0,2,-0.8271838693220235
87,2304046,0.0,1.0,0.0,1.0,0.0,0.0,0.0,2,-0.8271838693220235
88,2304049,3.0,1.0,7.0,7.0,0.0,0.0,0.0,4,0.685035270206356
89,2304050,2.0,2.0,7.0,7.0,2.0,0.0,0.0,5,1.4411448399705458
90,2304051,6.0,1.0,7.0,7.0,0.0,0.0,0.0,4,0.685035270206356
91,2304052,2.0,0.0,7.0,7.0,2.0,0.0,0.0,4,0.685035270206356
92,2304053,4.0,0.0,2.0,7.0,2.0,0.0,0.0,4,0.685035270206356
93,2304055,0.0,2.0,7.0,7.0,0.0,1.0,0.0,4,0.685035270206356
94,2304056,0.0,1.0,3.0,7.0,0.0,0.0,0.0,3,-0.07107429955783373
95,2304059,0.0,1.0,1.0,0.0,0.0,0.0,0.0,2,-0.8271838693220235
96,2304064,1.0,0.0,0.0,1.0,0.0,0.0,0.0,2,-0.8271838693220235
97,2304065,1.0,0.0,1.0,1.0,0.0,0.0,0.0,3,-0.07107429955783373
98,2304070,3.0,1.0,7.0,4.0,0.0,0.0,0.0,4,0.685035270206356
99,2304071,0.0,1.0,7.0,0.0,0.0,0.0,0.0,2,-0.8271838693220235
100,2304072,7.0,3.0,7.0,7.0,0.0,0.0,0.0,4,0.685035270206356
101,2304075,7.0,0.0,7.0,0.0,0.0,0.0,0.0,2,-0.8271838693220235
102,2304076,4.0,0.0,7.0,7.0,0.0,0.0,0.0,3,-0.07107429955783373
103,2304083,2.0,2.0,7.0,7.0,0.0,0.0,0.0,4,0.685035270206356
104,2304084,0.0,1.0,7.0,7.0,0.0,0.0,0.0,3,-0.07107429955783373
105,2304085,1.0,1.0,1.0,1.0,0.0,0.0,0.0,4,0.685035270206356
106,2304086,1.0,0.0,3.0,1.0,0.0,0.0,0.0,3,-0.07107429955783373
107,2304087,7.0,0.0,7.0,7.0,0.0,0.0,0.0,3,-0.07107429955783373
108,2304089,0.0,1.0,3.0,7.0,0.0,0.0,0.0,3,-0.07107429955783373
109,2304090,0.0,2.0,3.0,7.0,0.0,0.0,0.0,3,-0.07107429955783373
110,2304091,2.0,4.0,0.0,5.0,0.0,0.0,0.0,3,-0.07107429955783373
111,2304092,1.0,0.0,2.0,0.0,0.0,0.0,0.0,2,-0.8271838693220235
112,2304094,3.0,0.0,2.0,4.0,1.0,0.0,0.0,4,0.685035270206356
113,2304098,0.0,3.0,7.0,7.0,0.0,0.0,0.0,3,-0.07107429955783373
114,2304103,3.0,1.0,7.0,7.0,0.0,1.0,7.0,6,2.1972544097347355
115,2304105,0.0,0.0,1.0,0.0,0.0,0.0,0.0,1,-1.5832934390862132
116,2304110,2.0,0.0,3.0,7.0,3.0,0.0,0.0,4,0.685035270206356
117,2304111,0.0,1.0,0.0,0.0,0.0,0.0,0.0,1,-1.5832934390862132
118,2304112,1.0,1.0,0.0,1.0,0.0,0.0,0.0,3,-0.07107429955783373
119,2304118,0.0,1.0,7.0,7.0,0.0,0.0,0.0,3,-0.07107429955783373
120,2304119,1.0,2.0,7.0,7.0,0.0,0.0,0.0,4,0.685035270206356
121,2304121,2.0,1.0,4.0,0.0,0.0,0.0,0.0,3,-0.07107429955783373
122,2304122,1.0,3.0,7.0,7.0,0.0,4.0,0.0,5,1.4411448399705458
123,2304123,1.0,2.0,7.0,7.0,0.0,2.0,2.0,6,2.1972544097347355
124,2304124,0.0,0.0,3.0,3.0,0.0,0.0,0.0,2,-0.8271838693220235
125,2304126,3.0,1.0,3.0,1.0,0.0,0.0,0.0,4,0.685035270206356
126,2304130,7.0,0.0,3.0,7.0,0.0,0.0,2.0,4,0.685035270206356
127,2304131,0.0,0.0,7.0,7.0,0.0,0.0,0.0,2,-0.8271838693220235
128,2304132,0.0,0.0,2.0,7.0,0.0,1.0,0.0,3,-0.07107429955783373
129,2304133,1.0,0.0,7.0,7.0,1.0,0.0,0.0,4,0.685035270206356
130,2304134,0.0,0.0,3.0,0.0,0.0,0.0,0.0,1,-1.5832934390862132
131,2304135,0.0,0.0,2.0,0.0,0.0,0.0,0.0,1,-1.5832934390862132
132,2304136,0.0,0.0,1.0,0.0,0.0,0.0,0.0,1,-1.5832934390862132
133,2304139,0.0,1.0,7.0,7.0,0.0,0.0,7.0,4,0.685035270206356
134,2304140,0.0,1.0,7.0,7.0,0.0,0.0,2.0,4,0.685035270206356
135,2304141,0.0,0.0,7.0,7.0,0.0,0.0,0.0,2,-0.8271838693220235
136,2304146,0.0,0.0,7.0,7.0,0.0,0.0,0.0,2,-0.8271838693220235
137,2304147,7.0,0.0,7.0,7.0,0.0,0.0,7.0,4,0.685035270206356
138,2304148,0.0,0.0,7.0,7.0,0.0,0.0,0.0,2,-0.8271838693220235
139,2304149,2.0,0.0,7.0,7.0,0.0,0.0,0.0,3,-0.07107429955783373
140,2304150,0.0,0.0,1.0,7.0,0.0,0.0,0.0,2,-0.8271838693220235
141,2304151,0.0,1.0,7.0,7.0,0.0,0.0,0.0,3,-0.07107429955783373
142,2304152,1.0,0.0,7.0,7.0,0.0,0.0,0.0,3,-0.07107429955783373
143,2304154,4.0,1.0,7.0,7.0,0.0,0.0,0.0,4,0.685035270206356
144,2304155,0.0,0.0,2.0,7.0,0.0,0.0,0.0,2,-0.8271838693220235
145,2304157,0.0,1.0,0.0,2.0,0.0,1.0,0.0,3,-0.07107429955783373
146,2304158,0.0,0.0,0.0,4.0,0.0,0.0,0.0,1,-1.5832934390862132
147,2304162,0.0,0.0,2.0,0.0,0.0,0.0,0.0,1,-1.5832934390862132
148,2304163,0.0,0.0,1.0,0.0,0.0,0.0,1.0,2,-0.8271838693220235
149,2304164,0.0,2.0,1.0,7.0,0.0,0.0,0.0,3,-0.07107429955783373
150,2304166,0.0,1.0,7.0,0.0,0.0,0.0,0.0,2,-0.8271838693220235
151,2304167,0.0,1.0,1.0,0.0,0.0,0.0,0.0,2,-0.8271838693220235
152,2304170,0.0,1.0,0.0,0.0,0.0,0.0,0.0,1,-1.5832934390862132
153,2304173,3.0,0.0,7.0,3.0,0.0,0.0,0.0,3,-0.07107429955783373
154,2304174,2.0,0.0,7.0,0.0,0.0,0.0,0.0,2,-0.8271838693220235
155,2304175,2.0,0.0,7.0,7.0,0.0,0.0,0.0,3,-0.07107429955783373
156,2304176,1.0,0.0,0.0,0.0,0.0,0.0,0.0,1,-1.5832934390862132
157,2304177,2.0,1.0,7.0,7.0,0.0,0.0,0.0,4,0.685035270206356
158,2309002,1.0,0.0,4.0,3.0,0.0,0.0,7.0,4,0.685035270206356
159,2309004,0.0,1.0,7.0,0.0,0.0,0.0,0.0,2,-0.8271838693220235
160,2309014,2.0,1.0,7.0,7.0,0.0,0.0,0.0,4,0.685035270206356
161,2309016,0.0,0.0,7.0,7.0,0.0,0.0,0.0,2,-0.8271838693220235
162,2309021,0.0,2.0,7.0,1.0,0.0,0.0,0.0,3,-0.07107429955783373
163,2309022,3.0,1.0,7.0,7.0,1.0,2.0,3.0,7,2.953363979498925
164,2309029,7.0,3.0,7.0,7.0,0.0,0.0,0.0,4,0.685035270206356
165,2309030,7.0,0.0,7.0,7.0,0.0,0.0,0.0,3,-0.07107429955783373
166,2309032,4.0,2.0,7.0,7.0,0.0,7.0,4.0,6,2.1972544097347355
167,2309033,4.0,0.0,7.0,7.0,0.0,0.0,0.0,3,-0.07107429955783373
168,2309036,7.0,7.0,7.0,7.0,0.0,0.0,7.0,5,1.4411448399705458
169,2309037,0.0,2.0,7.0,7.0,0.0,7.0,0.0,4,0.685035270206356
170,2309039,0.0,0.0,7.0,0.0,0.0,0.0,0.0,1,-1.5832934390862132
171,2309041,2.0,0.0,7.0,7.0,0.0,0.0,0.0,3,-0.07107429955783373
172,2309042,1.0,1.0,3.0,0.0,0.0,0.0,0.0,3,-0.07107429955783373
173,2309045,1.0,1.0,3.0,3.0,0.0,0.0,0.0,4,0.685035270206356
174,2309053,7.0,2.0,7.0,7.0,0.0,0.0,0.0,4,0.685035270206356
175,2309054,0.0,0.0,7.0,7.0,0.0,0.0,0.0,2,-0.8271838693220235
176,2309055,1.0,0.0,0.0,2.0,0.0,0.0,0.0,2,-0.8271838693220235
177,2309056,3.0,0.0,7.0,0.0,0.0,0.0,0.0,2,-0.8271838693220235
178,2309057,0.0,0.0,7.0,7.0,0.0,0.0,0.0,2,-0.8271838693220235
179,2309059,1.0,1.0,1.0,1.0,0.0,0.0,0.0,4,0.685035270206356
180,2309067,1.0,1.0,1.0,0.0,0.0,0.0,0.0,3,-0.07107429955783373
181,2309068,0.0,1.0,7.0,0.0,0.0,0.0,0.0,2,-0.8271838693220235
182,2309070,0.0,1.0,0.0,0.0,0.0,0.0,0.0,1,-1.5832934390862132
183,2309071,7.0,0.0,7.0,0.0,0.0,0.0,0.0,2,-0.8271838693220235
184,2309074,0.0,0.0,6.0,0.0,0.0,0.0,0.0,1,-1.5832934390862132
185,2309075,0.0,1.0,7.0,7.0,0.0,0.0,0.0,3,-0.07107429955783373
186,2309079,1.0,0.0,7.0,0.0,0.0,0.0,0.0,2,-0.8271838693220235
187,2309080,0.0,1.0,1.0,0.0,0.0,0.0,0.0,2,-0.8271838693220235
188,2309081,0.0,0.0,1.0,0.0,0.0,0.0,0.0,1,-1.5832934390862132
189,2309082,0.0,0.0,0.0,0.0,0.0,0.0,0.0,0,-2.339403008850403
190,2309083,1.0,0.0,1.0,0.0,0.0,0.0,0.0,2,-0.8271838693220235
191,2309084,0.0,1.0,0.0,0.0,0.0,0.0,0.0,1,-1.5832934390862132
192,2309085,1.0,1.0,7.0,0.0,0.0,0.0,0.0,3,-0.07107429955783373
193,2309086,0.0,0.0,7.0,7.0,0.0,0.0,0.0,2,-0.8271838693220235
194,2309087,2.0,2.0,0.0,0.0,0.0,0.0,0.0,2,-0.8271838693220235
195,2309088,1.0,0.0,7.0,7.0,0.0,0.0,0.0,3,-0.07107429955783373
196,2309089,1.0,0.0,7.0,0.0,0.0,0.0,0.0,2,-0.8271838693220235
197,2309092,0.0,0.0,0.0,0.0,0.0,0.0,0.0,0,-2.339403008850403
198,2309093,1.0,1.0,0.0,0.0,0.0,0.0,0.0,2,-0.8271838693220235
199,2309094,2.0,1.0,7.0,0.0,0.0,0.0,0.0,3,-0.07107429955783373
200,2309097,0.0,2.0,3.0,1.0,0.0,0.0,0.0,3,-0.07107429955783373
201,2309098,0.0,1.0,7.0,0.0,0.0,0.0,0.0,2,-0.8271838693220235
202,2309100,0.0,0.0,7.0,0.0,0.0,0.0,0.0,1,-1.5832934390862132
203,2309101,1.0,0.0,2.0,0.0,0.0,0.0,0.0,2,-0.8271838693220235
204,2309102,7.0,7.0,7.0,0.0,0.0,0.0,0.0,3,-0.07107429955783373
205,2309127,0.0,0.0,2.0,7.0,0.0,0.0,0.0,2,-0.8271838693220235
206,2309128,0.0,0.0,2.0,7.0,0.0,0.0,0.0,2,-0.8271838693220235
207,2309133,7.0,4.0,7.0,7.0,0.0,0.0,0.0,4,0.685035270206356
208,2309134,4.0,2.0,7.0,7.0,0.0,0.0,0.0,4,0.685035270206356
209,2309139,7.0,0.0,7.0,7.0,3.0,0.0,0.0,4,0.685035270206356
210,2309140,0.0,1.0,7.0,7.0,0.0,0.0,0.0,3,-0.07107429955783373
211,2309141,1.0,1.0,0.0,0.0,0.0,0.0,0.0,2,-0.8271838693220235
212,2309147,1.0,0.0,7.0,0.0,0.0,0.0,0.0,2,-0.8271838693220235
213,2309150,1.0,0.0,0.0,2.0,0.0,0.0,0.0,2,-0.8271838693220235
214,2309151,0.0,1.0,7.0,7.0,0.0,0.0,0.0,3,-0.07107429955783373
215,2309152,0.0,0.0,7.0,0.0,0.0,0.0,0.0,1,-1.5832934390862132
216,2309154,0.0,0.0,7.0,0.0,0.0,0.0,0.0,1,-1.5832934390862132
217,2309155,0.0,0.0,7.0,0.0,0.0,0.0,0.0,1,-1.5832934390862132
218,2309158,0.0,0.0,1.0,0.0,0.0,0.0,0.0,1,-1.5832934390862132
219,2309159,0.0,1.0,7.0,7.0,0.0,0.0,0.0,3,-0.07107429955783373
220,2309160,3.0,0.0,3.0,1.0,0.0,0.0,0.0,3,-0.07107429955783373
221,2309163,1.0,1.0,0.0,1.0,3.0,0.0,0.0,4,0.685035270206356
222,2309165,0.0,0.0,7.0,0.0,0.0,0.0,0.0,1,-1.5832934390862132
223,2309170,7.0,1.0,7.0,7.0,1.0,0.0,0.0,5,1.4411448399705458
224,2309171,0.0,0.0,1.0,7.0,0.0,0.0,0.0,2,-0.8271838693220235
225,2309174,0.0,0.0,3.0,1.0,0.0,0.0,0.0,2,-0.8271838693220235
226,2309183,1.0,0.0,3.0,1.0,0.0,0.0,0.0,3,-0.07107429955783373
227,2309184,1.0,1.0,0.0,4.0,0.0,0.0,0.0,3,-0.07107429955783373
228,2309185,7.0,1.0,7.0,1.0,0.0,0.0,0.0,4,0.685035270206356
229,2309187,1.0,0.0,7.0,1.0,0.0,0.0,0.0,3,-0.07107429955783373
230,2309189,1.0,0.0,7.0,0.0,0.0,0.0,0.0,2,-0.8271838693220235
231,2309191,0.0,0.0,0.0,0.0,0.0,0.0,0.0,0,-2.339403008850403
232,2309192,0.0,0.0,7.0,7.0,0.0,0.0,0.0,2,-0.8271838693220235
233,2309196,0.0,1.0,3.0,0.0,0.0,0.0,0.0,2,-0.8271838693220235
234,2309197,0.0,1.0,5.0,0.0,0.0,0.0,0.0,2,-0.8271838693220235
235,2309198,7.0,2.0,7.0,0.0,0.0,0.0,0.0,3,-0.07107429955783373
236,2309199,0.0,1.0,7.0,0.0,0.0,0.0,0.0,2,-0.8271838693220235
237,2309204,5.0,2.0,7.0,7.0,0.0,0.0,5.0,5,1.4411448399705458
238,2309205,0.0,7.0,7.0,7.0,0.0,7.0,0.0,4,0.685035270206356
239,2309207,7.0,2.0,7.0,7.0,0.0,0.0,0.0,4,0.685035270206356
240,2309208,0.0,0.0,7.0,1.0,0.0,0.0,0.0,2,-0.8271838693220235
241,2309211,7.0,1.0,7.0,7.0,0.0,0.0,0.0,4,0.685035270206356
242,2309212,0.0,1.0,7.0,1.0,0.0,0.0,0.0,3,-0.07107429955783373
243,2309214,0.0,0.0,7.0,3.0,0.0,0.0,0.0,2,-0.8271838693220235
244,2309217,0.0,2.0,7.0,7.0,0.0,0.0,0.0,3,-0.07107429955783373
245,2309218,7.0,1.0,7.0,0.0,0.0,7.0,0.0,4,0.685035270206356
246,2309219,0.0,0.0,7.0,0.0,0.0,0.0,0.0,1,-1.5832934390862132
247,2309222,0.0,0.0,7.0,0.0,0.0,0.0,0.0,1,-1.5832934390862132
248,2309227,2.0,1.0,2.0,1.0,0.0,0.0,0.0,4,0.685035270206356
249,2309228,0.0,2.0,4.0,0.0,0.0,0.0,0.0,2,-0.8271838693220235
250,2309229,1.0,0.0,3.0,1.0,0.0,0.0,0.0,3,-0.07107429955783373
251,2309232,0.0,0.0,1.0,7.0,0.0,0.0,0.0,2,-0.8271838693220235
252,2309233,0.0,0.0,2.0,5.0,0.0,0.0,0.0,2,-0.8271838693220235
253,2605003,0.0,0.0,7.0,7.0,0.0,0.0,4.0,3,-0.07107429955783373
254,2605004,0.0,0.0,7.0,7.0,0.0,0.0,0.0,2,-0.8271838693220235
255,2605005,1.0,1.0,4.0,1.0,0.0,0.0,0.0,4,0.685035270206356
256,2605009,1.0,1.0,1.0,1.0,0.0,0.0,0.0,4,0.685035270206356
257,2605016,0.0,0.0,3.0,7.0,0.0,0.0,0.0,2,-0.8271838693220235
258,2605017,0.0,1.0,0.0,0.0,0.0,0.0,0.0,1,-1.5832934390862132
259,2605018,1.0,1.0,0.0,2.0,0.0,0.0,0.0,3,-0.07107429955783373
260,2605019,4.0,0.0,7.0,7.0,0.0,0.0,0.0,3,-0.07107429955783373
261,2605021,3.0,1.0,5.0,0.0,0.0,0.0,0.0,3,-0.07107429955783373
262,2605022,1.0,1.0,1.0,1.0,0.0,0.0,0.0,4,0.685035270206356
263,2605023,0.0,1.0,0.0,0.0,0.0,0.0,0.0,1,-1.5832934390862132
264,2605024,2.0,1.0,0.0,0.0,0.0,3.0,0.0,3,-0.07107429955783373
265,2605025,0.0,1.0,7.0,6.0,0.0,0.0,0.0,3,-0.07107429955783373
266,2605026,1.0,0.0,4.0,2.0,0.0,1.0,1.0,5,1.4411448399705458
267,2605027,1.0,0.0,7.0,0.0,0.0,0.0,0.0,2,-0.8271838693220235
268,2605029,2.0,2.0,7.0,1.0,0.0,0.0,0.0,4,0.685035270206356
269,2605030,1.0,0.0,7.0,1.0,0.0,0.0,0.0,3,-0.07107429955783373
270,2605031,0.0,0.0,7.0,1.0,0.0,0.0,0.0,2,-0.8271838693220235
271,2605032,0.0,0.0,7.0,0.0,0.0,0.0,0.0,1,-1.5832934390862132
272,2605033,0.0,1.0,0.0,0.0,0.0,0.0,0.0,1,-1.5832934390862132
273,2605042,1.0,1.0,7.0,7.0,0.0,0.0,0.0,4,0.685035270206356
274,2605045,2.0,2.0,7.0,7.0,0.0,0.0,7.0,5,1.4411448399705458
275,2605046,4.0,0.0,7.0,5.0,0.0,1.0,0.0,4,0.685035270206356
276,2605048,1.0,0.0,7.0,7.0,0.0,0.0,0.0,3,-0.07107429955783373
277,2605049,1.0,2.0,7.0,7.0,0.0,0.0,0.0,4,0.685035270206356
278,2605050,0.0,2.0,7.0,2.0,0.0,0.0,0.0,3,-0.07107429955783373
279,2605051,4.0,2.0,7.0,7.0,0.0,0.0,1.0,5,1.4411448399705458
280,2605052,2.0,1.0,7.0,7.0,1.0,0.0,0.0,5,1.4411448399705458
281,2605053,0.0,7.0,7.0,7.0,0.0,7.0,0.0,4,0.685035270206356
282,2605055,1.0,1.0,7.0,7.0,0.0,0.0,0.0,4,0.685035270206356
283,2605056,0.0,2.0,7.0,7.0,0.0,0.0,7.0,4,0.685035270206356
284,2605058,1.0,1.0,7.0,7.0,0.0,0.0,7.0,5,1.4411448399705458
285,2605059,0.0,1.0,0.0,0.0,0.0,0.0,0.0,1,-1.5832934390862132
286,2605061,0.0,3.0,7.0,0.0,0.0,0.0,0.0,2,-0.8271838693220235
287,2605062,0.0,1.0,7.0,2.0,0.0,0.0,0.0,3,-0.07107429955783373
288,2605064,7.0,1.0,7.0,7.0,0.0,0.0,0.0,4,0.685035270206356
289,2605065,0.0,1.0,5.0,5.0,0.0,0.0,0.0,3,-0.07107429955783373
290,2605066,7.0,6.0,7.0,7.0,1.0,0.0,1.0,6,2.1972544097347355
291,2605067,3.0,2.0,3.0,3.0,0.0,2.0,0.0,5,1.4411448399705458
292,2605068,0.0,2.0,7.0,7.0,0.0,0.0,0.0,3,-0.07107429955783373
293,2605076,2.0,1.0,7.0,7.0,0.0,1.0,0.0,5,1.4411448399705458
294,2605078,0.0,1.0,3.0,3.0,0.0,0.0,0.0,3,-0.07107429955783373
295,2605080,0.0,2.0,7.0,7.0,0.0,0.0,0.0,3,-0.07107429955783373
296,2605081,1.0,1.0,7.0,7.0,0.0,0.0,0.0,4,0.685035270206356
297,2605083,1.0,1.0,7.0,0.0,0.0,0.0,7.0,4,0.685035270206356
298,2605084,4.0,2.0,7.0,7.0,0.0,0.0,0.0,4,0.685035270206356
299,2605085,3.0,2.0,7.0,7.0,0.0,0.0,6.0,5,1.4411448399705458
300,2605086,0.0,0.0,7.0,7.0,0.0,0.0,0.0,2,-0.8271838693220235
301,2605089,0.0,1.0,5.0,5.0,0.0,0.0,0.0,3,-0.07107429955783373
302,2610001,0.0,1.0,7.0,7.0,0.0,0.0,0.0,3,-0.07107429955783373
303,2610002,1.0,1.0,7.0,0.0,0.0,0.0,0.0,3,-0.07107429955783373
304,2610003,7.0,0.0,7.0,0.0,0.0,0.0,0.0,2,-0.8271838693220235
305,2610004,0.0,0.0,7.0,7.0,0.0,0.0,0.0,2,-0.8271838693220235
306,2610005,7.0,2.0,7.0,7.0,0.0,0.0,0.0,4,0.685035270206356
307,2610007,3.0,1.0,7.0,1.0,0.0,0.0,0.0,4,0.685035270206356
308,2610009,4.0,4.0,7.0,0.0,0.0,0.0,0.0,3,-0.07107429955783373
309,2610010,0.0,1.0,1.0,0.0,0.0,0.0,0.0,2,-0.8271838693220235
310,2610011,4.0,4.0,7.0,4.0,0.0,0.0,0.0,4,0.685035270206356
311,2610012,1.0,2.0,4.0,1.0,0.0,0.0,0.0,4,0.685035270206356
312,2610013,3.0,4.0,7.0,0.0,0.0,0.0,0.0,3,-0.07107429955783373
313,2610014,4.0,4.0,7.0,4.0,0.0,0.0,0.0,4,0.685035270206356
314,2610015,0.0,2.0,0.0,0.0,0.0,0.0,0.0,1,-1.5832934390862132
315,2610017,0.0,5.0,7.0,1.0,2.0,0.0,0.0,4,0.685035270206356
316,2610018,4.0,2.0,7.0,0.0,0.0,0.0,0.0,3,-0.07107429955783373
317,2610019,1.0,2.0,7.0,0.0,0.0,0.0,0.0,3,-0.07107429955783373
318,2610020,0.0,2.0,7.0,0.0,0.0,0.0,0.0,2,-0.8271838693220235
319,2610021,2.0,2.0,7.0,1.0,0.0,0.0,0.0,4,0.685035270206356
320,2610022,7.0,2.0,7.0,7.0,0.0,1.0,0.0,5,1.4411448399705458
321,2610023,0.0,1.0,7.0,1.0,0.0,0.0,5.0,4,0.685035270206356
322,2610024,7.0,0.0,7.0,0.0,0.0,7.0,0.0,3,-0.07107429955783373
323,2610025,7.0,7.0,7.0,7.0,0.0,7.0,7.0,6,2.1972544097347355
324,2610026,7.0,7.0,7.0,7.0,0.0,0.0,0.0,4,0.685035270206356
325,2610027,7.0,1.0,7.0,7.0,0.0,0.0,0.0,4,0.685035270206356
326,2610028,7.0,7.0,7.0,7.0,0.0,7.0,0.0,5,1.4411448399705458
327,2610029,7.0,7.0,7.0,7.0,0.0,0.0,0.0,4,0.685035270206356
328,2610031,7.0,7.0,7.0,7.0,0.0,7.0,7.0,6,2.1972544097347355
329,2610032,7.0,7.0,7.0,0.0,1.0,7.0,0.0,5,1.4411448399705458
330,2610033,0.0,7.0,7.0,0.0,0.0,7.0,0.0,3,-0.07107429955783373
331,2610034,7.0,7.0,7.0,7.0,0.0,7.0,7.0,6,2.1972544097347355
332,2610035,3.0,5.0,7.0,0.0,3.0,0.0,0.0,4,0.685035270206356
333,2610036,4.0,0.0,3.0,0.0,0.0,0.0,0.0,2,-0.8271838693220235
334,2610037,0.0,1.0,2.0,0.0,0.0,0.0,0.0,2,-0.8271838693220235
335,2610038,1.0,1.0,6.0,0.0,0.0,1.0,0.0,4,0.685035270206356
336,2610040,0.0,1.0,7.0,7.0,1.0,0.0,0.0,4,0.685035270206356
337,2610041,1.0,1.0,2.0,2.0,0.0,0.0,0.0,4,0.685035270206356
338,2610042,0.0,2.0,7.0,6.0,0.0,0.0,0.0,3,-0.07107429955783373
339,2610043,3.0,1.0,7.0,3.0,0.0,2.0,0.0,5,1.4411448399705458
340,2610044,4.0,1.0,7.0,3.0,0.0,0.0,0.0,4,0.685035270206356
341,2610045,4.0,2.0,7.0,7.0,0.0,0.0,0.0,4,0.685035270206356
342,2610046,0.0,2.0,7.0,0.0,0.0,0.0,0.0,2,-0.8271838693220235
343,2610047,3.0,2.0,7.0,0.0,0.0,0.0,0.0,3,-0.07107429955783373
344,2610048,0.0,2.0,7.0,7.0,0.0,0.0,0.0,3,-0.07107429955783373
345,2610049,0.0,2.0,7.0,0.0,0.0,0.0,0.0,2,-0.8271838693220235
346,2610050,0.0,2.0,7.0,7.0,0.0,0.0,0.0,3,-0.07107429955783373
347,2610051,0.0,4.0,7.0,4.0,7.0,0.0,0.0,4,0.685035270206356
348,2610052,0.0,0.0,7.0,0.0,0.0,0.0,0.0,1,-1.5832934390862132
349,2610053,0.0,2.0,1.0,2.0,0.0,0.0,0.0,3,-0.07107429955783373
350,2610054,7.0,7.0,7.0,7.0,0.0,7.0,0.0,5,1.4411448399705458
351,2610055,7.0,7.0,7.0,7.0,1.0,7.0,0.0,6,2.1972544097347355
352,2610056,2.0,7.0,7.0,7.0,0.0,7.0,7.0,6,2.1972544097347355
353,2610057,3.0,4.0,7.0,7.0,2.0,0.0,0.0,5,1.4411448399705458
354,2610058,4.0,2.0,7.0,3.0,0.0,0.0,0.0,4,0.685035270206356
355,2610059,5.0,0.0,7.0,7.0,0.0,0.0,0.0,3,-0.07107429955783373
356,2610060,2.0,2.0,7.0,2.0,1.0,0.0,0.0,5,1.4411448399705458
357,2610061,0.0,2.0,2.0,0.0,0.0,0.0,0.0,2,-0.8271838693220235
358,2610062,4.0,2.0,7.0,3.0,0.0,0.0,0.0,4,0.685035270206356
359,2610063,2.0,2.0,7.0,4.0,2.0,0.0,0.0,5,1.4411448399705458
360,2610064,4.0,2.0,7.0,4.0,0.0,0.0,0.0,4,0.685035270206356
361,2610066,0.0,2.0,7.0,1.0,0.0,0.0,0.0,3,-0.07107429955783373
362,2610067,7.0,2.0,7.0,7.0,1.0,0.0,0.0,5,1.4411448399705458
363,2610068,0.0,0.0,0.0,7.0,7.0,0.0,0.0,2,-0.8271838693220235
364,2610070,4.0,1.0,7.0,2.0,0.0,0.0,0.0,4,0.685035270206356
365,2610071,7.0,3.0,7.0,0.0,0.0,7.0,0.0,4,0.685035270206356
366,2610072,1.0,2.0,7.0,7.0,0.0,0.0,0.0,4,0.685035270206356
367,2610073,0.0,1.0,7.0,0.0,0.0,0.0,0.0,2,-0.8271838693220235
368,2610074,0.0,2.0,2.0,0.0,0.0,0.0,0.0,2,-0.8271838693220235
369,2610075,0.0,2.0,7.0,0.0,0.0,0.0,0.0,2,-0.8271838693220235
370,2610076,1.0,2.0,7.0,0.0,0.0,0.0,0.0,3,-0.07107429955783373
371,2610077,3.0,3.0,7.0,6.0,1.0,0.0,0.0,5,1.4411448399705458
372,2610078,3.0,1.0,7.0,3.0,0.0,0.0,0.0,4,0.685035270206356
373,2610079,0.0,4.0,7.0,2.0,0.0,0.0,0.0,3,-0.07107429955783373
374,2610081,0.0,2.0,4.0,7.0,0.0,0.0,0.0,3,-0.07107429955783373
375,2610083,0.0,1.0,0.0,0.0,0.0,0.0,0.0,1,-1.5832934390862132
376,2610084,1.0,1.0,3.0,7.0,0.0,0.0,0.0,4,0.685035270206356
377,2610085,0.0,1.0,7.0,7.0,0.0,0.0,0.0,3,-0.07107429955783373
378,2610086,0.0,2.0,0.0,0.0,0.0,0.0,0.0,1,-1.5832934390862132
379,2610087,0.0,2.0,4.0,1.0,0.0,0.0,0.0,3,-0.07107429955783373
380,2610088,1.0,0.0,1.0,0.0,0.0,0.0,0.0,2,-0.8271838693220235
381,2610090,1.0,1.0,1.0,0.0,0.0,1.0,1.0,5,1.4411448399705458
382,2610091,7.0,7.0,7.0,7.0,0.0,0.0,7.0,5,1.4411448399705458
383,2610092,7.0,7.0,7.0,7.0,1.0,7.0,7.0,7,2.953363979498925
384,2610093,0.0,1.0,7.0,1.0,0.0,7.0,7.0,5,1.4411448399705458
385,2610095,7.0,7.0,7.0,4.0,0.0,7.0,0.0,5,1.4411448399705458
386,2610100,7.0,2.0,7.0,7.0,0.0,0.0,0.0,4,0.685035270206356
387,2610101,3.0,0.0,7.0,7.0,0.0,7.0,0.0,4,0.685035270206356
388,2610102,0.0,2.0,1.0,0.0,0.0,0.0,0.0,2,-0.8271838693220235
389,2610103,7.0,1.0,0.0,0.0,0.0,7.0,0.0,3,-0.07107429955783373
390,2610104,7.0,0.0,7.0,0.0,0.0,0.0,0.0,2,-0.8271838693220235
391,2610105,1.0,2.0,7.0,0.0,0.0,0.0,0.0,3,-0.07107429955783373
392,2610106,7.0,0.0,7.0,0.0,0.0,0.0,0.0,2,-0.8271838693220235
393,2610107,0.0,2.0,7.0,2.0,0.0,0.0,0.0,3,-0.07107429955783373
394,2610108,0.0,1.0,7.0,0.0,0.0,0.0,0.0,2,-0.8271838693220235
395,2610109,7.0,2.0,1.0,1.0,0.0,0.0,0.0,4,0.685035270206356
396,2610111,0.0,2.0,7.0,0.0,0.0,0.0,0.0,2,-0.8271838693220235
397,2610118,1.0,2.0,7.0,1.0,0.0,0.0,0.0,4,0.685035270206356
398,2610119,7.0,2.0,7.0,0.0,0.0,0.0,0.0,3,-0.07107429955783373
399,2610123,0.0,2.0,2.0,0.0,0.0,0.0,0.0,2,-0.8271838693220235
400,2610124,1.0,1.0,7.0,0.0,0.0,0.0,1.0,4,0.685035270206356
401,2611001,0.0,2.0,1.0,6.0,0.0,0.0,0.0,3,-0.07107429955783373
402,2611002,0.0,2.0,7.0,0.0,0.0,0.0,0.0,2,-0.8271838693220235
403,2611003,0.0,3.0,7.0,0.0,0.0,0.0,0.0,2,-0.8271838693220235
404,2611004,0.0,2.0,7.0,1.0,0.0,0.0,0.0,3,-0.07107429955783373
405,2611005,0.0,1.0,7.0,0.0,0.0,0.0,0.0,2,-0.8271838693220235
406,2611006,0.0,0.0,2.0,4.0,1.0,2.0,0.0,4,0.685035270206356
407,2611007,0.0,2.0,7.0,2.0,0.0,0.0,0.0,3,-0.07107429955783373
408,2611008,0.0,1.0,0.0,1.0,0.0,0.0,0.0,2,-0.8271838693220235
409,2611009,1.0,2.0,5.0,0.0,0.0,1.0,0.0,4,0.685035270206356
410,2611010,7.0,4.0,3.0,7.0,0.0,0.0,0.0,4,0.685035270206356
411,2611011,4.0,2.0,7.0,3.0,0.0,0.0,0.0,4,0.685035270206356
412,2611012,0.0,0.0,2.0,6.0,0.0,0.0,0.0,2,-0.8271838693220235
413,2611013,7.0,1.0,1.0,1.0,0.0,0.0,0.0,4,0.685035270206356
414,2611014,4.0,3.0,7.0,7.0,0.0,0.0,0.0,4,0.685035270206356
415,2611015,4.0,3.0,7.0,1.0,0.0,0.0,0.0,4,0.685035270206356
416,2611016,3.0,2.0,7.0,6.0,1.0,0.0,0.0,5,1.4411448399705458
417,2611017,7.0,2.0,0.0,0.0,0.0,0.0,0.0,2,-0.8271838693220235
418,2611018,5.0,2.0,7.0,7.0,0.0,7.0,5.0,6,2.1972544097347355
419,2611019,0.0,1.0,4.0,4.0,0.0,0.0,0.0,3,-0.07107429955783373
420,2611020,0.0,2.0,7.0,0.0,0.0,0.0,0.0,2,-0.8271838693220235
421,2611021,0.0,2.0,4.0,4.0,0.0,0.0,0.0,3,-0.07107429955783373
422,2611024,0.0,1.0,4.0,0.0,0.0,0.0,0.0,2,-0.8271838693220235
423,2611025,1.0,0.0,1.0,0.0,0.0,0.0,0.0,2,-0.8271838693220235
424,2611026,0.0,1.0,0.0,0.0,0.0,0.0,0.0,1,-1.5832934390862132
425,2611027,1.0,1.0,1.0,0.0,0.0,0.0,0.0,3,-0.07107429955783373
426,2611028,1.0,1.0,0.0,0.0,0.0,0.0,0.0,2,-0.8271838693220235
427,2611030,3.0,2.0,7.0,1.0,0.0,0.0,0.0,4,0.685035270206356
428,2611032,1.0,2.0,7.0,1.0,0.0,0.0,0.0,4,0.685035270206356
429,2611033,1.0,0.0,7.0,0.0,0.0,0.0,0.0,2,-0.8271838693220235
430,2611034,0.0,2.0,7.0,7.0,0.0,0.0,0.0,3,-0.07107429955783373
431,2611036,0.0,2.0,2.0,0.0,0.0,0.0,1.0,3,-0.07107429955783373
432,2611037,0.0,1.0,1.0,0.0,0.0,0.0,0.0,2,-0.8271838693220235
433,2611038,2.0,2.0,7.0,1.0,0.0,0.0,1.0,5,1.4411448399705458
434,2611039,0.0,1.0,1.0,0.0,0.0,0.0,0.0,2,-0.8271838693220235
435,2611040,0.0,2.0,2.0,6.0,0.0,0.0,0.0,3,-0.07107429955783373
436,2611041,0.0,2.0,7.0,0.0,0.0,0.0,0.0,2,-0.8271838693220235
437,2611042,0.0,1.0,7.0,1.0,0.0,0.0,0.0,3,-0.07107429955783373
438,2611044,7.0,2.0,7.0,0.0,0.0,0.0,0.0,3,-0.07107429955783373
439,2611045,1.0,1.0,7.0,0.0,0.0,0.0,0.0,3,-0.07107429955783373
440,2611046,0.0,2.0,7.0,7.0,0.0,0.0,0.0,3,-0.07107429955783373
441,2611049,7.0,2.0,6.0,6.0,0.0,7.0,0.0,5,1.4411448399705458
442,2611051,7.0,1.0,7.0,7.0,1.0,0.0,0.0,5,1.4411448399705458
443,2611052,7.0,7.0,7.0,0.0,0.0,0.0,0.0,3,-0.07107429955783373
444,2611053,4.0,4.0,7.0,3.0,2.0,0.0,0.0,5,1.4411448399705458
445,2611054,0.0,2.0,7.0,0.0,0.0,0.0,0.0,2,-0.8271838693220235
446,2611056,4.0,3.0,7.0,7.0,0.0,0.0,0.0,4,0.685035270206356
447,2611058,7.0,2.0,7.0,7.0,0.0,0.0,0.0,4,0.685035270206356
448,2611060,7.0,2.0,7.0,1.0,0.0,0.0,0.0,4,0.685035270206356
449,2611061,0.0,0.0,1.0,0.0,0.0,0.0,0.0,1,-1.5832934390862132
450,2611062,0.0,1.0,0.0,0.0,0.0,0.0,0.0,1,-1.5832934390862132
451,2611063,0.0,2.0,0.0,0.0,0.0,0.0,0.0,1,-1.5832934390862132
452,2611064,7.0,7.0,7.0,7.0,0.0,7.0,7.0,6,2.1972544097347355
453,2611065,7.0,7.0,7.0,7.0,0.0,7.0,7.0,6,2.1972544097347355
454,2611067,3.0,1.0,7.0,7.0,1.0,0.0,0.0,5,1.4411448399705458
455,2611068,7.0,7.0,7.0,7.0,0.0,7.0,0.0,5,1.4411448399705458
456,2611069,0.0,2.0,7.0,0.0,0.0,0.0,0.0,2,-0.8271838693220235
457,2611070,5.0,0.0,7.0,7.0,0.0,7.0,7.0,5,1.4411448399705458
458,2611071,0.0,2.0,7.0,0.0,0.0,0.0,0.0,2,-0.8271838693220235
459,2611072,0.0,3.0,7.0,0.0,0.0,0.0,0.0,2,-0.8271838693220235
460,2611073,7.0,7.0,7.0,7.0,0.0,7.0,7.0,6,2.1972544097347355
461,2611074,5.0,2.0,7.0,7.0,0.0,7.0,0.0,5,1.4411448399705458
462,2611075,7.0,7.0,7.0,7.0,0.0,7.0,7.0,6,2.1972544097347355
463,2611076,7.0,7.0,7.0,7.0,0.0,7.0,7.0,6,2.1972544097347355
464,2611077,7.0,7.0,7.0,7.0,0.0,0.0,7.0,5,1.4411448399705458
465,2611078,0.0,0.0,7.0,7.0,0.0,0.0,0.0,2,-0.8271838693220235
466,2611080,6.0,4.0,7.0,1.0,0.0,7.0,6.0,6,2.1972544097347355
467,2611081,6.0,3.0,7.0,1.0,0.0,6.0,6.0,6,2.1972544097347355
468,2611083,0.0,1.0,3.0,0.0,0.0,0.0,0.0,2,-0.8271838693220235
469,2611084,0.0,1.0,0.0,0.0,0.0,0.0,0.0,1,-1.5832934390862132
470,2611085,0.0,1.0,7.0,0.0,0.0,7.0,0.0,3,-0.07107429955783373
471,2611086,6.0,2.0,7.0,3.0,0.0,0.0,6.0,5,1.4411448399705458
472,2611087,4.0,3.0,7.0,7.0,0.0,0.0,0.0,4,0.685035270206356
473,2611088,7.0,7.0,7.0,7.0,0.0,7.0,0.0,5,1.4411448399705458
474,2611089,7.0,7.0,7.0,7.0,0.0,7.0,7.0,6,2.1972544097347355
475,2611090,0.0,2.0,1.0,7.0,1.0,0.0,0.0,4,0.685035270206356
476,2611091,7.0,7.0,7.0,7.0,0.0,7.0,7.0,6,2.1972544097347355
477,2611092,0.0,7.0,7.0,7.0,0.0,7.0,7.0,5,1.4411448399705458
478,2611093,0.0,7.0,7.0,7.0,0.0,0.0,7.0,4,0.685035270206356
479,2611094,7.0,7.0,7.0,0.0,0.0,0.0,0.0,3,-0.07107429955783373
480,2611095,7.0,7.0,7.0,7.0,0.0,7.0,0.0,5,1.4411448399705458
481,2611096,5.0,2.0,7.0,7.0,0.0,0.0,0.0,4,0.685035270206356
482,2611097,2.0,4.0,7.0,7.0,0.0,7.0,5.0,6,2.1972544097347355
483,2611098,0.0,2.0,7.0,1.0,0.0,0.0,0.0,3,-0.07107429955783373
484,2611099,0.0,0.0,1.0,0.0,0.0,0.0,0.0,1,-1.5832934390862132
485,2611100,0.0,7.0,7.0,0.0,2.0,0.0,0.0,3,-0.07107429955783373
486,2611101,1.0,4.0,7.0,0.0,0.0,0.0,0.0,3,-0.07107429955783373
487,2611102,7.0,7.0,7.0,7.0,0.0,7.0,7.0,6,2.1972544097347355
488,2611103,7.0,7.0,7.0,7.0,0.0,7.0,0.0,5,1.4411448399705458
489,2611104,2.0,0.0,2.0,2.0,0.0,0.0,0.0,3,-0.07107429955783373
490,2611105,0.0,0.0,2.0,0.0,3.0,0.0,0.0,2,-0.8271838693220235
491,2611106,0.0,1.0,1.0,0.0,0.0,0.0,0.0,2,-0.8271838693220235
492,2611109,1.0,1.0,1.0,0.0,0.0,0.0,0.0,3,-0.07107429955783373
493,2611110,0.0,1.0,0.0,0.0,0.0,0.0,0.0,1,-1.5832934390862132
494,2611111,0.0,2.0,1.0,1.0,0.0,0.0,0.0,3,-0.07107429955783373
495,2611114,1.0,1.0,7.0,0.0,0.0,0.0,0.0,3,-0.07107429955783373
496,2611115,0.0,1.0,1.0,0.0,0.0,0.0,0.0,2,-0.8271838693220235
497,2611117,1.0,0.0,7.0,0.0,0.0,0.0,0.0,2,-0.8271838693220235
498,2611118,4.0,7.0,7.0,7.0,0.0,0.0,0.0,4,0.685035270206356
499,2611119,0.0,2.0,1.0,0.0,0.0,0.0,0.0,2,-0.8271838693220235
