,HHID,DifferentSeed,DifferentCrop,DelayedPlanting,FewerCrops,BiggerLoan,BorrowMoney,Remittances,SoldLivestock,PurchasedLivestock,SwitchedSchool,DiversifyLivelihood,Migration,PestControl,WaterManagement,FarmStrategies,FinancialStrategies,LivelihoodStrategies
0,2301006,0,0,1,0,0,0,0,0,0,0,0,0,1,0,1,0,0
1,2301007,0,0,0,0,0,0,0,0,0,0,0,0,1,0,1,0,0
2,2301013,0,0,1,0,0,0,0,0,0,0,0,0,0,0,1,0,0
3,2301016,0,0,1,0,0,0,0,0,0,0,0,0,1,0,1,0,0
4,2301017,0,0,1,0,0,0,0,0,0,0,0,0,1,0,1,0,0
5,2301021,1,0,1,0,0,0,0,0,0,0,0,0,1,0,1,0,0
6,2301029,0,0,0,0,0,0,0,0,0,0,0,0,1,0,1,0,0
7,2301037,0,0,1,0,0,0,0,0,0,0,0,0,0,0,1,0,0
8,2301038,0,0,0,0,0,0,0,0,0,0,0,0,0,0,0,0,0
9,2301041,0,0,0,0,0,0,0,0,0,0,0,0,1,0,1,0,0
10,2301043,0,0,1,0,0,0,0,0,0,1,0,0,0,0,1,0,1
11,2301044,0,0,0,0,0,0,0,0,0,0,0,0,0,0,0,0,0
12,2301046,0,0,0,0,0,0,0,0,0,0,0,0,0,0,0,0,0
13,2301047,0,0,1,0,0,0,0,0,0,0,0,0,0,0,1,0,0
14,2301048,0,1,1,0,0,0,0,0,0,0,0,0,0,0,1,0,0
15,2301053,0,0,0,0,0,0,0,0,0,0,0,0,0,0,0,0,0
16,2301056,0,0,1,0,0,0,0,0,0,0,0,0,0,0,1,0,0
17,2301057,0,0,1,0,0,0,0,0,0,0,0,0,0,0,1,0,0
18,2301058,0,0,0,0,0,0,0,0,0,0,0,0,0,0,0,0,0
19,2301059,0,0,0,0,0,0,0,0,0,0,0,0,0,0,0,0,0
20,2301060,1,0,1,0,0,0,0,0,0,0,0,0,0,0,1,0,0
21,2301068,0,0,0,1,0,1,0,0,0,0,0,0,0,0,0,1,1
22,2301069,0,0,1,0,0,0,0,0,0,0,0,0,0,0,1,0,0
23,2301070,1,0,0,0,0,0,0,0,0,0,0,0,0,0,1,0,0
24,2301071,1,0,1,0,0,0,0,0,0,0,0,0,0,0,1,0,0
25,2301072,0,0,1,0,0,0,0,0,0,0,0,0,0,1,1,0,0
26,2301073,0,1,0,0,0,0,0,0,0,0,0,0,0,0,1,0,0
27,2301074,0,0,1,0,0,0,0,0,0,0,0,0,0,0,1,0,0
28,2301075,1,0,0,0,0,0,0,0,0,0,0,0,0,0,1,0,0
29,2301086,0,0,0,0,0,0,0,0,0,0,0,0,1,0,1,0,0
30,2301087,0,0,0,0,0,0,0,0,0,0,0,0,0,1,1,0,0
31,2301092,0,0,1,0,0,0,0,0,0,0,0,0,0,0,1,0,0
32,2301093,0,0,0,0,0,0,0,0,0,0,0,0,0,0,0,0,0
33,2301094,0,0,1,0,0,0,0,0,0,0,0,0,0,0,1,0,0
34,2301096,0,0,0,0,0,1,0,0,0,0,0,0,0,0,0,1,0
35,2301099,0,1,1,0,0,0,0,0,0,0,0,0,0,0,1,0,0
36,2301100,0,0,1,0,0,0,0,0,0,0,0,0,0,0,1,0,0
37,2301104,0,0,1,0,0,0,0,0,0,0,0,0,0,0,1,0,0
38,2301105,0,0,0,0,0,0,0,0,0,0,0,0,1,0,1,0,0
39,2301108,1,1,1,0,0,0,0,0,0,0,0,0,0,0,1,0,0
40,2301111,0,0,0,0,0,0,0,0,0,0,0,0,0,0,0,0,0
41,2301113,0,0,1,0,0,0,0,0,0,0,0,0,0,0,1,0,0
42,2301116,0,0,1,0,0,0,0,0,0,0,0,0,0,0,1,0,0
43,2301122,0,0,0,0,0,0,0,0,0,0,0,0,0,0,0,0,0
44,2301124,1,0,0,0,0,0,0,0,0,0,0,0,0,0,1,0,0
45,2301125,0,0,0,0,0,0,0,0,0,0,0,0,0,0,0,0,0
46,2301126,1,0,0,0,0,0,0,0,0,0,0,0,0,0,1,0,0
47,2301127,1,1,0,0,0,0,0,0,0,0,0,0,0,0,1,0,0
48,2301128,0,0,0,0,0,0,0,0,0,0,0,0,0,0,0,0,0
49,2301129,0,1,1,0,0,0,0,0,0,0,0,0,0,0,1,0,0
50,2301130,1,0,1,0,0,0,0,0,0,0,0,0,0,0,1,0,0
51,2301132,0,0,1,0,0,0,0,0,0,0,0,0,0,0,1,0,0
52,2304001,0,0,1,0,0,0,0,0,0,0,0,0,0,0,1,0,0
53,2304002,1,0,1,0,0,0,0,0,0,0,0,0,0,0,1,0,0
54,2304003,1,0,0,0,0,0,0,0,0,0,0,0,0,0,1,0,0
55,2304004,0,0,0,0,0,0,0,0,1,0,0,0,1,0,1,0,1
56,2304006,1,0,1,0,0,0,0,0,0,0,0,0,0,0,1,0,0
57,2304007,0,0,1,1,0,0,0,0,0,0,0,0,0,0,1,0,1
58,2304009,0,0,1,0,0,0,0,0,0,0,0,0,0,0,1,0,0
59,2304010,0,0,1,0,0,0,0,0,0,0,0,0,0,0,1,0,0
60,2304011,0,0,1,0,0,0,0,0,0,0,0,0,0,0,1,0,0
61,2304014,0,1,0,0,0,0,1,0,0,0,0,0,1,0,1,1,0
62,2304015,0,1,0,0,0,1,0,0,1,0,0,0,1,0,1,1,1
63,2304020,0,0,1,0,0,0,0,0,0,0,0,0,0,0,1,0,0
64,2304021,0,0,0,0,0,0,0,0,0,0,0,0,1,0,1,0,0
65,2304022,1,0,0,0,0,0,0,0,0,0,0,0,1,0,1,0,0
66,2304024,0,0,0,0,0,0,0,0,0,0,0,0,1,0,1,0,0
67,2304025,0,0,0,0,0,0,0,0,0,0,0,0,0,1,1,0,0
68,2304026,0,0,0,0,0,0,0,0,0,0,0,0,0,1,1,0,0
69,2304027,0,0,1,0,0,0,0,0,0,0,0,0,0,0,1,0,0
70,2304028,0,0,0,0,0,0,0,0,0,0,0,0,1,0,1,0,0
71,2304029,0,0,0,0,0,0,0,0,0,0,0,0,0,0,0,0,0
72,2304030,0,0,1,0,0,0,0,0,0,0,0,0,1,0,1,0,0
73,2304031,0,0,0,0,0,0,0,0,0,0,0,0,0,1,1,0,0
74,2304032,1,0,0,0,0,0,0,0,0,0,0,0,0,1,1,0,0
75,2304033,0,0,0,0,0,0,0,0,0,0,0,0,0,0,0,0,0
76,2304034,0,0,0,0,0,0,0,0,0,0,0,0,0,0,0,0,0
77,2304035,0,0,0,0,0,0,0,0,0,0,0,0,0,0,0,0,0
78,2304036,1,0,0,0,0,0,0,0,0,0,0,0,0,0,1,0,0
79,2304037,1,1,0,0,0,0,0,0,0,0,0,0,0,0,1,0,0
80,2304038,0,1,1,0,0,0,0,0,0,0,0,0,0,0,1,0,0
81,2304039,1,0,0,0,0,0,0,0,0,0,0,0,0,0,1,0,0
82,2304040,0,1,0,0,0,0,0,0,0,0,0,0,1,0,1,0,0
83,2304041,0,1,1,0,0,0,1,0,0,0,0,0,0,0,1,1,0
84,2304043,0,1,0,0,0,0,0,0,0,0,0,0,0,0,1,0,0
85,2304044,0,1,1,0,0,0,1,1,0,0,0,0,0,0,1,1,1
86,2304045,0,0,1,0,0,0,0,1,0,0,0,0,0,0,1,0,1
87,2304046,0,0,1,0,0,0,0,0,0,0,0,0,0,0,1,0,0
88,2304049,0,1,1,0,0,0,0,0,0,0,0,0,0,0,1,0,0
89,2304050,0,1,1,0,0,0,0,0,0,0,0,0,0,0,1,0,0
90,2304051,0,0,0,0,0,0,0,0,0,0,0,0,1,0,1,0,0
91,2304052,0,1,1,0,0,0,0,0,0,0,0,0,0,0,1,0,0
92,2304053,0,1,1,0,0,0,0,0,0,0,0,0,0,0,1,0,0
93,2304055,0,0,0,0,0,0,0,0,0,0,0,0,0,0,0,0,0
94,2304056,0,1,0,0,1,0,0,0,0,0,0,0,1,0,1,1,0
95,2304059,0,0,0,0,0,0,0,0,0,0,0,0,0,0,0,0,0
96,2304064,0,0,0,0,0,0,0,0,0,0,0,0,0,0,0,0,0
97,2304065,0,0,0,0,0,0,0,0,0,0,0,0,1,0,1,0,0
98,2304070,0,0,1,0,0,0,0,0,0,0,0,0,0,0,1,0,0
99,2304071,0,0,0,0,0,0,0,0,0,0,0,0,1,0,1,0,0
100,2304072,0,0,1,1,0,0,0,0,0,0,0,0,0,0,1,0,1
101,2304075,1,0,0,0,0,0,0,0,0,0,0,0,0,0,1,0,0
102,2304076,0,0,1,0,0,0,0,0,0,0,0,0,0,0,1,0,0
103,2304083,0,0,0,0,0,0,0,0,0,0,0,0,0,0,0,0,0
104,2304084,0,0,0,0,0,0,0,0,0,0,0,0,0,0,0,0,0
105,2304085,0,1,1,0,0,0,1,0,0,0,0,0,0,0,1,1,0
106,2304086,0,0,0,0,0,0,0,0,0,0,0,0,1,0,1,0,0
107,2304087,1,0,1,0,0,0,0,0,0,0,0,0,0,0,1,0,0
108,2304089,0,0,0,0,0,0,0,0,0,0,0,0,1,0,1,0,0
109,2304090,0,1,0,0,0,0,1,0,0,0,0,0,1,0,1,1,0
110,2304091,0,1,0,1,0,0,0,0,0,0,0,0,0,0,1,0,1
111,2304092,1,0,0,0,0,0,0,0,0,0,0,0,1,0,1,0,0
112,2304094,0,0,0,0,0,0,0,0,0,0,0,0,1,0,1,0,0
113,2304098,0,0,0,0,0,0,0,0,0,0,0,0,0,0,0,0,0
114,2304103,1,0,0,0,0,0,0,0,0,0,0,0,0,0,1,0,0
115,2304105,0,0,0,0,0,0,0,0,0,0,0,0,0,0,0,0,0
116,2304110,0,1,0,0,0,0,0,0,0,0,0,0,0,0,1,0,0
117,2304111,0,0,0,0,0,0,0,0,0,0,0,0,0,1,1,0,0
118,2304112,0,0,1,0,0,0,0,0,0,0,0,0,1,0,1,0,0
119,2304118,0,0,1,0,0,0,0,0,0,0,0,0,0,0,1,0,0
120,2304119,1,0,0,0,0,0,0,0,0,0,0,0,0,0,1,0,0
121,2304121,1,0,1,0,0,0,0,0,0,0,0,0,1,0,1,0,0
122,2304122,0,0,0,0,0,0,0,0,0,0,0,0,1,0,1,0,0
123,2304123,1,0,1,0,0,0,0,0,0,0,0,0,0,0,1,0,0
124,2304124,0,1,1,0,0,0,0,0,0,0,0,0,0,0,1,0,0
125,2304126,0,0,0,0,0,1,0,0,0,0,0,0,0,0,0,1,0
126,2304130,0,0,1,1,0,0,0,0,0,0,0,0,0,0,1,0,1
127,2304131,0,0,0,0,0,0,1,0,0,0,0,0,1,0,1,1,0
128,2304132,0,0,0,0,0,0,0,0,0,0,0,0,1,0,1,0,0
129,2304133,0,0,0,0,0,0,0,0,0,0,0,0,0,0,0,0,0
130,2304134,0,0,0,0,0,0,0,0,0,0,0,0,0,0,0,0,0
131,2304135,0,0,1,0,0,0,0,0,0,0,0,0,0,0,1,0,0
132,2304136,0,0,1,0,0,0,0,0,0,0,0,0,0,0,1,0,0
133,2304139,0,0,0,0,0,0,0,0,0,0,0,0,0,0,0,0,0
134,2304140,0,0,0,0,0,0,0,0,0,0,0,0,0,0,0,0,0
135,2304141,0,0,0,0,0,0,0,0,0,0,0,0,0,0,0,0,0
136,2304146,0,0,1,0,0,0,0,0,0,0,0,0,0,0,1,0,0
137,2304147,0,0,1,0,0,0,0,0,0,0,0,0,0,0,1,0,0
138,2304148,1,1,0,0,0,0,0,0,0,0,0,0,0,0,1,0,0
139,2304149,0,0,1,0,0,0,0,0,0,0,0,0,0,0,1,0,0
140,2304150,0,0,0,0,0,0,1,0,0,0,0,0,1,0,1,1,0
141,2304151,0,1,0,0,0,0,0,0,0,0,0,0,0,0,1,0,0
142,2304152,0,0,0,0,0,0,0,0,0,0,0,0,0,1,1,0,0
143,2304154,0,1,1,0,0,0,0,0,0,0,0,0,0,0,1,0,0
144,2304155,0,0,1,0,0,0,0,0,0,0,0,0,0,0,1,0,0
145,2304157,1,0,0,0,0,0,0,0,0,0,0,0,0,0,1,0,0
146,2304158,0,0,0,0,0,0,0,0,0,0,0,0,1,0,1,0,0
147,2304163,0,0,0,0,0,0,0,0,0,0,0,0,0,1,1,0,0
148,2304162,0,0,0,0,0,0,0,0,0,0,0,0,0,0,0,0,0
149,2304164,0,0,1,0,0,0,0,0,0,0,0,0,0,0,1,0,0
150,2304166,1,0,0,0,0,0,0,0,0,0,0,0,0,0,1,0,0
151,2304167,0,0,0,0,0,0,0,0,0,0,0,0,0,0,0,0,0
152,2304170,0,0,0,0,0,0,0,0,0,0,0,0,0,0,0,0,0
153,2304173,0,0,1,0,0,0,0,0,0,0,0,0,0,0,1,0,0
154,2304174,0,0,1,0,0,0,0,0,0,0,0,0,1,0,1,0,0
155,2304175,0,0,1,0,0,0,0,0,0,0,0,0,0,0,1,0,0
156,2304176,0,0,1,0,0,0,0,0,0,0,0,0,0,0,1,0,0
157,2304177,0,0,0,0,0,0,0,0,0,0,0,0,1,0,1,0,0
158,2309002,1,0,0,0,0,0,0,0,0,0,0,0,0,0,1,0,0
159,2309004,0,0,0,0,0,0,0,0,0,0,0,0,0,0,0,0,0
160,2309014,0,0,0,0,0,0,0,0,0,0,0,0,0,0,0,0,0
161,2309016,1,0,0,0,0,0,0,0,0,0,0,0,0,0,1,0,0
162,2309021,1,0,0,0,0,0,0,0,0,0,0,0,0,0,1,0,0
163,2309022,1,1,1,1,1,0,0,0,0,0,0,0,0,0,1,1,1
164,2309029,1,0,0,0,0,0,0,0,0,0,0,0,0,0,1,0,0
165,2309030,1,0,0,0,0,0,0,0,0,0,0,0,0,0,1,0,0
166,2309032,1,0,0,0,0,0,0,0,0,0,0,0,0,0,1,0,0
167,2309033,1,0,0,0,0,0,0,0,0,0,0,0,0,0,1,0,0
168,2309036,1,0,0,0,0,0,0,0,0,0,0,0,0,0,1,0,0
169,2309037,1,0,0,0,0,0,0,0,0,0,0,0,0,0,1,0,0
170,2309039,0,0,1,0,0,0,0,0,0,0,0,0,0,0,1,0,0
171,2309041,0,0,0,0,0,0,0,0,0,0,0,0,0,0,0,0,0
172,2309042,0,0,0,0,0,0,0,0,0,0,0,0,0,0,0,0,0
173,2309045,0,0,0,0,0,1,0,0,0,0,1,0,0,0,0,1,1
174,2309053,0,1,1,0,0,0,0,0,0,0,0,0,0,0,1,0,0
175,2309054,0,1,0,0,0,0,0,0,0,0,0,0,0,0,1,0,0
176,2309055,0,0,0,0,0,0,0,0,0,0,0,0,1,0,1,0,0
177,2309056,0,0,1,0,0,0,0,0,0,0,0,0,0,0,1,0,0
178,2309057,0,0,1,0,0,0,0,0,0,0,0,0,0,0,1,0,0
179,2309059,0,1,0,0,0,0,0,0,0,0,0,0,0,0,1,0,0
180,2309067,0,0,0,0,0,0,0,0,0,0,0,0,0,0,0,0,0
181,2309068,0,1,0,0,0,1,0,0,0,0,0,0,0,0,1,1,0
182,2309070,0,0,1,0,0,0,0,0,0,0,0,0,0,0,1,0,0
183,2309071,0,0,1,0,0,0,0,0,0,0,0,0,0,0,1,0,0
184,2309074,0,0,0,0,0,0,0,0,0,0,0,0,0,0,0,0,0
185,2309075,0,0,1,0,0,0,0,0,0,0,0,0,0,0,1,0,0
186,2309079,0,0,1,0,0,0,0,0,0,0,0,0,0,0,1,0,0
187,2309080,0,0,0,0,0,0,0,0,0,0,0,0,0,0,0,0,0
188,2309081,0,0,1,0,0,0,0,0,0,0,0,0,0,0,1,0,0
189,2309082,0,0,0,0,0,0,0,0,0,0,0,0,0,0,0,0,0
190,2309083,0,0,0,0,0,0,0,0,0,0,0,0,0,0,0,0,0
191,2309084,0,0,0,0,0,0,0,0,0,0,0,0,0,0,0,0,0
192,2309085,0,0,0,0,0,0,0,0,0,0,0,0,1,0,1,0,0
193,2309086,0,1,1,0,0,0,0,0,0,0,0,0,0,0,1,0,0
194,2309087,1,0,0,0,0,0,0,0,0,0,0,0,0,0,1,0,0
195,2309088,0,0,0,0,0,0,0,0,0,0,0,0,1,0,1,0,0
196,2309089,0,1,0,0,0,0,0,0,0,0,0,0,0,0,1,0,0
197,2309092,0,0,0,0,0,0,0,0,0,0,0,0,0,0,0,0,0
198,2309093,0,0,1,0,0,0,0,0,0,0,0,0,0,0,1,0,0
199,2309094,0,1,0,0,0,0,0,0,0,0,0,0,1,0,1,0,0
200,2309097,0,0,0,0,0,0,0,0,0,0,0,0,1,0,1,0,0
201,2309098,0,0,0,0,0,0,0,0,0,0,0,0,1,0,1,0,0
202,2309100,0,0,0,0,0,0,0,0,0,0,0,0,1,0,1,0,0
203,2309101,0,0,0,0,0,0,0,0,0,0,0,0,1,0,1,0,0
204,2309102,0,1,1,0,0,0,0,0,0,0,0,0,0,0,1,0,0
205,2309127,0,1,0,0,0,0,0,0,0,0,0,0,1,0,1,0,0
206,2309128,0,1,0,0,0,0,0,0,0,0,0,0,1,0,1,0,0
207,2309133,0,1,1,0,0,0,0,0,0,0,0,0,0,0,1,0,0
208,2309134,0,0,1,0,0,0,0,0,0,0,0,0,0,0,1,0,0
209,2309139,0,0,1,0,0,0,0,0,0,0,0,0,0,0,1,0,0
210,2309140,0,0,1,0,0,1,0,0,0,0,0,0,0,0,1,1,0
211,2309141,0,0,0,0,0,0,0,0,0,0,0,0,1,0,1,0,0
212,2309147,0,0,1,0,0,0,0,0,0,0,0,0,0,0,1,0,0
213,2309150,0,0,0,0,0,0,0,0,0,0,0,0,1,0,1,0,0
214,2309151,0,0,1,0,0,0,0,0,0,0,0,0,1,0,1,0,0
215,2309152,0,0,1,0,0,0,0,0,0,0,0,0,0,0,1,0,0
216,2309154,0,0,0,0,0,1,0,0,0,0,0,0,0,0,0,1,0
217,2309155,0,0,1,0,0,0,0,0,0,0,0,0,0,0,1,0,0
218,2309158,0,0,0,0,0,0,0,0,0,0,0,0,1,0,1,0,0
219,2309159,0,0,1,1,0,0,0,0,0,0,0,0,1,0,1,0,1
220,2309160,0,0,0,1,0,0,0,0,0,0,0,0,1,0,1,0,1
221,2309163,1,0,0,0,0,0,0,0,0,0,0,0,1,0,1,0,0
222,2309165,0,0,1,0,0,0,0,0,0,0,0,0,1,0,1,0,0
223,2309170,0,0,1,0,0,0,0,0,0,0,0,0,0,0,1,0,0
224,2309171,0,1,0,0,0,0,0,0,0,0,0,0,1,0,1,0,0
225,2309174,0,0,0,0,0,0,0,0,0,0,0,0,1,0,1,0,0
226,2309183,0,0,0,0,0,0,0,0,0,0,0,0,1,0,1,0,0
227,2309184,1,0,0,0,0,0,0,0,0,0,0,0,0,1,1,0,0
228,2309185,0,1,1,0,0,0,0,0,0,0,0,0,0,0,1,0,0
229,2309187,0,1,1,0,0,0,0,0,0,0,0,0,0,0,1,0,0
230,2309189,0,0,1,0,0,0,0,0,0,0,0,0,1,0,1,0,0
231,2309191,0,0,0,0,0,1,0,0,0,0,0,0,1,0,1,1,0
232,2309192,0,0,0,0,0,0,0,0,0,0,0,0,0,0,0,0,0
233,2309196,0,0,0,0,0,0,0,0,0,0,0,0,0,0,0,0,0
234,2309197,0,0,0,0,0,0,0,0,0,0,0,0,0,1,1,0,0
235,2309198,0,1,0,0,0,0,0,0,0,0,0,0,0,0,1,0,0
236,2309199,0,1,0,0,0,0,0,0,0,0,0,0,0,0,1,0,0
237,2309204,1,0,0,0,0,0,0,0,0,0,0,0,0,0,1,0,0
238,2309205,1,1,0,1,0,0,0,0,0,0,0,0,0,0,1,0,1
239,2309207,1,0,1,0,0,0,0,0,0,0,0,0,0,0,1,0,0
240,2309208,0,0,0,0,0,0,0,0,0,0,0,0,0,0,0,0,0
241,2309211,0,0,1,0,0,0,0,0,0,0,0,0,0,0,1,0,0
242,2309212,0,0,0,0,0,0,0,0,0,0,0,0,0,0,0,0,0
243,2309214,0,0,0,0,0,0,0,0,0,0,0,0,0,0,0,0,0
244,2309217,0,0,0,0,0,0,0,0,0,0,0,0,0,0,0,0,0
245,2309218,0,0,0,0,0,0,0,0,0,0,0,0,0,0,0,0,0
246,2309219,0,0,0,0,0,0,0,0,0,0,0,0,0,0,0,0,0
247,2309222,0,0,0,0,0,0,0,0,0,0,0,0,1,0,1,0,0
248,2309227,0,0,0,0,0,0,0,0,0,0,0,0,1,0,1,0,0
249,2309228,0,0,0,0,0,0,0,0,0,0,0,0,1,0,1,0,0
250,2309229,1,0,0,0,0,0,0,0,0,0,0,0,1,0,1,0,0
251,2309232,0,1,0,0,0,0,1,0,0,0,0,0,1,0,1,1,0
252,2309233,0,0,0,1,0,0,0,0,0,0,0,0,1,0,1,0,1
253,2605003,0,1,1,0,0,0,0,0,0,0,0,0,0,0,1,0,0
254,2605004,1,0,1,0,0,1,0,0,0,0,0,0,0,0,1,1,0
255,2605005,1,0,1,0,1,0,0,1,0,0,0,0,0,0,1,1,1
256,2605009,1,0,1,0,0,0,1,0,0,0,0,0,0,0,1,1,0
257,2605016,0,0,0,0,0,0,0,0,0,0,0,0,1,0,1,0,0
258,2605017,1,0,0,0,0,0,0,0,0,0,0,0,0,0,1,0,0
259,2605018,1,0,1,0,0,0,0,0,0,0,0,0,0,0,1,0,0
260,2605019,0,0,1,0,0,0,0,0,0,0,0,1,0,0,1,0,1
261,2605021,1,1,1,0,0,0,0,0,0,0,0,0,0,0,1,0,0
262,2605022,1,0,1,0,0,1,0,0,1,0,0,1,0,0,1,1,1
263,2605023,0,0,1,0,0,0,0,0,0,0,0,0,0,0,1,0,0
264,2605024,1,0,1,0,0,0,0,0,0,0,0,0,0,0,1,0,0
265,2605025,0,0,0,0,0,0,0,0,0,0,0,0,0,0,0,0,0
266,2605026,0,1,1,1,0,1,0,0,0,0,0,0,0,0,1,1,1
267,2605027,1,0,0,0,0,0,0,0,0,0,0,0,0,0,1,0,0
268,2605029,0,0,0,0,0,0,0,0,0,0,0,0,0,0,0,0,0
269,2605030,1,1,0,0,0,0,0,1,1,0,0,0,0,0,1,0,1
270,2605031,0,0,0,0,0,0,0,0,0,0,0,0,0,0,0,0,0
271,2605032,0,0,0,0,0,0,0,0,0,0,0,0,1,0,1,0,0
272,2605033,0,0,1,0,0,0,0,0,0,0,0,0,0,0,1,0,0
273,2605042,1,0,0,0,0,0,0,0,0,0,0,0,0,0,1,0,0
274,2605045,0,0,1,0,0,0,0,0,0,0,0,0,0,0,1,0,0
275,2605046,0,0,1,0,0,0,0,0,0,0,0,0,0,0,1,0,0
276,2605048,0,0,1,0,0,0,0,0,0,0,0,0,0,0,1,0,0
277,2605049,0,1,1,0,0,0,0,0,0,0,0,0,0,0,1,0,0
278,2605050,0,0,1,0,0,0,0,0,0,0,0,0,0,0,1,0,0
279,2605051,0,0,1,1,0,0,0,0,0,0,0,0,0,0,1,0,1
280,2605052,1,1,1,0,0,0,0,0,0,0,0,0,0,0,1,0,0
281,2605053,0,0,1,0,0,0,0,0,0,0,0,0,0,0,1,0,0
282,2605055,0,0,1,0,0,0,0,0,0,0,0,0,1,0,1,0,0
283,2605056,0,0,1,0,0,0,0,0,0,0,0,0,0,0,1,0,0
284,2605058,0,1,1,0,0,0,0,0,0,0,0,0,0,0,1,0,0
285,2605059,0,0,1,0,0,0,0,0,0,0,0,0,0,0,1,0,0
286,2605061,0,0,1,0,0,0,0,0,0,0,0,0,0,0,1,0,0
287,2605062,0,0,0,0,0,0,0,0,0,0,0,0,1,0,1,0,0
288,2605064,0,0,0,0,0,1,0,0,0,0,0,0,1,0,1,1,0
289,2605065,1,0,0,0,1,0,0,0,0,1,0,0,1,0,1,1,1
290,2605066,0,0,1,0,1,0,0,0,0,0,0,0,0,0,1,1,0
291,2605067,1,0,1,0,0,0,0,0,0,0,0,0,0,0,1,0,0
292,2605068,0,1,0,0,0,1,0,0,0,0,0,0,0,0,1,1,0
293,2605076,1,0,0,0,0,0,0,0,0,0,0,0,0,0,1,0,0
294,2605078,0,0,0,0,0,0,0,0,0,0,0,0,1,0,1,0,0
295,2605080,1,0,0,1,0,0,0,0,0,0,0,0,0,0,1,0,1
296,2605081,0,0,1,0,0,0,0,0,0,0,0,0,0,0,1,0,0
297,2605083,1,0,0,0,0,0,0,0,0,0,0,0,0,0,1,0,0
298,2605084,1,0,0,0,0,0,0,0,0,0,0,0,0,0,1,0,0
299,2605085,0,0,1,0,0,1,0,0,0,0,1,0,0,0,1,1,1
300,2605086,1,0,0,0,0,0,0,0,0,0,0,0,0,0,1,0,0
301,2605089,0,0,1,0,0,0,0,0,0,0,0,0,1,0,1,0,0
302,2610001,0,0,0,0,0,1,0,0,0,0,0,0,0,0,0,1,0
303,2610002,0,1,0,0,0,0,0,0,0,0,0,0,0,0,1,0,0
304,2610003,0,0,0,1,0,0,0,0,0,0,0,0,0,0,0,0,1
305,2610004,0,0,1,0,0,0,0,0,0,0,0,0,0,0,1,0,0
306,2610005,0,0,1,0,0,0,0,0,0,0,0,0,0,0,1,0,0
307,2610007,0,0,1,1,0,0,0,0,0,0,0,0,0,0,1,0,1
308,2610009,1,0,1,0,0,0,0,0,0,0,0,0,0,0,1,0,0
309,2610010,1,0,0,0,0,0,0,0,0,0,0,0,0,0,1,0,0
310,2610011,1,1,1,0,0,0,0,0,0,0,0,0,0,0,1,0,0
311,2610012,0,0,1,0,0,0,0,0,0,0,0,0,0,0,1,0,0
312,2610013,1,1,1,0,0,0,0,0,0,0,0,0,0,0,1,0,0
313,2610014,1,1,1,0,0,0,0,0,0,0,0,0,0,0,1,0,0
314,2610015,1,0,0,0,0,0,0,0,0,0,0,0,0,0,1,0,0
315,2610017,1,1,0,0,0,0,0,0,0,1,0,0,0,0,1,0,1
316,2610018,1,0,1,0,0,0,0,0,0,0,0,0,0,0,1,0,0
317,2610019,1,0,0,0,0,1,0,0,0,0,0,0,0,0,1,1,0
318,2610020,1,0,1,0,0,0,0,0,0,0,0,0,0,0,1,0,0
319,2610021,1,1,1,1,0,0,0,0,0,0,0,0,0,0,1,0,1
320,2610022,0,0,1,0,0,0,0,0,0,0,0,0,0,0,1,0,0
321,2610023,0,0,1,0,1,1,0,0,0,0,0,0,0,0,1,1,0
322,2610024,0,0,1,0,0,1,0,0,0,0,0,0,0,0,1,1,0
323,2610025,1,0,1,0,0,0,0,0,0,0,0,0,0,0,1,0,0
324,2610026,0,0,1,0,0,0,0,0,0,0,0,0,0,0,1,0,0
325,2610027,0,0,0,0,0,0,0,0,0,0,1,1,0,0,0,0,1
326,2610028,1,1,0,0,0,0,0,0,0,0,0,0,0,0,1,0,0
327,2610029,0,0,1,0,0,0,0,0,0,0,0,0,0,0,1,0,0
328,2610031,0,0,1,0,0,0,0,0,0,0,0,1,0,0,1,0,1
329,2610032,1,1,1,1,0,1,0,0,0,0,0,0,0,0,1,1,1
330,2610033,0,1,1,0,0,1,0,0,0,0,1,0,0,0,1,1,1
331,2610034,1,1,1,1,1,1,0,0,0,0,0,0,0,0,1,1,1
332,2610035,1,1,1,1,0,0,0,0,0,0,0,0,0,0,1,0,1
333,2610036,1,0,0,1,0,1,0,0,0,0,0,0,0,0,1,1,1
334,2610037,0,0,0,0,0,0,0,0,0,0,0,0,1,0,1,0,0
335,2610038,0,1,1,0,0,1,1,0,0,0,0,0,0,0,1,1,0
336,2610040,1,0,0,0,0,0,0,0,0,0,0,0,0,0,1,0,0
337,2610041,1,0,1,0,0,1,0,0,0,0,0,0,0,0,1,1,0
338,2610042,0,1,1,0,0,0,0,0,0,0,0,0,0,0,1,0,0
339,2610043,1,0,1,0,0,0,0,0,0,0,0,0,0,0,1,0,0
340,2610044,0,0,1,0,0,0,0,0,0,0,0,0,0,0,1,0,0
341,2610045,0,0,1,0,0,0,0,0,0,0,0,0,0,0,1,0,0
342,2610046,0,0,0,0,0,0,0,0,0,0,0,0,0,0,0,0,0
343,2610047,0,0,0,0,0,1,0,0,0,0,0,0,1,0,1,1,0
344,2610048,0,0,1,1,0,0,0,0,0,0,0,0,0,0,1,0,1
345,2610049,0,0,0,0,0,1,0,0,0,0,0,0,1,0,1,1,0
346,2610050,0,0,1,0,0,0,0,0,0,0,0,0,0,0,1,0,0
347,2610051,1,1,1,0,0,0,0,0,0,0,0,0,0,0,1,0,0
348,2610052,0,0,1,0,0,0,0,0,0,0,0,0,1,0,1,0,0
349,2610053,0,0,1,0,0,0,0,0,0,0,1,0,0,0,1,0,1
350,2610054,0,1,0,0,0,1,0,0,0,0,0,0,0,0,1,1,0
351,2610055,0,0,1,0,0,0,0,0,0,0,0,0,0,0,1,0,0
352,2610056,0,0,1,0,0,1,0,0,0,0,0,0,0,0,1,1,0
353,2610057,1,1,1,0,0,0,0,0,0,0,0,0,0,0,1,0,0
354,2610058,0,0,1,1,0,0,0,0,0,0,0,0,0,0,1,0,1
355,2610059,0,0,1,0,0,0,0,0,0,0,0,0,0,0,1,0,0
356,2610060,1,1,1,0,0,0,0,0,0,0,0,0,0,0,1,0,0
357,2610061,0,0,1,0,0,0,0,0,0,0,0,0,0,0,1,0,0
358,2610062,0,1,1,0,0,0,0,0,0,0,0,0,0,0,1,0,0
359,2610063,1,1,1,0,0,0,0,0,0,0,0,0,0,0,1,0,0
360,2610064,0,1,1,0,0,0,0,0,0,0,0,0,0,0,1,0,0
361,2610066,0,0,0,0,0,0,0,0,0,0,0,0,0,0,0,0,0
362,2610067,0,0,1,0,0,0,0,0,0,0,0,0,0,0,1,0,0
363,2610068,0,0,0,0,0,0,0,0,0,0,0,0,0,1,1,0,0
364,2610070,0,1,1,0,0,0,0,0,0,0,0,0,0,0,1,0,0
365,2610071,0,0,0,1,0,1,0,0,0,0,0,0,0,0,0,1,1
366,2610072,0,0,0,0,0,0,0,0,0,0,0,0,1,0,1,0,0
367,2610073,0,0,0,0,0,0,0,0,0,0,0,0,0,0,0,0,0
368,2610074,0,0,0,1,0,0,0,0,0,0,1,0,0,0,0,0,1
369,2610075,0,0,0,0,0,0,0,0,0,0,0,0,0,0,0,0,0
370,2610076,0,0,0,0,0,0,0,0,0,0,0,0,0,0,0,0,0
371,2610077,1,1,1,0,0,0,0,0,0,0,0,0,0,0,1,0,0
372,2610078,1,0,1,0,0,0,0,0,0,0,0,0,0,0,1,0,0
373,2610079,1,1,1,0,0,0,0,0,0,0,0,0,0,0,1,0,0
374,2610081,1,1,0,1,0,0,0,0,0,0,0,0,0,0,1,0,1
375,2610083,0,0,0,0,0,1,0,0,0,0,0,0,0,0,0,1,0
376,2610084,0,0,1,0,0,1,0,0,0,0,0,0,0,0,1,1,0
377,2610085,0,0,1,0,0,0,0,0,0,0,0,0,0,0,1,0,0
378,2610086,0,0,0,0,0,0,1,0,0,0,0,0,0,0,0,1,0
379,2610087,0,0,0,0,0,0,0,0,0,0,0,0,0,0,0,0,0
380,2610088,0,0,1,0,0,0,0,0,0,0,0,0,0,0,1,0,0
381,2610090,0,1,0,0,0,0,0,0,0,0,0,0,0,0,1,0,0
382,2610091,0,0,1,0,0,0,0,0,0,0,0,0,0,0,1,0,0
383,2610092,1,0,1,0,0,0,0,0,0,0,0,0,0,0,1,0,0
384,2610093,0,0,1,0,0,0,0,0,0,0,1,0,0,0,1,0,1
385,2610095,0,0,1,0,0,0,0,0,0,0,0,0,0,0,1,0,0
386,2610100,0,0,1,1,1,0,0,0,0,0,0,0,0,0,1,1,1
387,2610101,0,1,0,1,0,0,0,0,0,0,1,0,0,0,1,0,1
388,2610102,0,0,1,0,0,0,0,0,0,0,0,0,0,0,1,0,0
389,2610103,1,0,0,0,0,1,1,1,0,0,0,1,0,0,1,1,1
390,2610104,1,0,0,0,0,0,0,1,0,0,0,0,0,0,1,0,1
391,2610105,0,0,0,0,0,0,0,0,0,0,0,0,1,0,1,0,0
392,2610106,0,0,1,0,0,0,0,0,0,0,0,0,0,0,1,0,0
393,2610107,0,1,0,0,1,0,0,0,0,0,0,0,0,0,1,1,0
394,2610108,0,0,0,0,0,0,0,0,0,0,0,0,1,0,1,0,0
395,2610109,0,0,1,1,0,0,0,0,0,0,0,0,0,0,1,0,1
396,2610111,0,0,1,0,0,0,0,0,0,0,0,0,0,0,1,0,0
397,2610118,0,0,0,0,0,0,0,0,0,0,0,0,0,0,0,0,0
398,2610119,0,0,0,1,0,0,0,0,0,0,1,0,0,0,0,0,1
399,2610123,0,0,1,0,0,0,0,0,0,0,0,0,0,0,1,0,0
400,2610124,0,0,0,0,0,0,0,0,0,0,0,0,0,0,0,0,0
401,2611001,0,0,1,0,0,0,0,0,0,0,1,0,0,0,1,0,1
402,2611002,0,0,1,0,0,0,0,0,0,0,0,0,0,0,1,0,0
403,2611003,1,0,1,0,0,0,0,0,0,0,0,0,0,0,1,0,0
404,2611004,0,0,1,1,1,1,0,0,0,0,0,0,0,0,1,1,1
405,2611005,0,0,1,0,0,0,0,0,0,0,0,0,0,0,1,0,0
406,2611006,1,1,1,1,0,0,1,0,0,0,0,0,0,0,1,1,1
407,2611007,0,0,0,0,0,0,0,0,0,0,0,0,1,0,1,0,0
408,2611008,0,0,1,0,0,0,0,0,0,0,0,0,0,0,1,0,0
409,2611009,0,0,1,0,0,1,0,0,0,0,0,0,1,0,1,1,0
410,2611010,0,1,1,0,0,0,0,0,0,0,0,0,0,0,1,0,0
411,2611011,0,0,1,0,0,0,0,0,0,0,0,0,0,0,1,0,0
412,2611012,0,0,1,0,0,0,0,0,0,0,0,0,0,0,1,0,0
413,2611013,0,0,1,0,0,0,0,0,0,0,0,0,0,0,1,0,0
414,2611014,0,1,1,0,0,0,0,0,0,0,0,0,0,0,1,0,0
415,2611015,0,0,1,0,0,0,0,0,0,0,0,0,0,0,1,0,0
416,2611016,0,0,1,1,0,0,0,0,0,0,0,0,0,0,1,0,1
417,2611017,1,0,0,0,1,0,0,0,1,0,0,0,0,0,1,1,1
418,2611018,1,1,1,1,0,0,0,0,0,0,0,0,0,0,1,0,1
419,2611019,0,1,0,1,0,0,0,0,0,0,0,0,0,0,1,0,1
420,2611020,0,0,0,1,0,0,0,0,0,0,0,0,0,0,0,0,1
421,2611021,0,0,0,0,0,0,0,0,0,0,0,0,0,0,0,0,0
422,2611024,1,0,0,0,0,0,0,0,0,0,0,0,0,0,1,0,0
423,2611025,0,0,1,0,0,0,0,0,0,0,0,0,0,0,1,0,0
424,2611026,0,1,1,0,0,0,0,0,0,0,0,0,0,0,1,0,0
425,2611027,1,1,1,0,0,0,0,0,0,0,0,0,0,0,1,0,0
426,2611028,0,0,1,0,0,0,0,0,0,0,0,0,0,0,1,0,0
427,2611030,1,0,1,0,0,1,0,0,0,0,0,0,0,0,1,1,0
428,2611032,0,0,0,0,0,0,1,0,0,0,0,0,0,0,0,1,0
429,2611033,0,0,1,0,0,0,0,0,0,1,0,0,0,0,1,0,1
430,2611034,1,0,1,0,0,0,0,0,0,0,0,0,0,0,1,0,0
431,2611036,0,0,0,1,0,0,0,0,0,0,0,0,0,0,0,0,1
432,2611037,0,0,0,0,0,1,0,0,0,1,0,0,0,0,0,1,1
433,2611038,1,0,1,0,0,1,0,0,0,0,0,0,0,0,1,1,0
434,2611039,0,0,1,0,0,0,0,0,0,0,0,0,0,0,1,0,0
435,2611040,0,0,0,0,0,0,0,0,0,0,0,0,0,0,0,0,0
436,2611041,0,1,0,0,0,0,0,0,0,0,0,0,0,0,1,0,0
437,2611042,1,0,1,0,0,0,0,0,0,0,0,0,0,0,1,0,0
438,2611044,0,0,0,1,0,0,0,0,0,0,0,0,0,0,0,0,1
439,2611045,0,0,0,0,0,0,0,0,0,0,0,0,0,0,0,0,0
440,2611046,0,0,1,0,0,0,0,0,0,0,0,0,0,0,1,0,0
441,2611049,1,1,0,0,0,0,0,0,0,0,0,0,0,0,1,0,0
442,2611051,0,1,1,0,0,0,0,0,0,0,0,0,0,0,1,0,0
443,2611052,1,0,0,0,0,0,0,0,0,0,0,1,0,0,1,0,1
444,2611053,1,0,1,0,0,0,0,0,0,0,0,0,0,0,1,0,0
445,2611054,0,0,1,1,0,0,0,0,0,0,0,0,0,0,1,0,1
446,2611056,0,0,1,1,0,1,0,1,0,0,0,0,0,0,1,1,1
447,2611058,0,0,1,1,0,0,0,0,0,0,0,0,0,0,1,0,1
448,2611060,0,0,1,0,0,0,0,0,0,0,0,0,0,0,1,0,0
449,2611061,1,0,0,0,0,0,0,0,0,0,0,0,0,0,1,0,0
450,2611062,0,0,0,0,0,0,0,0,0,0,1,0,0,0,0,0,1
451,2611063,1,0,0,0,0,0,0,0,0,0,0,0,0,0,1,0,0
452,2611064,1,0,0,0,0,1,0,0,0,0,1,0,0,0,1,1,1
453,2611065,0,0,1,0,0,0,1,0,0,0,0,0,0,0,1,1,0
454,2611067,0,0,1,0,1,0,0,0,0,0,0,0,0,0,1,1,0
455,2611068,0,1,0,0,1,0,0,0,0,0,0,0,0,0,1,1,0
456,2611069,0,0,0,0,0,0,0,0,0,0,0,0,1,0,1,0,0
457,2611070,1,0,1,1,0,0,0,0,0,0,0,0,0,0,1,0,1
458,2611071,1,0,1,1,1,1,0,0,0,0,0,0,0,0,1,1,1
459,2611072,1,0,0,0,0,0,0,0,0,0,0,0,1,0,1,0,0
460,2611073,0,0,1,0,0,1,0,0,0,0,0,0,0,0,1,1,0
461,2611074,0,0,1,0,0,0,0,0,0,0,0,0,0,0,1,0,0
462,2611075,0,0,0,0,1,0,0,0,0,0,1,0,0,0,0,1,1
463,2611076,1,1,1,0,0,0,0,0,0,0,0,0,0,0,1,0,0
464,2611077,0,0,1,1,0,0,0,1,0,0,1,0,0,0,1,0,1
465,2611078,0,0,0,0,0,0,0,0,0,0,0,1,0,0,0,0,1
466,2611080,0,1,0,0,0,0,0,0,0,0,0,0,0,0,1,0,0
467,2611081,0,0,1,0,0,0,0,0,0,0,0,1,0,0,1,0,1
468,2611083,0,0,0,0,0,0,0,0,0,0,0,0,1,0,1,0,0
469,2611084,0,0,0,1,0,0,0,0,0,0,1,0,0,0,0,0,1
470,2611085,0,0,1,0,0,0,0,0,0,0,0,0,0,0,1,0,0
471,2611086,0,1,0,1,0,0,1,0,0,0,0,0,0,0,1,1,1
472,2611087,0,1,0,0,0,0,0,0,0,0,0,0,0,0,1,0,0
473,2611088,0,0,1,0,0,0,0,0,0,0,0,0,0,0,1,0,0
474,2611089,1,0,0,0,0,0,0,0,0,0,0,1,0,0,1,0,1
475,2611090,0,0,1,0,0,0,0,0,0,0,0,0,0,0,1,0,0
476,2611091,0,0,1,1,0,0,0,0,0,0,0,0,0,0,1,0,1
477,2611092,1,1,0,0,0,0,0,0,0,0,0,0,0,0,1,0,0
478,2611093,0,0,1,0,0,0,0,0,0,0,1,0,0,0,1,0,1
479,2611094,0,0,1,0,0,0,0,1,0,0,0,0,0,0,1,0,1
480,2611095,0,1,1,0,0,0,0,0,0,0,0,0,0,0,1,0,0
481,2611096,0,0,1,0,0,0,0,0,0,0,0,0,0,0,1,0,0
482,2611097,0,0,1,0,0,0,0,0,0,0,0,0,0,0,1,0,0
483,2611098,1,1,1,1,0,0,0,0,0,0,0,0,0,0,1,0,1
484,2611099,0,0,0,0,0,0,0,0,0,0,0,0,1,0,1,0,0
485,2611100,0,0,1,0,0,1,0,0,0,0,0,0,0,0,1,1,0
486,2611101,0,0,1,1,0,0,0,0,0,0,0,0,0,0,1,0,1
487,2611102,0,0,0,0,0,0,0,0,0,0,1,0,0,0,0,0,1
488,2611103,0,0,0,0,0,0,0,0,0,0,1,0,0,0,0,0,1
489,2611104,0,0,1,0,0,0,0,0,0,0,0,0,0,0,1,0,0
490,2611105,1,0,0,0,0,0,0,0,0,0,0,1,0,0,1,0,1
491,2611106,0,0,1,0,1,0,0,0,0,0,0,0,0,0,1,1,0
492,2611109,0,0,1,0,0,0,0,0,0,0,0,0,0,0,1,0,0
493,2611110,0,0,0,0,0,1,0,0,0,0,0,0,0,1,1,1,0
494,2611111,1,0,0,0,0,1,0,0,0,0,0,0,0,0,1,1,0
495,2611114,0,0,1,0,0,0,0,0,0,0,0,0,0,0,1,0,0
496,2611115,0,0,0,0,0,0,0,0,0,0,1,0,0,0,0,0,1
497,2611117,1,0,1,0,0,1,0,0,0,0,0,0,0,0,1,1,0
498,2611118,1,0,1,0,0,0,0,0,0,0,0,0,0,0,1,0,0
499,2611119,1,1,0,1,0,0,0,0,0,0,0,0,0,0,1,0,1
