,HHID,Labour,Health,Technology,Finance,Education,Seeds,Soil,Water,Land,ShortWeather,LongWeather,PestSalience,Markets,Economy,Religious,Droughts,Floods,Groundwater,Heat,Pests,Frost,Hail
0,2301006,1.0,3.0,3.0,2.0,2.0,3.0,3.0,3.0,3.0,3.0,3.0,3.0,3.0,2.0,1.0,-1.0,0.0,1.0,1.0,1.0,1.0,-1.0
1,2301007,1.0,1.0,1.0,1.0,1.0,1.0,2.0,2.0,2.0,2.0,1.0,1.0,1.0,1.0,1.0,-1.0,-1.0,-1.0,0.0,1.0,1.0,0.0
2,2301013,3.0,3.0,2.0,2.0,1.0,1.0,1.0,1.0,1.0,3.0,2.0,2.0,2.0,1.0,1.0,0.0,0.0,1.0,-1.0,1.0,-1.0,1.0
3,2301016,1.0,1.0,1.0,1.0,1.0,1.0,1.0,1.0,1.0,3.0,3.0,3.0,1.0,1.0,1.0,1.0,0.0,0.0,0.0,1.0,1.0,0.0
4,2301017,1.0,2.0,2.0,2.0,3.0,3.0,3.0,3.0,2.0,3.0,3.0,3.0,3.0,3.0,1.0,-1.0,1.0,-1.0,-1.0,1.0,1.0,1.0
5,2301021,1.0,1.0,1.0,2.0,1.0,2.0,3.0,3.0,1.0,3.0,3.0,3.0,3.0,2.0,1.0,1.0,0.0,-1.0,-1.0,1.0,1.0,-1.0
6,2301029,2.0,3.0,2.0,2.0,2.0,3.0,2.0,2.0,2.0,1.0,1.0,1.0,2.0,1.0,1.0,0.0,0.0,1.0,-1.0,1.0,-1.0,0.0
7,2301037,2.0,3.0,3.0,3.0,3.0,3.0,3.0,3.0,3.0,3.0,3.0,3.0,3.0,2.0,3.0,0.0,0.0,-1.0,1.0,1.0,1.0,0.0
8,2301038,3.0,3.0,3.0,3.0,3.0,3.0,3.0,3.0,3.0,3.0,3.0,3.0,3.0,3.0,1.0,1.0,-1.0,-1.0,-1.0,1.0,1.0,-1.0
9,2301041,3.0,3.0,3.0,3.0,3.0,3.0,3.0,3.0,3.0,3.0,3.0,3.0,3.0,3.0,3.0,1.0,1.0,-1.0,1.0,1.0,1.0,-1.0
10,2301043,2.0,1.0,2.0,2.0,1.0,1.0,2.0,1.0,1.0,3.0,3.0,2.0,1.0,1.0,1.0,0.0,1.0,1.0,-1.0,0.0,0.0,-1.0
11,2301044,3.0,3.0,3.0,3.0,3.0,3.0,3.0,3.0,3.0,3.0,3.0,3.0,3.0,3.0,1.0,1.0,1.0,-1.0,1.0,1.0,1.0,-1.0
12,2301046,3.0,3.0,3.0,3.0,3.0,3.0,3.0,3.0,3.0,3.0,3.0,3.0,2.0,3.0,1.0,1.0,-1.0,1.0,-1.0,1.0,1.0,1.0
13,2301047,3.0,3.0,3.0,1.0,3.0,3.0,3.0,3.0,3.0,3.0,3.0,2.0,3.0,3.0,2.0,-1.0,-1.0,1.0,-1.0,1.0,1.0,-1.0
14,2301048,3.0,3.0,3.0,3.0,3.0,3.0,3.0,3.0,3.0,3.0,3.0,2.0,3.0,2.0,1.0,1.0,1.0,1.0,-1.0,1.0,1.0,1.0
15,2301053,3.0,3.0,3.0,3.0,3.0,3.0,3.0,3.0,3.0,3.0,3.0,3.0,3.0,3.0,2.0,1.0,1.0,1.0,1.0,1.0,1.0,1.0
16,2301056,2.0,3.0,3.0,3.0,2.0,2.0,2.0,2.0,2.0,2.0,2.0,1.0,2.0,1.0,1.0,-1.0,1.0,1.0,1.0,1.0,1.0,0.0
17,2301057,1.0,1.0,2.0,2.0,2.0,2.0,2.0,2.0,2.0,2.0,2.0,2.0,2.0,2.0,1.0,0.0,0.0,0.0,0.0,1.0,0.0,-1.0
18,2301058,2.0,2.0,2.0,2.0,2.0,2.0,2.0,2.0,2.0,2.0,2.0,2.0,2.0,2.0,1.0,-1.0,-1.0,1.0,0.0,1.0,-1.0,0.0
19,2301059,3.0,3.0,2.0,3.0,3.0,3.0,3.0,3.0,3.0,2.0,3.0,3.0,3.0,3.0,1.0,0.0,1.0,1.0,0.0,0.0,0.0,-1.0
20,2301060,2.0,2.0,3.0,3.0,3.0,3.0,3.0,3.0,2.0,2.0,2.0,1.0,2.0,2.0,1.0,-1.0,0.0,0.0,0.0,1.0,0.0,-1.0
21,2301068,2.0,2.0,2.0,3.0,2.0,2.0,2.0,2.0,2.0,2.0,1.0,1.0,2.0,2.0,2.0,-1.0,-1.0,1.0,-1.0,1.0,1.0,0.0
22,2301069,1.0,2.0,2.0,2.0,3.0,3.0,3.0,2.0,2.0,3.0,3.0,2.0,2.0,3.0,2.0,0.0,1.0,0.0,0.0,1.0,0.0,-1.0
23,2301070,2.0,2.0,2.0,2.0,2.0,2.0,2.0,3.0,2.0,2.0,2.0,2.0,2.0,2.0,1.0,1.0,1.0,1.0,1.0,1.0,1.0,-1.0
24,2301071,2.0,3.0,2.0,3.0,3.0,2.0,3.0,3.0,2.0,2.0,3.0,3.0,2.0,3.0,1.0,0.0,1.0,0.0,0.0,1.0,0.0,-1.0
25,2301072,2.0,2.0,2.0,2.0,2.0,2.0,2.0,2.0,2.0,3.0,3.0,3.0,3.0,2.0,2.0,0.0,1.0,1.0,0.0,1.0,1.0,-1.0
26,2301073,2.0,3.0,2.0,3.0,2.0,3.0,2.0,3.0,2.0,2.0,2.0,1.0,2.0,2.0,1.0,1.0,1.0,1.0,-1.0,1.0,1.0,0.0
27,2301074,2.0,2.0,2.0,2.0,2.0,2.0,2.0,2.0,2.0,2.0,3.0,3.0,3.0,2.0,1.0,0.0,1.0,0.0,1.0,1.0,1.0,-1.0
28,2301075,2.0,3.0,3.0,3.0,3.0,3.0,3.0,3.0,3.0,2.0,2.0,2.0,3.0,3.0,1.0,1.0,1.0,1.0,1.0,1.0,1.0,-1.0
29,2301086,1.0,2.0,1.0,2.0,1.0,1.0,2.0,1.0,1.0,1.0,1.0,1.0,1.0,1.0,1.0,1.0,0.0,0.0,0.0,1.0,-1.0,0.0
30,2301087,1.0,1.0,1.0,2.0,1.0,1.0,1.0,1.0,1.0,1.0,1.0,1.0,1.0,1.0,1.0,0.0,1.0,0.0,-1.0,1.0,-1.0,-1.0
31,2301092,2.0,2.0,3.0,2.0,2.0,3.0,2.0,3.0,3.0,2.0,3.0,3.0,2.0,2.0,1.0,1.0,1.0,-1.0,1.0,1.0,1.0,-1.0
32,2301093,2.0,3.0,3.0,3.0,2.0,3.0,3.0,3.0,2.0,3.0,3.0,2.0,3.0,3.0,2.0,-1.0,1.0,1.0,-1.0,1.0,1.0,0.0
33,2301094,2.0,2.0,3.0,2.0,1.0,3.0,3.0,3.0,3.0,3.0,3.0,3.0,2.0,3.0,1.0,0.0,1.0,0.0,1.0,1.0,1.0,-1.0
34,2301096,2.0,2.0,2.0,2.0,2.0,2.0,2.0,3.0,2.0,2.0,1.0,1.0,2.0,2.0,1.0,1.0,1.0,1.0,-1.0,1.0,0.0,0.0
35,2301099,3.0,3.0,3.0,3.0,3.0,3.0,3.0,3.0,2.0,3.0,3.0,3.0,2.0,2.0,1.0,1.0,-1.0,-1.0,-1.0,1.0,-1.0,-1.0
36,2301100,2.0,3.0,2.0,2.0,3.0,3.0,3.0,3.0,3.0,3.0,3.0,3.0,2.0,3.0,1.0,1.0,-1.0,-1.0,1.0,1.0,-1.0,-1.0
37,2301104,3.0,3.0,3.0,3.0,2.0,3.0,3.0,3.0,3.0,3.0,3.0,3.0,3.0,3.0,2.0,1.0,1.0,1.0,-1.0,1.0,1.0,-1.0
38,2301105,3.0,2.0,3.0,3.0,3.0,3.0,3.0,3.0,3.0,3.0,3.0,3.0,2.0,2.0,1.0,0.0,1.0,-1.0,0.0,1.0,1.0,-1.0
39,2301108,3.0,2.0,3.0,3.0,1.0,2.0,3.0,3.0,3.0,2.0,3.0,3.0,1.0,2.0,1.0,-1.0,0.0,-1.0,1.0,1.0,0.0,0.0
40,2301111,3.0,3.0,2.0,3.0,2.0,3.0,3.0,3.0,1.0,3.0,3.0,3.0,3.0,2.0,1.0,0.0,0.0,1.0,0.0,1.0,1.0,0.0
41,2301113,3.0,3.0,3.0,3.0,2.0,3.0,3.0,3.0,3.0,3.0,3.0,3.0,3.0,1.0,2.0,1.0,1.0,-1.0,0.0,1.0,1.0,0.0
42,2301116,2.0,2.0,3.0,3.0,2.0,3.0,3.0,3.0,3.0,3.0,3.0,3.0,1.0,2.0,1.0,1.0,1.0,-1.0,1.0,1.0,1.0,1.0
43,2301122,1.0,3.0,3.0,3.0,1.0,3.0,3.0,3.0,3.0,3.0,3.0,3.0,3.0,3.0,1.0,-1.0,1.0,-1.0,-1.0,1.0,1.0,1.0
44,2301124,3.0,3.0,3.0,3.0,1.0,3.0,3.0,3.0,3.0,2.0,3.0,3.0,1.0,1.0,1.0,1.0,1.0,1.0,1.0,1.0,1.0,1.0
45,2301125,1.0,3.0,3.0,3.0,3.0,3.0,3.0,3.0,3.0,3.0,3.0,3.0,3.0,3.0,2.0,0.0,1.0,-1.0,1.0,1.0,1.0,-1.0
46,2301126,3.0,3.0,3.0,3.0,3.0,3.0,3.0,3.0,3.0,2.0,3.0,3.0,3.0,2.0,1.0,1.0,1.0,1.0,1.0,1.0,1.0,1.0
47,2301127,3.0,3.0,3.0,3.0,1.0,1.0,3.0,2.0,3.0,3.0,3.0,3.0,3.0,3.0,1.0,1.0,-1.0,-1.0,1.0,1.0,0.0,0.0
48,2301128,3.0,2.0,3.0,3.0,3.0,3.0,3.0,3.0,3.0,3.0,3.0,3.0,3.0,2.0,2.0,1.0,1.0,-1.0,1.0,1.0,1.0,1.0
49,2301129,3.0,3.0,3.0,3.0,3.0,3.0,3.0,3.0,3.0,3.0,3.0,2.0,3.0,2.0,1.0,1.0,1.0,1.0,1.0,1.0,1.0,1.0
50,2301130,2.0,2.0,3.0,1.0,1.0,3.0,3.0,2.0,1.0,2.0,2.0,3.0,1.0,1.0,1.0,0.0,-1.0,1.0,1.0,1.0,-1.0,-1.0
51,2301132,2.0,3.0,3.0,3.0,1.0,3.0,3.0,1.0,2.0,1.0,3.0,3.0,1.0,2.0,1.0,0.0,0.0,0.0,0.0,1.0,-1.0,0.0
52,2304001,3.0,3.0,3.0,3.0,3.0,3.0,3.0,3.0,3.0,3.0,3.0,3.0,3.0,3.0,2.0,1.0,1.0,0.0,1.0,1.0,1.0,1.0
53,2304002,3.0,3.0,3.0,3.0,3.0,3.0,3.0,3.0,2.0,3.0,3.0,3.0,3.0,3.0,1.0,0.0,1.0,0.0,0.0,1.0,0.0,0.0
54,2304003,3.0,3.0,3.0,3.0,3.0,3.0,3.0,3.0,3.0,3.0,3.0,3.0,3.0,3.0,1.0,0.0,-1.0,0.0,1.0,1.0,0.0,-1.0
55,2304004,2.0,1.0,1.0,1.0,1.0,2.0,2.0,2.0,2.0,3.0,3.0,3.0,2.0,1.0,1.0,1.0,0.0,-1.0,1.0,1.0,1.0,0.0
56,2304006,2.0,3.0,3.0,3.0,3.0,3.0,3.0,3.0,3.0,3.0,3.0,3.0,3.0,2.0,1.0,0.0,-1.0,0.0,-1.0,1.0,0.0,0.0
57,2304007,2.0,3.0,3.0,3.0,3.0,3.0,3.0,3.0,3.0,3.0,3.0,3.0,3.0,3.0,1.0,1.0,0.0,0.0,1.0,1.0,1.0,0.0
58,2304009,2.0,1.0,1.0,3.0,1.0,3.0,3.0,3.0,2.0,3.0,3.0,3.0,2.0,2.0,1.0,-1.0,0.0,0.0,1.0,1.0,1.0,1.0
59,2304010,3.0,3.0,3.0,3.0,3.0,3.0,3.0,3.0,2.0,3.0,3.0,3.0,3.0,2.0,1.0,-1.0,-1.0,0.0,1.0,1.0,1.0,1.0
60,2304011,3.0,3.0,3.0,3.0,3.0,3.0,3.0,3.0,3.0,3.0,3.0,3.0,3.0,3.0,1.0,1.0,1.0,-1.0,1.0,1.0,1.0,0.0
61,2304014,1.0,3.0,3.0,3.0,3.0,3.0,3.0,3.0,1.0,3.0,3.0,3.0,3.0,3.0,1.0,1.0,1.0,0.0,1.0,1.0,1.0,0.0
62,2304015,1.0,3.0,2.0,2.0,3.0,3.0,3.0,3.0,3.0,3.0,3.0,2.0,3.0,1.0,1.0,-1.0,1.0,1.0,1.0,1.0,-1.0,1.0
63,2304020,3.0,3.0,2.0,2.0,1.0,1.0,2.0,3.0,3.0,2.0,2.0,2.0,1.0,1.0,2.0,0.0,1.0,0.0,0.0,0.0,0.0,0.0
64,2304021,1.0,2.0,1.0,3.0,2.0,1.0,1.0,1.0,1.0,1.0,1.0,1.0,1.0,1.0,1.0,1.0,0.0,-1.0,0.0,1.0,0.0,0.0
65,2304022,1.0,2.0,1.0,2.0,2.0,1.0,2.0,2.0,2.0,1.0,1.0,2.0,2.0,1.0,1.0,1.0,0.0,0.0,0.0,1.0,1.0,0.0
66,2304024,2.0,2.0,1.0,2.0,2.0,1.0,1.0,2.0,2.0,1.0,1.0,3.0,1.0,1.0,1.0,-1.0,-1.0,0.0,-1.0,1.0,1.0,-1.0
67,2304025,1.0,1.0,1.0,2.0,1.0,2.0,2.0,2.0,1.0,2.0,1.0,1.0,2.0,1.0,1.0,1.0,0.0,-1.0,0.0,1.0,1.0,0.0
68,2304026,1.0,2.0,3.0,2.0,1.0,3.0,3.0,3.0,2.0,3.0,3.0,3.0,2.0,2.0,1.0,0.0,1.0,0.0,1.0,1.0,1.0,1.0
69,2304027,3.0,3.0,3.0,3.0,2.0,3.0,3.0,3.0,3.0,3.0,3.0,3.0,3.0,3.0,1.0,1.0,0.0,0.0,1.0,1.0,1.0,0.0
70,2304028,2.0,1.0,2.0,1.0,1.0,3.0,3.0,3.0,2.0,2.0,2.0,3.0,3.0,1.0,1.0,-1.0,-1.0,1.0,1.0,1.0,1.0,-1.0
71,2304029,3.0,3.0,3.0,3.0,3.0,3.0,3.0,3.0,3.0,3.0,3.0,3.0,3.0,3.0,1.0,1.0,1.0,1.0,1.0,1.0,0.0,0.0
72,2304030,2.0,2.0,2.0,2.0,1.0,1.0,1.0,1.0,2.0,2.0,2.0,3.0,2.0,2.0,1.0,-1.0,1.0,1.0,-1.0,1.0,1.0,-1.0
73,2304031,2.0,2.0,2.0,3.0,2.0,1.0,2.0,1.0,1.0,1.0,1.0,2.0,2.0,1.0,1.0,1.0,1.0,0.0,0.0,1.0,0.0,0.0
74,2304032,2.0,2.0,2.0,3.0,2.0,2.0,1.0,2.0,2.0,1.0,1.0,1.0,2.0,1.0,1.0,1.0,1.0,-1.0,0.0,1.0,0.0,0.0
75,2304033,3.0,3.0,3.0,3.0,2.0,3.0,3.0,3.0,3.0,3.0,3.0,3.0,3.0,3.0,1.0,1.0,0.0,1.0,1.0,1.0,0.0,0.0
76,2304034,3.0,3.0,3.0,3.0,3.0,3.0,3.0,3.0,2.0,3.0,3.0,3.0,3.0,3.0,2.0,-1.0,1.0,0.0,1.0,1.0,1.0,1.0
77,2304035,3.0,3.0,3.0,3.0,3.0,3.0,3.0,3.0,3.0,3.0,3.0,3.0,3.0,3.0,1.0,0.0,1.0,0.0,1.0,1.0,1.0,0.0
78,2304036,1.0,3.0,2.0,1.0,2.0,3.0,3.0,3.0,3.0,3.0,3.0,3.0,2.0,2.0,1.0,0.0,1.0,-1.0,1.0,1.0,0.0,0.0
79,2304037,2.0,3.0,3.0,3.0,3.0,3.0,3.0,3.0,2.0,3.0,3.0,3.0,3.0,3.0,1.0,0.0,1.0,-1.0,1.0,1.0,1.0,1.0
80,2304038,2.0,2.0,3.0,2.0,2.0,3.0,3.0,3.0,1.0,2.0,3.0,3.0,3.0,1.0,1.0,1.0,1.0,-1.0,1.0,1.0,-1.0,0.0
81,2304039,3.0,3.0,3.0,3.0,3.0,3.0,3.0,3.0,3.0,3.0,3.0,3.0,3.0,3.0,1.0,1.0,1.0,-1.0,1.0,1.0,1.0,0.0
82,2304040,3.0,3.0,2.0,3.0,2.0,3.0,3.0,3.0,1.0,2.0,3.0,3.0,3.0,1.0,1.0,0.0,-1.0,0.0,-1.0,1.0,1.0,-1.0
83,2304041,1.0,2.0,2.0,1.0,2.0,3.0,3.0,3.0,2.0,1.0,3.0,3.0,3.0,1.0,1.0,1.0,1.0,-1.0,1.0,1.0,1.0,-1.0
84,2304043,2.0,3.0,3.0,3.0,1.0,3.0,3.0,3.0,3.0,3.0,3.0,3.0,3.0,1.0,1.0,0.0,0.0,1.0,0.0,1.0,0.0,0.0
85,2304044,1.0,1.0,3.0,2.0,1.0,3.0,3.0,3.0,1.0,2.0,3.0,3.0,3.0,1.0,1.0,0.0,1.0,1.0,-1.0,1.0,1.0,-1.0
86,2304045,2.0,1.0,2.0,1.0,1.0,2.0,2.0,2.0,1.0,3.0,1.0,2.0,1.0,1.0,1.0,0.0,1.0,1.0,0.0,1.0,1.0,-1.0
87,2304046,3.0,3.0,3.0,3.0,3.0,3.0,3.0,3.0,3.0,3.0,3.0,3.0,3.0,3.0,1.0,0.0,1.0,1.0,1.0,0.0,0.0,0.0
88,2304049,3.0,3.0,3.0,3.0,3.0,3.0,3.0,3.0,3.0,3.0,3.0,3.0,3.0,3.0,2.0,1.0,1.0,1.0,1.0,1.0,1.0,1.0
89,2304050,3.0,3.0,3.0,3.0,3.0,3.0,3.0,3.0,2.0,2.0,2.0,2.0,2.0,2.0,2.0,1.0,1.0,1.0,1.0,1.0,1.0,-1.0
90,2304051,3.0,3.0,3.0,2.0,3.0,3.0,3.0,3.0,3.0,3.0,3.0,3.0,2.0,3.0,2.0,1.0,1.0,-1.0,0.0,1.0,1.0,0.0
91,2304052,2.0,3.0,3.0,2.0,3.0,3.0,3.0,3.0,3.0,3.0,3.0,2.0,3.0,3.0,2.0,1.0,1.0,1.0,1.0,1.0,1.0,1.0
92,2304053,3.0,3.0,3.0,3.0,3.0,3.0,3.0,3.0,3.0,3.0,3.0,2.0,3.0,3.0,2.0,1.0,1.0,0.0,1.0,1.0,1.0,1.0
93,2304055,2.0,3.0,3.0,3.0,3.0,2.0,2.0,3.0,3.0,2.0,3.0,3.0,3.0,3.0,1.0,1.0,1.0,-1.0,-1.0,1.0,1.0,1.0
94,2304056,2.0,3.0,3.0,1.0,3.0,2.0,3.0,3.0,3.0,2.0,3.0,3.0,3.0,2.0,1.0,0.0,0.0,1.0,1.0,0.0,1.0,1.0
95,2304059,2.0,2.0,3.0,3.0,3.0,3.0,3.0,3.0,3.0,3.0,3.0,3.0,3.0,3.0,1.0,1.0,1.0,0.0,1.0,1.0,1.0,1.0
96,2304064,3.0,3.0,3.0,3.0,2.0,3.0,3.0,3.0,3.0,3.0,3.0,3.0,3.0,3.0,1.0,1.0,0.0,-1.0,1.0,1.0,1.0,0.0
97,2304065,2.0,2.0,3.0,2.0,2.0,3.0,2.0,3.0,2.0,2.0,3.0,3.0,2.0,2.0,1.0,-1.0,0.0,1.0,-1.0,-1.0,-1.0,1.0
98,2304070,2.0,3.0,3.0,2.0,3.0,2.0,3.0,3.0,2.0,3.0,3.0,3.0,2.0,2.0,1.0,-1.0,1.0,1.0,1.0,1.0,-1.0,-1.0
99,2304071,2.0,2.0,2.0,2.0,1.0,3.0,3.0,3.0,2.0,3.0,3.0,3.0,2.0,2.0,1.0,1.0,1.0,-1.0,0.0,1.0,1.0,1.0
100,2304072,3.0,3.0,2.0,3.0,3.0,3.0,3.0,3.0,3.0,3.0,3.0,3.0,3.0,3.0,1.0,1.0,-1.0,-1.0,-1.0,1.0,-1.0,-1.0
101,2304075,3.0,3.0,3.0,3.0,3.0,3.0,3.0,3.0,2.0,3.0,3.0,2.0,2.0,2.0,1.0,1.0,0.0,-1.0,0.0,0.0,0.0,1.0
102,2304076,2.0,2.0,2.0,2.0,3.0,2.0,3.0,2.0,2.0,3.0,3.0,3.0,2.0,2.0,1.0,1.0,-1.0,-1.0,-1.0,1.0,1.0,-1.0
103,2304083,3.0,2.0,2.0,3.0,2.0,3.0,3.0,2.0,2.0,2.0,3.0,3.0,2.0,2.0,1.0,1.0,0.0,-1.0,1.0,1.0,0.0,0.0
104,2304084,3.0,3.0,3.0,3.0,2.0,3.0,3.0,3.0,3.0,2.0,3.0,3.0,2.0,2.0,1.0,1.0,1.0,1.0,1.0,1.0,0.0,1.0
105,2304085,1.0,3.0,3.0,3.0,1.0,2.0,3.0,3.0,3.0,1.0,3.0,3.0,2.0,1.0,1.0,1.0,1.0,1.0,-1.0,1.0,-1.0,0.0
106,2304086,1.0,2.0,2.0,3.0,3.0,2.0,2.0,1.0,2.0,1.0,1.0,1.0,2.0,1.0,1.0,1.0,-1.0,0.0,0.0,1.0,1.0,0.0
107,2304087,2.0,3.0,3.0,2.0,3.0,3.0,3.0,3.0,2.0,3.0,3.0,3.0,2.0,2.0,1.0,1.0,-1.0,1.0,-1.0,1.0,-1.0,-1.0
108,2304089,1.0,1.0,2.0,1.0,1.0,2.0,2.0,2.0,2.0,2.0,3.0,2.0,3.0,1.0,1.0,1.0,1.0,0.0,1.0,1.0,1.0,1.0
109,2304090,3.0,2.0,3.0,2.0,1.0,3.0,3.0,3.0,3.0,3.0,3.0,3.0,3.0,1.0,1.0,1.0,1.0,0.0,1.0,1.0,1.0,0.0
110,2304091,3.0,1.0,3.0,2.0,1.0,3.0,2.0,3.0,3.0,2.0,3.0,2.0,2.0,1.0,1.0,-1.0,0.0,1.0,-1.0,0.0,-1.0,-1.0
111,2304092,1.0,2.0,1.0,3.0,3.0,1.0,1.0,1.0,1.0,1.0,1.0,1.0,1.0,1.0,1.0,0.0,0.0,0.0,0.0,1.0,0.0,0.0
112,2304094,1.0,1.0,1.0,3.0,3.0,1.0,1.0,2.0,1.0,1.0,1.0,1.0,1.0,1.0,1.0,1.0,0.0,0.0,0.0,1.0,0.0,0.0
113,2304098,2.0,2.0,3.0,3.0,2.0,3.0,2.0,3.0,2.0,2.0,2.0,3.0,2.0,2.0,1.0,0.0,0.0,-1.0,0.0,1.0,1.0,0.0
114,2304103,2.0,3.0,2.0,2.0,3.0,3.0,3.0,3.0,2.0,2.0,3.0,3.0,2.0,2.0,1.0,1.0,1.0,-1.0,0.0,1.0,1.0,0.0
115,2304105,3.0,3.0,3.0,3.0,3.0,3.0,3.0,3.0,3.0,3.0,3.0,3.0,3.0,3.0,1.0,0.0,1.0,1.0,1.0,1.0,-1.0,-1.0
116,2304110,3.0,3.0,3.0,3.0,3.0,3.0,2.0,3.0,1.0,3.0,3.0,2.0,3.0,2.0,1.0,1.0,1.0,1.0,1.0,1.0,1.0,1.0
117,2304111,1.0,3.0,1.0,3.0,1.0,3.0,3.0,1.0,2.0,3.0,3.0,2.0,1.0,2.0,1.0,0.0,-1.0,0.0,-1.0,0.0,0.0,0.0
118,2304112,1.0,2.0,1.0,3.0,3.0,1.0,1.0,2.0,1.0,1.0,1.0,1.0,2.0,1.0,1.0,1.0,-1.0,0.0,0.0,1.0,0.0,0.0
119,2304118,1.0,1.0,2.0,2.0,2.0,2.0,2.0,2.0,2.0,3.0,3.0,3.0,3.0,2.0,1.0,0.0,1.0,0.0,0.0,1.0,1.0,-1.0
120,2304119,2.0,2.0,2.0,3.0,2.0,2.0,3.0,2.0,2.0,3.0,3.0,3.0,2.0,2.0,1.0,1.0,1.0,1.0,1.0,1.0,1.0,0.0
121,2304121,2.0,2.0,2.0,2.0,1.0,3.0,3.0,3.0,2.0,2.0,3.0,3.0,2.0,2.0,1.0,1.0,1.0,-1.0,1.0,1.0,1.0,-1.0
122,2304122,3.0,3.0,3.0,2.0,2.0,3.0,3.0,2.0,2.0,3.0,3.0,3.0,3.0,2.0,1.0,1.0,1.0,-1.0,1.0,1.0,1.0,0.0
123,2304123,1.0,3.0,3.0,2.0,2.0,3.0,3.0,3.0,2.0,3.0,3.0,3.0,3.0,1.0,1.0,1.0,1.0,-1.0,1.0,1.0,1.0,0.0
124,2304124,3.0,3.0,3.0,3.0,3.0,3.0,3.0,3.0,3.0,3.0,3.0,2.0,3.0,2.0,2.0,1.0,1.0,1.0,1.0,1.0,1.0,1.0
125,2304126,3.0,3.0,3.0,2.0,1.0,3.0,3.0,3.0,3.0,3.0,3.0,3.0,2.0,1.0,1.0,1.0,1.0,-1.0,0.0,1.0,1.0,-1.0
126,2304130,3.0,3.0,3.0,3.0,3.0,3.0,3.0,3.0,3.0,3.0,3.0,3.0,3.0,1.0,1.0,1.0,1.0,1.0,0.0,-1.0,1.0,-1.0
127,2304131,2.0,1.0,2.0,2.0,1.0,2.0,3.0,2.0,1.0,3.0,3.0,3.0,2.0,1.0,1.0,1.0,1.0,-1.0,1.0,1.0,-1.0,0.0
128,2304132,3.0,2.0,2.0,2.0,1.0,2.0,2.0,2.0,2.0,2.0,3.0,3.0,2.0,1.0,1.0,1.0,1.0,0.0,1.0,1.0,1.0,1.0
129,2304133,3.0,3.0,3.0,3.0,1.0,2.0,3.0,3.0,1.0,3.0,3.0,3.0,3.0,1.0,1.0,1.0,1.0,1.0,1.0,1.0,1.0,-1.0
130,2304134,3.0,3.0,3.0,2.0,2.0,3.0,3.0,3.0,3.0,3.0,2.0,3.0,2.0,3.0,1.0,0.0,0.0,1.0,1.0,-1.0,1.0,-1.0
131,2304135,3.0,3.0,3.0,3.0,3.0,3.0,3.0,3.0,3.0,3.0,3.0,3.0,3.0,3.0,1.0,1.0,1.0,1.0,1.0,1.0,1.0,1.0
132,2304136,3.0,3.0,3.0,3.0,3.0,3.0,3.0,3.0,3.0,3.0,3.0,3.0,3.0,3.0,1.0,1.0,1.0,1.0,1.0,1.0,0.0,0.0
133,2304139,2.0,2.0,2.0,2.0,2.0,3.0,3.0,3.0,3.0,1.0,1.0,3.0,2.0,1.0,3.0,1.0,1.0,1.0,1.0,1.0,1.0,1.0
134,2304140,1.0,3.0,2.0,3.0,3.0,3.0,2.0,3.0,2.0,3.0,3.0,3.0,3.0,2.0,1.0,1.0,1.0,1.0,0.0,1.0,1.0,1.0
135,2304141,2.0,3.0,3.0,2.0,2.0,3.0,3.0,3.0,2.0,3.0,3.0,3.0,2.0,1.0,1.0,1.0,1.0,1.0,1.0,1.0,1.0,0.0
136,2304146,1.0,3.0,3.0,2.0,2.0,3.0,3.0,3.0,3.0,2.0,2.0,2.0,3.0,2.0,1.0,1.0,-1.0,0.0,-1.0,0.0,0.0,-1.0
137,2304147,3.0,3.0,3.0,2.0,3.0,3.0,3.0,3.0,3.0,2.0,3.0,3.0,3.0,3.0,1.0,1.0,-1.0,-1.0,1.0,1.0,1.0,-1.0
138,2304148,3.0,3.0,3.0,1.0,3.0,3.0,3.0,3.0,3.0,3.0,3.0,2.0,2.0,3.0,1.0,1.0,1.0,1.0,1.0,1.0,1.0,1.0
139,2304149,1.0,3.0,3.0,2.0,2.0,3.0,3.0,3.0,2.0,2.0,2.0,3.0,2.0,3.0,1.0,1.0,0.0,0.0,1.0,1.0,0.0,-1.0
140,2304150,2.0,1.0,2.0,3.0,2.0,3.0,3.0,3.0,3.0,3.0,3.0,3.0,2.0,2.0,1.0,-1.0,-1.0,1.0,1.0,1.0,1.0,-1.0
141,2304151,3.0,3.0,3.0,3.0,3.0,3.0,3.0,3.0,3.0,3.0,3.0,1.0,3.0,3.0,2.0,1.0,1.0,1.0,1.0,1.0,1.0,1.0
142,2304152,2.0,2.0,3.0,2.0,2.0,3.0,3.0,3.0,3.0,2.0,3.0,1.0,3.0,2.0,1.0,0.0,0.0,0.0,0.0,1.0,0.0,-1.0
143,2304154,3.0,3.0,3.0,3.0,3.0,3.0,3.0,3.0,3.0,3.0,3.0,2.0,3.0,3.0,1.0,0.0,1.0,-1.0,1.0,1.0,1.0,1.0
144,2304155,3.0,3.0,3.0,3.0,2.0,3.0,3.0,3.0,3.0,3.0,3.0,3.0,3.0,3.0,1.0,1.0,0.0,1.0,1.0,1.0,1.0,0.0
145,2304157,3.0,3.0,3.0,3.0,3.0,3.0,3.0,3.0,3.0,3.0,3.0,3.0,3.0,3.0,1.0,1.0,0.0,-1.0,0.0,1.0,0.0,0.0
146,2304158,3.0,3.0,2.0,2.0,2.0,3.0,3.0,2.0,2.0,3.0,3.0,3.0,2.0,2.0,2.0,1.0,1.0,1.0,1.0,1.0,-1.0,1.0
147,2304163,2.0,3.0,2.0,2.0,3.0,3.0,3.0,3.0,2.0,3.0,3.0,3.0,2.0,2.0,1.0,1.0,1.0,0.0,1.0,1.0,-1.0,1.0
148,2304162,3.0,3.0,3.0,3.0,2.0,3.0,3.0,3.0,3.0,3.0,3.0,3.0,3.0,3.0,1.0,1.0,1.0,0.0,1.0,1.0,0.0,1.0
149,2304164,3.0,3.0,3.0,3.0,2.0,3.0,3.0,3.0,3.0,3.0,3.0,3.0,3.0,3.0,1.0,0.0,1.0,1.0,1.0,1.0,1.0,-1.0
150,2304166,3.0,3.0,2.0,1.0,2.0,3.0,3.0,3.0,2.0,3.0,3.0,3.0,2.0,2.0,1.0,0.0,1.0,-1.0,1.0,1.0,-1.0,0.0
151,2304167,3.0,3.0,3.0,3.0,1.0,3.0,3.0,3.0,3.0,3.0,3.0,3.0,3.0,3.0,1.0,1.0,0.0,1.0,1.0,1.0,1.0,0.0
152,2304170,3.0,3.0,3.0,3.0,3.0,3.0,3.0,3.0,3.0,2.0,3.0,3.0,1.0,1.0,1.0,1.0,1.0,0.0,0.0,-1.0,-1.0,-1.0
153,2304173,2.0,2.0,2.0,2.0,2.0,3.0,3.0,3.0,2.0,3.0,3.0,3.0,3.0,2.0,1.0,1.0,1.0,-1.0,1.0,1.0,1.0,-1.0
154,2304174,1.0,1.0,1.0,1.0,1.0,1.0,1.0,1.0,2.0,3.0,3.0,3.0,2.0,2.0,1.0,0.0,1.0,-1.0,1.0,1.0,1.0,-1.0
155,2304175,3.0,3.0,3.0,3.0,3.0,3.0,3.0,3.0,3.0,3.0,3.0,3.0,3.0,3.0,2.0,-1.0,1.0,-1.0,1.0,1.0,-1.0,0.0
156,2304176,3.0,2.0,2.0,2.0,2.0,3.0,3.0,3.0,3.0,2.0,3.0,3.0,2.0,2.0,1.0,1.0,0.0,-1.0,1.0,0.0,0.0,0.0
157,2304177,1.0,1.0,2.0,1.0,2.0,2.0,2.0,2.0,1.0,1.0,2.0,3.0,2.0,1.0,1.0,0.0,1.0,-1.0,1.0,1.0,1.0,1.0
158,2309002,3.0,3.0,3.0,3.0,3.0,3.0,3.0,3.0,3.0,3.0,3.0,3.0,3.0,3.0,1.0,1.0,1.0,-1.0,0.0,1.0,1.0,-1.0
159,2309004,1.0,1.0,1.0,3.0,3.0,2.0,1.0,1.0,2.0,3.0,3.0,3.0,1.0,1.0,1.0,0.0,1.0,-1.0,-1.0,1.0,-1.0,1.0
160,2309014,2.0,3.0,3.0,3.0,1.0,3.0,3.0,3.0,3.0,3.0,3.0,3.0,3.0,3.0,2.0,1.0,1.0,1.0,1.0,1.0,1.0,1.0
161,2309016,3.0,3.0,3.0,3.0,3.0,3.0,3.0,3.0,3.0,3.0,3.0,3.0,3.0,3.0,1.0,1.0,1.0,-1.0,1.0,1.0,1.0,0.0
162,2309021,3.0,3.0,3.0,3.0,3.0,3.0,3.0,3.0,3.0,3.0,3.0,3.0,3.0,2.0,1.0,1.0,0.0,-1.0,1.0,1.0,1.0,-1.0
163,2309022,3.0,3.0,3.0,2.0,2.0,3.0,3.0,3.0,2.0,3.0,3.0,3.0,3.0,3.0,1.0,0.0,0.0,0.0,1.0,1.0,1.0,1.0
164,2309029,3.0,3.0,3.0,3.0,3.0,3.0,3.0,3.0,3.0,3.0,3.0,3.0,3.0,2.0,1.0,1.0,0.0,1.0,0.0,1.0,1.0,-1.0
165,2309030,3.0,3.0,3.0,3.0,3.0,3.0,3.0,3.0,3.0,3.0,3.0,3.0,3.0,3.0,1.0,1.0,0.0,-1.0,-1.0,1.0,1.0,-1.0
166,2309032,3.0,3.0,3.0,3.0,3.0,3.0,3.0,1.0,1.0,2.0,3.0,3.0,1.0,1.0,1.0,-1.0,1.0,1.0,1.0,1.0,1.0,0.0
167,2309033,1.0,2.0,3.0,3.0,1.0,3.0,3.0,3.0,3.0,2.0,3.0,2.0,3.0,1.0,1.0,0.0,0.0,1.0,0.0,0.0,0.0,1.0
168,2309036,3.0,3.0,3.0,1.0,1.0,3.0,3.0,3.0,3.0,2.0,3.0,3.0,3.0,3.0,1.0,1.0,-1.0,1.0,1.0,1.0,1.0,0.0
169,2309037,3.0,3.0,3.0,3.0,3.0,3.0,3.0,3.0,3.0,2.0,3.0,3.0,2.0,3.0,1.0,1.0,1.0,-1.0,-1.0,1.0,-1.0,1.0
170,2309039,2.0,3.0,3.0,3.0,3.0,3.0,3.0,3.0,3.0,3.0,3.0,3.0,3.0,1.0,3.0,1.0,1.0,1.0,1.0,1.0,1.0,0.0
171,2309041,3.0,3.0,3.0,2.0,3.0,3.0,3.0,3.0,1.0,2.0,3.0,3.0,3.0,2.0,2.0,1.0,0.0,-1.0,1.0,1.0,1.0,0.0
172,2309042,3.0,3.0,3.0,3.0,2.0,3.0,3.0,3.0,3.0,3.0,3.0,3.0,3.0,3.0,3.0,1.0,1.0,1.0,1.0,1.0,1.0,0.0
173,2309045,3.0,2.0,3.0,3.0,3.0,3.0,2.0,3.0,3.0,3.0,3.0,3.0,1.0,3.0,1.0,1.0,1.0,1.0,1.0,1.0,1.0,0.0
174,2309053,3.0,3.0,3.0,3.0,3.0,3.0,3.0,3.0,3.0,3.0,3.0,2.0,3.0,3.0,1.0,1.0,1.0,1.0,1.0,1.0,1.0,-1.0
175,2309054,3.0,3.0,3.0,2.0,3.0,3.0,3.0,3.0,3.0,3.0,3.0,3.0,3.0,3.0,2.0,1.0,1.0,1.0,1.0,1.0,1.0,1.0
176,2309055,1.0,1.0,1.0,1.0,1.0,2.0,1.0,1.0,1.0,1.0,1.0,1.0,1.0,1.0,1.0,1.0,1.0,0.0,1.0,1.0,-1.0,0.0
177,2309056,3.0,3.0,3.0,3.0,3.0,3.0,3.0,3.0,3.0,3.0,3.0,2.0,3.0,3.0,3.0,1.0,1.0,1.0,1.0,1.0,1.0,1.0
178,2309057,3.0,3.0,3.0,3.0,3.0,3.0,3.0,3.0,3.0,3.0,3.0,1.0,3.0,2.0,2.0,1.0,1.0,1.0,1.0,1.0,1.0,1.0
179,2309059,2.0,2.0,2.0,3.0,2.0,3.0,3.0,3.0,2.0,2.0,1.0,1.0,2.0,2.0,1.0,-1.0,1.0,1.0,-1.0,1.0,1.0,0.0
180,2309067,1.0,3.0,1.0,1.0,1.0,3.0,3.0,3.0,1.0,3.0,3.0,3.0,3.0,3.0,1.0,1.0,1.0,-1.0,1.0,1.0,1.0,0.0
181,2309068,2.0,2.0,2.0,3.0,2.0,3.0,3.0,3.0,2.0,2.0,1.0,1.0,2.0,2.0,1.0,-1.0,-1.0,1.0,-1.0,1.0,1.0,0.0
182,2309070,3.0,3.0,3.0,3.0,3.0,3.0,3.0,3.0,3.0,3.0,1.0,1.0,3.0,2.0,1.0,1.0,1.0,1.0,1.0,1.0,1.0,0.0
183,2309071,2.0,3.0,3.0,3.0,3.0,3.0,3.0,3.0,3.0,3.0,3.0,3.0,3.0,2.0,2.0,1.0,-1.0,1.0,-1.0,1.0,1.0,-1.0
184,2309074,2.0,2.0,2.0,3.0,2.0,3.0,3.0,3.0,2.0,2.0,3.0,3.0,2.0,2.0,2.0,0.0,1.0,0.0,0.0,1.0,0.0,-1.0
185,2309075,2.0,3.0,3.0,3.0,2.0,3.0,3.0,3.0,2.0,2.0,3.0,3.0,2.0,2.0,1.0,0.0,1.0,0.0,1.0,1.0,1.0,-1.0
186,2309079,1.0,2.0,2.0,3.0,3.0,3.0,3.0,3.0,3.0,2.0,3.0,1.0,3.0,3.0,1.0,1.0,1.0,0.0,-1.0,1.0,1.0,1.0
187,2309080,3.0,3.0,3.0,3.0,2.0,3.0,3.0,3.0,3.0,3.0,3.0,3.0,3.0,2.0,2.0,0.0,0.0,0.0,1.0,1.0,1.0,-1.0
188,2309081,2.0,3.0,3.0,3.0,2.0,3.0,3.0,3.0,3.0,3.0,3.0,3.0,3.0,2.0,1.0,1.0,1.0,1.0,1.0,0.0,1.0,0.0
189,2309082,3.0,2.0,3.0,3.0,3.0,3.0,3.0,3.0,3.0,3.0,3.0,3.0,2.0,2.0,1.0,-1.0,-1.0,0.0,-1.0,-1.0,-1.0,0.0
190,2309083,3.0,3.0,3.0,3.0,1.0,3.0,3.0,3.0,3.0,3.0,3.0,3.0,3.0,3.0,1.0,1.0,1.0,0.0,1.0,0.0,0.0,0.0
191,2309084,3.0,3.0,3.0,3.0,2.0,3.0,3.0,3.0,3.0,3.0,3.0,3.0,3.0,3.0,1.0,1.0,0.0,1.0,1.0,0.0,0.0,1.0
192,2309085,3.0,3.0,3.0,2.0,2.0,3.0,3.0,3.0,2.0,3.0,3.0,2.0,2.0,2.0,1.0,1.0,1.0,1.0,0.0,0.0,0.0,0.0
193,2309086,3.0,3.0,3.0,3.0,3.0,3.0,3.0,3.0,3.0,3.0,3.0,3.0,3.0,3.0,2.0,0.0,0.0,0.0,1.0,1.0,1.0,0.0
194,2309087,3.0,2.0,2.0,2.0,2.0,3.0,3.0,3.0,2.0,3.0,3.0,3.0,2.0,2.0,1.0,1.0,1.0,1.0,1.0,-1.0,0.0,-1.0
195,2309088,2.0,3.0,1.0,1.0,1.0,3.0,3.0,1.0,1.0,3.0,3.0,3.0,1.0,2.0,1.0,-1.0,-1.0,0.0,0.0,-1.0,-1.0,0.0
196,2309089,2.0,2.0,2.0,2.0,3.0,3.0,3.0,3.0,2.0,2.0,3.0,2.0,2.0,2.0,1.0,0.0,0.0,-1.0,0.0,0.0,0.0,1.0
197,2309092,2.0,2.0,3.0,3.0,2.0,3.0,3.0,2.0,3.0,2.0,3.0,2.0,2.0,2.0,2.0,0.0,1.0,0.0,0.0,0.0,0.0,0.0
198,2309093,3.0,3.0,3.0,3.0,2.0,3.0,3.0,3.0,3.0,3.0,3.0,3.0,3.0,3.0,1.0,0.0,1.0,1.0,1.0,0.0,1.0,1.0
199,2309094,1.0,2.0,1.0,1.0,2.0,3.0,3.0,3.0,3.0,3.0,3.0,3.0,3.0,2.0,1.0,0.0,1.0,0.0,-1.0,1.0,1.0,1.0
200,2309097,1.0,1.0,1.0,1.0,1.0,1.0,1.0,1.0,1.0,1.0,1.0,1.0,1.0,1.0,1.0,1.0,0.0,-1.0,0.0,1.0,1.0,0.0
201,2309098,1.0,3.0,2.0,2.0,1.0,2.0,2.0,2.0,3.0,2.0,3.0,3.0,2.0,3.0,1.0,1.0,1.0,1.0,-1.0,1.0,-1.0,0.0
202,2309100,1.0,1.0,1.0,1.0,2.0,1.0,1.0,1.0,1.0,3.0,3.0,3.0,2.0,1.0,1.0,1.0,1.0,-1.0,1.0,1.0,1.0,-1.0
203,2309101,1.0,1.0,1.0,1.0,2.0,1.0,1.0,1.0,1.0,1.0,1.0,1.0,1.0,1.0,1.0,1.0,1.0,0.0,0.0,1.0,0.0,0.0
204,2309102,3.0,2.0,2.0,3.0,1.0,3.0,3.0,1.0,1.0,3.0,3.0,2.0,1.0,1.0,1.0,0.0,1.0,-1.0,1.0,1.0,-1.0,1.0
205,2309127,2.0,1.0,2.0,3.0,1.0,2.0,3.0,3.0,3.0,2.0,3.0,3.0,3.0,1.0,1.0,1.0,1.0,0.0,1.0,1.0,1.0,1.0
206,2309128,3.0,3.0,3.0,2.0,3.0,3.0,3.0,3.0,2.0,2.0,3.0,2.0,2.0,1.0,1.0,1.0,1.0,0.0,1.0,1.0,1.0,-1.0
207,2309133,3.0,2.0,2.0,2.0,3.0,3.0,3.0,3.0,2.0,3.0,2.0,3.0,2.0,2.0,1.0,1.0,-1.0,-1.0,-1.0,1.0,-1.0,-1.0
208,2309134,2.0,3.0,3.0,3.0,3.0,3.0,3.0,3.0,3.0,3.0,3.0,3.0,3.0,3.0,1.0,-1.0,-1.0,1.0,-1.0,1.0,-1.0,-1.0
209,2309139,1.0,3.0,3.0,2.0,2.0,3.0,3.0,3.0,2.0,3.0,3.0,3.0,2.0,2.0,1.0,1.0,-1.0,-1.0,1.0,1.0,-1.0,1.0
210,2309140,3.0,3.0,3.0,3.0,3.0,3.0,3.0,3.0,3.0,3.0,3.0,3.0,3.0,3.0,1.0,1.0,1.0,1.0,1.0,1.0,1.0,0.0
211,2309141,3.0,3.0,1.0,2.0,2.0,2.0,2.0,3.0,2.0,2.0,3.0,2.0,1.0,1.0,1.0,1.0,-1.0,1.0,-1.0,-1.0,-1.0,1.0
212,2309147,3.0,3.0,3.0,3.0,2.0,3.0,3.0,3.0,3.0,3.0,3.0,3.0,3.0,3.0,1.0,1.0,1.0,0.0,0.0,1.0,1.0,0.0
213,2309150,1.0,1.0,1.0,2.0,2.0,2.0,2.0,2.0,1.0,1.0,1.0,1.0,2.0,1.0,1.0,1.0,0.0,0.0,0.0,1.0,-1.0,0.0
214,2309151,2.0,2.0,2.0,2.0,2.0,3.0,3.0,3.0,2.0,3.0,3.0,3.0,3.0,2.0,1.0,1.0,0.0,1.0,0.0,1.0,1.0,-1.0
215,2309152,2.0,3.0,3.0,3.0,2.0,3.0,3.0,3.0,3.0,2.0,1.0,1.0,2.0,2.0,1.0,-1.0,1.0,1.0,1.0,1.0,1.0,0.0
216,2309154,2.0,2.0,2.0,2.0,2.0,3.0,3.0,3.0,2.0,2.0,1.0,1.0,2.0,2.0,1.0,-1.0,1.0,1.0,0.0,1.0,1.0,1.0
217,2309155,2.0,2.0,3.0,3.0,2.0,3.0,3.0,3.0,2.0,2.0,3.0,3.0,2.0,2.0,2.0,0.0,1.0,0.0,0.0,1.0,0.0,-1.0
218,2309158,3.0,3.0,3.0,2.0,2.0,3.0,3.0,3.0,2.0,2.0,3.0,2.0,3.0,2.0,1.0,1.0,0.0,-1.0,1.0,0.0,1.0,0.0
219,2309159,1.0,1.0,1.0,1.0,1.0,2.0,2.0,2.0,3.0,2.0,3.0,3.0,2.0,2.0,1.0,1.0,0.0,0.0,0.0,1.0,1.0,-1.0
220,2309160,1.0,2.0,2.0,2.0,1.0,3.0,3.0,3.0,2.0,2.0,3.0,3.0,3.0,1.0,1.0,1.0,1.0,1.0,1.0,1.0,1.0,1.0
221,2309163,2.0,2.0,3.0,3.0,1.0,1.0,1.0,1.0,1.0,1.0,1.0,1.0,1.0,1.0,1.0,1.0,1.0,0.0,0.0,1.0,1.0,-1.0
222,2309165,1.0,1.0,1.0,1.0,2.0,2.0,1.0,1.0,1.0,1.0,1.0,3.0,2.0,2.0,1.0,1.0,1.0,-1.0,0.0,1.0,1.0,1.0
223,2309170,3.0,3.0,3.0,3.0,3.0,3.0,3.0,3.0,3.0,3.0,3.0,3.0,2.0,3.0,2.0,1.0,-1.0,-1.0,-1.0,1.0,-1.0,-1.0
224,2309171,1.0,3.0,3.0,2.0,2.0,3.0,3.0,3.0,3.0,2.0,3.0,3.0,3.0,1.0,1.0,0.0,1.0,1.0,0.0,1.0,1.0,-1.0
225,2309174,2.0,2.0,2.0,2.0,1.0,2.0,1.0,1.0,1.0,1.0,1.0,1.0,1.0,1.0,1.0,1.0,1.0,0.0,0.0,1.0,-1.0,0.0
226,2309183,2.0,2.0,1.0,2.0,1.0,1.0,2.0,2.0,2.0,1.0,2.0,2.0,1.0,1.0,1.0,1.0,1.0,0.0,0.0,1.0,-1.0,-1.0
227,2309184,1.0,2.0,1.0,2.0,1.0,1.0,1.0,1.0,1.0,1.0,1.0,1.0,1.0,1.0,1.0,1.0,1.0,1.0,-1.0,1.0,0.0,-1.0
228,2309185,3.0,3.0,2.0,3.0,3.0,3.0,3.0,3.0,2.0,3.0,3.0,3.0,2.0,2.0,1.0,1.0,1.0,-1.0,-1.0,1.0,1.0,-1.0
229,2309187,3.0,3.0,3.0,2.0,3.0,3.0,3.0,3.0,3.0,3.0,3.0,1.0,3.0,2.0,1.0,1.0,-1.0,1.0,1.0,1.0,1.0,1.0
230,2309189,2.0,3.0,3.0,3.0,2.0,3.0,3.0,3.0,3.0,2.0,3.0,3.0,3.0,2.0,1.0,0.0,1.0,1.0,-1.0,1.0,1.0,-1.0
231,2309191,2.0,2.0,2.0,3.0,2.0,2.0,2.0,3.0,3.0,2.0,1.0,2.0,2.0,1.0,1.0,-1.0,1.0,1.0,-1.0,1.0,-1.0,0.0
232,2309192,1.0,2.0,3.0,2.0,2.0,3.0,3.0,3.0,2.0,2.0,3.0,3.0,2.0,2.0,1.0,0.0,0.0,0.0,0.0,1.0,0.0,-1.0
233,2309196,2.0,2.0,2.0,2.0,2.0,3.0,3.0,3.0,2.0,2.0,2.0,2.0,2.0,2.0,1.0,0.0,1.0,0.0,0.0,1.0,0.0,-1.0
234,2309197,3.0,2.0,3.0,3.0,3.0,3.0,3.0,3.0,2.0,3.0,3.0,3.0,3.0,2.0,2.0,1.0,0.0,0.0,0.0,0.0,0.0,-1.0
235,2309198,3.0,3.0,3.0,3.0,3.0,3.0,3.0,3.0,3.0,3.0,3.0,2.0,3.0,2.0,1.0,1.0,1.0,1.0,1.0,1.0,1.0,1.0
236,2309199,3.0,3.0,3.0,2.0,3.0,3.0,3.0,3.0,3.0,3.0,3.0,2.0,3.0,2.0,1.0,1.0,1.0,1.0,1.0,1.0,1.0,1.0
237,2309204,3.0,3.0,3.0,3.0,1.0,3.0,3.0,3.0,3.0,2.0,3.0,3.0,1.0,3.0,2.0,-1.0,1.0,1.0,1.0,1.0,1.0,-1.0
238,2309205,1.0,3.0,2.0,2.0,2.0,3.0,3.0,3.0,3.0,2.0,3.0,3.0,3.0,3.0,3.0,0.0,1.0,0.0,1.0,0.0,0.0,-1.0
239,2309207,3.0,3.0,3.0,3.0,3.0,3.0,3.0,3.0,3.0,3.0,3.0,3.0,1.0,3.0,1.0,1.0,1.0,0.0,1.0,1.0,1.0,0.0
240,2309208,3.0,3.0,3.0,3.0,3.0,3.0,3.0,3.0,3.0,3.0,3.0,3.0,2.0,2.0,1.0,1.0,1.0,1.0,1.0,1.0,1.0,0.0
241,2309211,3.0,2.0,3.0,3.0,2.0,3.0,3.0,3.0,3.0,3.0,3.0,3.0,3.0,3.0,1.0,0.0,1.0,0.0,0.0,1.0,1.0,0.0
242,2309212,3.0,3.0,3.0,3.0,2.0,3.0,3.0,3.0,3.0,3.0,3.0,3.0,3.0,3.0,1.0,0.0,1.0,-1.0,1.0,1.0,0.0,0.0
243,2309214,2.0,2.0,2.0,2.0,2.0,3.0,3.0,3.0,2.0,2.0,3.0,3.0,2.0,2.0,1.0,0.0,1.0,1.0,0.0,1.0,1.0,-1.0
244,2309217,3.0,3.0,3.0,3.0,3.0,3.0,3.0,3.0,3.0,3.0,3.0,3.0,3.0,3.0,1.0,1.0,1.0,1.0,-1.0,1.0,1.0,1.0
245,2309218,3.0,1.0,2.0,3.0,3.0,3.0,3.0,3.0,3.0,3.0,2.0,3.0,2.0,1.0,1.0,1.0,1.0,-1.0,0.0,1.0,1.0,0.0
246,2309219,2.0,2.0,2.0,2.0,2.0,3.0,2.0,3.0,3.0,2.0,3.0,3.0,3.0,2.0,1.0,0.0,1.0,1.0,0.0,1.0,1.0,-1.0
247,2309222,2.0,1.0,1.0,1.0,1.0,1.0,1.0,1.0,1.0,2.0,3.0,2.0,2.0,2.0,1.0,0.0,1.0,0.0,-1.0,-1.0,0.0,1.0
248,2309227,1.0,1.0,1.0,1.0,1.0,2.0,2.0,1.0,1.0,1.0,1.0,2.0,2.0,1.0,1.0,1.0,1.0,0.0,0.0,1.0,0.0,0.0
249,2309228,1.0,1.0,1.0,2.0,1.0,1.0,1.0,2.0,1.0,1.0,1.0,2.0,2.0,1.0,1.0,1.0,1.0,0.0,0.0,1.0,0.0,1.0
250,2309229,1.0,1.0,1.0,1.0,2.0,2.0,1.0,2.0,1.0,1.0,1.0,2.0,2.0,1.0,1.0,1.0,1.0,0.0,0.0,1.0,1.0,-1.0
251,2309232,2.0,3.0,3.0,1.0,1.0,3.0,3.0,3.0,1.0,2.0,3.0,3.0,1.0,1.0,1.0,1.0,1.0,1.0,1.0,1.0,1.0,0.0
252,2309233,1.0,3.0,2.0,3.0,3.0,3.0,3.0,3.0,2.0,1.0,3.0,3.0,3.0,1.0,1.0,-1.0,1.0,-1.0,1.0,1.0,1.0,0.0
253,2605003,3.0,2.0,3.0,3.0,3.0,3.0,3.0,2.0,2.0,2.0,3.0,3.0,2.0,1.0,1.0,-1.0,0.0,-1.0,1.0,1.0,1.0,-1.0
254,2605004,3.0,3.0,3.0,3.0,2.0,3.0,3.0,3.0,1.0,2.0,3.0,3.0,1.0,2.0,1.0,1.0,-1.0,-1.0,1.0,1.0,1.0,1.0
255,2605005,1.0,2.0,2.0,3.0,3.0,1.0,1.0,1.0,2.0,1.0,1.0,1.0,2.0,1.0,1.0,1.0,0.0,0.0,-1.0,1.0,-1.0,0.0
256,2605009,2.0,3.0,2.0,3.0,3.0,1.0,1.0,1.0,2.0,1.0,1.0,1.0,1.0,1.0,1.0,1.0,1.0,-1.0,-1.0,-1.0,-1.0,-1.0
257,2605016,1.0,1.0,2.0,1.0,2.0,2.0,2.0,2.0,1.0,2.0,2.0,2.0,2.0,1.0,1.0,1.0,1.0,-1.0,-1.0,1.0,-1.0,-1.0
258,2605017,2.0,2.0,2.0,2.0,2.0,3.0,3.0,3.0,2.0,3.0,3.0,3.0,2.0,3.0,1.0,1.0,1.0,1.0,0.0,1.0,-1.0,0.0
259,2605018,2.0,2.0,2.0,2.0,1.0,2.0,1.0,1.0,1.0,1.0,1.0,2.0,2.0,1.0,1.0,1.0,1.0,-1.0,0.0,0.0,1.0,-1.0
260,2605019,3.0,2.0,3.0,2.0,2.0,2.0,2.0,1.0,1.0,1.0,3.0,3.0,1.0,1.0,1.0,1.0,-1.0,-1.0,1.0,1.0,1.0,1.0
261,2605021,1.0,2.0,2.0,3.0,3.0,1.0,1.0,2.0,1.0,1.0,1.0,1.0,2.0,1.0,1.0,0.0,0.0,0.0,0.0,1.0,0.0,0.0
262,2605022,1.0,1.0,1.0,3.0,3.0,1.0,1.0,1.0,1.0,1.0,1.0,1.0,2.0,1.0,1.0,0.0,1.0,1.0,0.0,1.0,0.0,-1.0
263,2605023,1.0,2.0,2.0,2.0,2.0,2.0,2.0,2.0,2.0,3.0,3.0,3.0,2.0,2.0,1.0,1.0,1.0,-1.0,1.0,1.0,0.0,-1.0
264,2605024,1.0,2.0,2.0,3.0,2.0,1.0,1.0,1.0,3.0,1.0,1.0,1.0,2.0,1.0,1.0,0.0,-1.0,0.0,0.0,1.0,0.0,0.0
265,2605025,3.0,3.0,3.0,3.0,3.0,3.0,3.0,3.0,3.0,3.0,3.0,3.0,3.0,3.0,1.0,1.0,-1.0,0.0,0.0,1.0,1.0,0.0
266,2605026,3.0,3.0,3.0,3.0,3.0,3.0,3.0,3.0,3.0,3.0,3.0,3.0,3.0,3.0,1.0,0.0,0.0,1.0,1.0,1.0,0.0,0.0
267,2605027,3.0,3.0,3.0,3.0,3.0,3.0,3.0,3.0,3.0,3.0,3.0,3.0,3.0,3.0,1.0,0.0,0.0,0.0,0.0,1.0,1.0,0.0
268,2605029,3.0,3.0,3.0,3.0,3.0,3.0,3.0,3.0,3.0,3.0,3.0,3.0,3.0,3.0,1.0,1.0,0.0,0.0,1.0,1.0,1.0,-1.0
269,2605030,3.0,2.0,3.0,3.0,3.0,3.0,3.0,3.0,3.0,3.0,3.0,3.0,3.0,3.0,2.0,0.0,-1.0,1.0,-1.0,1.0,1.0,1.0
270,2605031,3.0,3.0,3.0,3.0,3.0,3.0,3.0,3.0,3.0,3.0,3.0,3.0,3.0,3.0,1.0,-1.0,0.0,0.0,1.0,1.0,1.0,1.0
271,2605032,1.0,1.0,1.0,1.0,1.0,1.0,1.0,2.0,1.0,2.0,2.0,3.0,1.0,1.0,1.0,1.0,1.0,1.0,0.0,1.0,0.0,0.0
272,2605033,1.0,2.0,1.0,1.0,3.0,1.0,2.0,1.0,1.0,2.0,2.0,2.0,1.0,1.0,1.0,1.0,-1.0,-1.0,-1.0,-1.0,-1.0,1.0
273,2605042,3.0,3.0,3.0,3.0,3.0,3.0,3.0,3.0,3.0,3.0,3.0,3.0,3.0,3.0,1.0,1.0,1.0,-1.0,1.0,1.0,1.0,0.0
274,2605045,2.0,1.0,3.0,2.0,2.0,3.0,3.0,3.0,3.0,3.0,3.0,3.0,1.0,2.0,1.0,1.0,1.0,1.0,1.0,1.0,1.0,1.0
275,2605046,3.0,3.0,3.0,3.0,3.0,3.0,3.0,3.0,3.0,3.0,3.0,3.0,3.0,3.0,3.0,1.0,-1.0,-1.0,1.0,1.0,1.0,-1.0
276,2605048,3.0,3.0,3.0,3.0,3.0,3.0,3.0,3.0,3.0,3.0,3.0,2.0,3.0,3.0,1.0,-1.0,0.0,1.0,-1.0,0.0,1.0,-1.0
277,2605049,3.0,2.0,3.0,2.0,2.0,2.0,2.0,2.0,2.0,2.0,3.0,3.0,1.0,1.0,1.0,1.0,1.0,0.0,0.0,1.0,1.0,0.0
278,2605050,1.0,2.0,3.0,3.0,3.0,3.0,3.0,2.0,3.0,3.0,3.0,3.0,2.0,3.0,1.0,0.0,0.0,0.0,0.0,0.0,0.0,0.0
279,2605051,2.0,3.0,2.0,2.0,3.0,3.0,3.0,3.0,3.0,3.0,3.0,3.0,3.0,3.0,1.0,1.0,-1.0,1.0,1.0,1.0,1.0,-1.0
280,2605052,3.0,3.0,3.0,3.0,1.0,3.0,2.0,2.0,2.0,2.0,3.0,3.0,2.0,2.0,1.0,1.0,1.0,1.0,1.0,1.0,1.0,1.0
281,2605053,2.0,2.0,3.0,3.0,3.0,3.0,3.0,3.0,3.0,3.0,3.0,3.0,3.0,3.0,3.0,1.0,1.0,-1.0,1.0,1.0,1.0,-1.0
282,2605055,3.0,3.0,3.0,3.0,3.0,3.0,3.0,3.0,3.0,3.0,3.0,3.0,3.0,3.0,1.0,1.0,1.0,1.0,0.0,1.0,1.0,-1.0
283,2605056,3.0,2.0,3.0,2.0,2.0,3.0,2.0,2.0,2.0,3.0,3.0,3.0,2.0,2.0,1.0,1.0,1.0,1.0,1.0,1.0,1.0,0.0
284,2605058,2.0,3.0,3.0,3.0,1.0,3.0,3.0,3.0,1.0,1.0,3.0,3.0,1.0,1.0,1.0,0.0,0.0,0.0,1.0,1.0,1.0,0.0
285,2605059,1.0,1.0,1.0,1.0,2.0,2.0,2.0,2.0,2.0,2.0,2.0,2.0,1.0,1.0,1.0,1.0,1.0,1.0,1.0,1.0,1.0,-1.0
286,2605061,2.0,3.0,3.0,3.0,3.0,3.0,3.0,2.0,2.0,2.0,3.0,3.0,2.0,2.0,2.0,-1.0,1.0,1.0,1.0,1.0,1.0,1.0
287,2605062,1.0,3.0,3.0,2.0,1.0,3.0,3.0,3.0,3.0,3.0,3.0,3.0,2.0,2.0,1.0,-1.0,1.0,0.0,-1.0,1.0,1.0,0.0
288,2605064,1.0,3.0,3.0,3.0,1.0,3.0,3.0,3.0,1.0,3.0,3.0,3.0,3.0,2.0,1.0,1.0,1.0,-1.0,1.0,1.0,1.0,0.0
289,2605065,3.0,2.0,3.0,2.0,3.0,3.0,3.0,3.0,3.0,3.0,3.0,3.0,3.0,2.0,3.0,1.0,1.0,-1.0,1.0,1.0,0.0,0.0
290,2605066,3.0,3.0,2.0,3.0,3.0,3.0,3.0,2.0,2.0,3.0,3.0,3.0,2.0,2.0,1.0,1.0,1.0,-1.0,1.0,1.0,1.0,-1.0
291,2605067,2.0,2.0,2.0,3.0,2.0,3.0,2.0,3.0,2.0,3.0,3.0,3.0,2.0,2.0,2.0,1.0,1.0,1.0,1.0,1.0,1.0,-1.0
292,2605068,3.0,3.0,2.0,3.0,1.0,3.0,2.0,1.0,2.0,2.0,3.0,3.0,3.0,2.0,1.0,1.0,1.0,1.0,1.0,1.0,1.0,-1.0
293,2605076,2.0,3.0,3.0,3.0,3.0,3.0,3.0,3.0,1.0,2.0,3.0,3.0,3.0,3.0,1.0,0.0,-1.0,-1.0,1.0,1.0,0.0,1.0
294,2605078,1.0,2.0,1.0,2.0,1.0,2.0,2.0,2.0,2.0,3.0,3.0,3.0,3.0,2.0,1.0,1.0,1.0,0.0,0.0,1.0,1.0,-1.0
295,2605080,3.0,3.0,3.0,3.0,3.0,3.0,3.0,3.0,3.0,2.0,3.0,3.0,3.0,3.0,1.0,1.0,1.0,-1.0,-1.0,1.0,1.0,-1.0
296,2605081,3.0,3.0,3.0,3.0,3.0,3.0,3.0,3.0,3.0,3.0,3.0,3.0,3.0,3.0,1.0,1.0,1.0,1.0,0.0,1.0,1.0,-1.0
297,2605083,3.0,3.0,3.0,2.0,2.0,3.0,3.0,3.0,3.0,3.0,3.0,3.0,3.0,3.0,1.0,1.0,1.0,1.0,1.0,1.0,1.0,0.0
298,2605084,3.0,3.0,3.0,2.0,2.0,3.0,2.0,3.0,2.0,3.0,3.0,3.0,2.0,2.0,1.0,1.0,0.0,-1.0,0.0,1.0,1.0,0.0
299,2605085,2.0,2.0,2.0,2.0,2.0,3.0,2.0,3.0,2.0,3.0,3.0,3.0,2.0,2.0,1.0,1.0,1.0,1.0,1.0,1.0,1.0,0.0
300,2605086,1.0,1.0,1.0,2.0,3.0,3.0,3.0,3.0,3.0,1.0,2.0,2.0,3.0,3.0,1.0,1.0,1.0,1.0,1.0,1.0,0.0,1.0
301,2605089,2.0,3.0,3.0,2.0,2.0,2.0,3.0,3.0,2.0,3.0,3.0,3.0,3.0,2.0,1.0,0.0,1.0,0.0,0.0,1.0,1.0,0.0
302,2610001,2.0,2.0,2.0,3.0,2.0,2.0,2.0,2.0,2.0,2.0,2.0,1.0,2.0,2.0,1.0,-1.0,-1.0,1.0,1.0,1.0,1.0,0.0
303,2610002,2.0,2.0,2.0,2.0,2.0,2.0,3.0,3.0,2.0,2.0,1.0,1.0,2.0,2.0,1.0,1.0,-1.0,1.0,-1.0,1.0,1.0,-1.0
304,2610003,2.0,3.0,3.0,2.0,2.0,2.0,2.0,2.0,1.0,1.0,1.0,1.0,2.0,1.0,1.0,1.0,-1.0,1.0,-1.0,1.0,-1.0,0.0
305,2610004,2.0,2.0,2.0,2.0,2.0,2.0,2.0,2.0,2.0,2.0,2.0,3.0,2.0,1.0,1.0,0.0,0.0,0.0,0.0,1.0,0.0,0.0
306,2610005,2.0,2.0,2.0,2.0,2.0,3.0,2.0,2.0,2.0,2.0,2.0,2.0,2.0,2.0,1.0,1.0,1.0,0.0,0.0,1.0,1.0,-1.0
307,2610007,2.0,2.0,1.0,2.0,2.0,3.0,3.0,3.0,2.0,2.0,3.0,3.0,2.0,1.0,1.0,0.0,0.0,-1.0,1.0,1.0,0.0,-1.0
308,2610009,3.0,3.0,3.0,3.0,3.0,3.0,3.0,3.0,3.0,2.0,2.0,1.0,2.0,2.0,2.0,1.0,1.0,1.0,1.0,1.0,1.0,1.0
309,2610010,2.0,3.0,3.0,3.0,3.0,3.0,3.0,3.0,3.0,2.0,3.0,2.0,3.0,3.0,1.0,1.0,1.0,0.0,0.0,0.0,0.0,0.0
310,2610011,3.0,3.0,3.0,3.0,3.0,3.0,3.0,3.0,3.0,2.0,2.0,2.0,3.0,2.0,2.0,1.0,1.0,1.0,1.0,1.0,1.0,1.0
311,2610012,3.0,3.0,3.0,3.0,3.0,3.0,3.0,2.0,3.0,2.0,3.0,3.0,2.0,3.0,2.0,0.0,1.0,-1.0,1.0,1.0,1.0,0.0
312,2610013,3.0,3.0,3.0,3.0,3.0,3.0,3.0,3.0,3.0,2.0,2.0,2.0,3.0,2.0,2.0,1.0,1.0,1.0,1.0,1.0,1.0,1.0
313,2610014,3.0,3.0,3.0,3.0,3.0,3.0,3.0,3.0,3.0,2.0,2.0,2.0,3.0,3.0,2.0,1.0,1.0,1.0,1.0,1.0,1.0,0.0
314,2610015,2.0,2.0,2.0,2.0,2.0,3.0,3.0,3.0,2.0,2.0,3.0,3.0,2.0,2.0,1.0,-1.0,-1.0,-1.0,0.0,-1.0,0.0,1.0
315,2610017,1.0,2.0,1.0,1.0,1.0,1.0,1.0,1.0,2.0,3.0,3.0,3.0,1.0,3.0,1.0,0.0,1.0,1.0,0.0,1.0,-1.0,-1.0
316,2610018,1.0,2.0,1.0,2.0,2.0,2.0,2.0,2.0,2.0,2.0,3.0,3.0,2.0,2.0,1.0,-1.0,-1.0,0.0,-1.0,1.0,1.0,-1.0
317,2610019,2.0,3.0,3.0,3.0,3.0,3.0,3.0,3.0,2.0,3.0,3.0,3.0,3.0,2.0,1.0,1.0,1.0,0.0,-1.0,1.0,1.0,1.0
318,2610020,2.0,3.0,3.0,1.0,2.0,3.0,3.0,3.0,2.0,3.0,3.0,3.0,2.0,2.0,1.0,1.0,1.0,1.0,1.0,1.0,1.0,0.0
319,2610021,3.0,3.0,3.0,3.0,2.0,3.0,3.0,3.0,3.0,3.0,3.0,3.0,2.0,2.0,1.0,-1.0,-1.0,0.0,-1.0,-1.0,-1.0,-1.0
320,2610022,3.0,3.0,3.0,1.0,3.0,3.0,2.0,3.0,3.0,3.0,3.0,3.0,3.0,2.0,1.0,0.0,1.0,0.0,0.0,-1.0,-1.0,0.0
321,2610023,3.0,1.0,3.0,3.0,1.0,3.0,1.0,1.0,1.0,1.0,3.0,3.0,1.0,2.0,1.0,1.0,1.0,1.0,1.0,1.0,1.0,1.0
322,2610024,3.0,3.0,3.0,3.0,1.0,3.0,3.0,3.0,3.0,3.0,3.0,3.0,2.0,2.0,1.0,1.0,1.0,1.0,1.0,1.0,1.0,0.0
323,2610025,2.0,2.0,3.0,2.0,3.0,3.0,2.0,2.0,2.0,3.0,3.0,3.0,2.0,2.0,1.0,1.0,1.0,-1.0,-1.0,1.0,1.0,-1.0
324,2610026,3.0,3.0,3.0,3.0,3.0,3.0,3.0,3.0,3.0,3.0,3.0,3.0,3.0,2.0,1.0,1.0,1.0,1.0,1.0,1.0,1.0,0.0
325,2610027,1.0,2.0,3.0,3.0,1.0,2.0,1.0,3.0,1.0,3.0,3.0,3.0,3.0,2.0,1.0,0.0,1.0,1.0,1.0,1.0,1.0,0.0
326,2610028,2.0,3.0,3.0,3.0,3.0,3.0,3.0,3.0,3.0,1.0,3.0,3.0,3.0,2.0,2.0,1.0,1.0,1.0,1.0,1.0,1.0,0.0
327,2610029,3.0,3.0,3.0,3.0,3.0,3.0,3.0,3.0,3.0,3.0,3.0,3.0,2.0,2.0,1.0,1.0,1.0,1.0,1.0,0.0,1.0,-1.0
328,2610031,2.0,3.0,3.0,2.0,1.0,3.0,2.0,2.0,2.0,3.0,3.0,3.0,3.0,2.0,2.0,1.0,1.0,1.0,1.0,1.0,0.0,1.0
329,2610032,3.0,2.0,3.0,3.0,3.0,3.0,3.0,3.0,2.0,3.0,3.0,3.0,3.0,2.0,1.0,1.0,1.0,-1.0,1.0,1.0,-1.0,-1.0
330,2610033,3.0,3.0,3.0,3.0,1.0,3.0,2.0,2.0,2.0,3.0,3.0,3.0,1.0,2.0,1.0,0.0,1.0,1.0,1.0,1.0,1.0,0.0
331,2610034,2.0,2.0,2.0,2.0,2.0,3.0,3.0,3.0,3.0,3.0,3.0,3.0,3.0,3.0,2.0,-1.0,1.0,-1.0,-1.0,1.0,1.0,1.0
332,2610035,3.0,3.0,3.0,3.0,3.0,3.0,3.0,3.0,3.0,2.0,2.0,1.0,3.0,2.0,2.0,1.0,1.0,1.0,1.0,1.0,1.0,1.0
333,2610036,2.0,2.0,2.0,3.0,2.0,1.0,1.0,1.0,2.0,1.0,1.0,1.0,2.0,1.0,1.0,1.0,0.0,0.0,-1.0,-1.0,-1.0,0.0
334,2610037,1.0,1.0,2.0,2.0,2.0,2.0,2.0,2.0,1.0,3.0,3.0,2.0,2.0,2.0,1.0,1.0,1.0,1.0,0.0,1.0,1.0,1.0
335,2610038,1.0,2.0,2.0,3.0,2.0,1.0,1.0,2.0,1.0,1.0,1.0,1.0,1.0,1.0,1.0,1.0,0.0,0.0,-1.0,0.0,0.0,0.0
336,2610040,3.0,2.0,3.0,3.0,3.0,3.0,3.0,3.0,3.0,3.0,3.0,3.0,3.0,3.0,1.0,1.0,-1.0,-1.0,1.0,1.0,1.0,1.0
337,2610041,2.0,2.0,1.0,3.0,3.0,1.0,1.0,1.0,1.0,1.0,1.0,1.0,2.0,1.0,1.0,1.0,1.0,0.0,-1.0,1.0,1.0,0.0
338,2610042,2.0,3.0,3.0,2.0,2.0,3.0,3.0,3.0,3.0,3.0,3.0,3.0,3.0,1.0,1.0,1.0,1.0,1.0,1.0,1.0,1.0,0.0
339,2610043,2.0,3.0,2.0,3.0,3.0,1.0,2.0,3.0,3.0,1.0,1.0,1.0,2.0,1.0,1.0,1.0,0.0,-1.0,-1.0,1.0,1.0,-1.0
340,2610044,2.0,3.0,2.0,2.0,2.0,2.0,3.0,2.0,2.0,2.0,3.0,2.0,2.0,2.0,1.0,0.0,1.0,0.0,0.0,0.0,0.0,-1.0
341,2610045,2.0,2.0,2.0,2.0,2.0,2.0,3.0,3.0,2.0,2.0,2.0,3.0,2.0,3.0,1.0,-1.0,1.0,0.0,0.0,1.0,0.0,-1.0
342,2610046,3.0,3.0,3.0,3.0,3.0,3.0,3.0,3.0,3.0,3.0,3.0,3.0,3.0,3.0,1.0,1.0,1.0,-1.0,1.0,1.0,1.0,1.0
343,2610047,1.0,1.0,1.0,2.0,2.0,2.0,2.0,2.0,2.0,2.0,2.0,2.0,2.0,2.0,1.0,-1.0,-1.0,1.0,0.0,1.0,0.0,-1.0
344,2610048,3.0,3.0,3.0,3.0,1.0,3.0,3.0,3.0,3.0,2.0,3.0,3.0,3.0,1.0,1.0,1.0,1.0,1.0,-1.0,1.0,1.0,0.0
345,2610049,3.0,3.0,3.0,3.0,3.0,3.0,3.0,3.0,3.0,2.0,2.0,2.0,3.0,2.0,1.0,-1.0,1.0,1.0,0.0,1.0,1.0,1.0
346,2610050,3.0,1.0,2.0,2.0,1.0,1.0,1.0,2.0,1.0,2.0,3.0,3.0,3.0,1.0,1.0,1.0,1.0,1.0,-1.0,1.0,1.0,0.0
347,2610051,3.0,3.0,3.0,3.0,3.0,3.0,3.0,3.0,3.0,2.0,2.0,1.0,2.0,2.0,1.0,1.0,1.0,0.0,1.0,1.0,1.0,1.0
348,2610052,2.0,2.0,1.0,2.0,2.0,1.0,2.0,2.0,2.0,2.0,3.0,3.0,3.0,3.0,1.0,0.0,-1.0,-1.0,0.0,1.0,0.0,1.0
349,2610053,3.0,3.0,3.0,3.0,3.0,3.0,3.0,3.0,3.0,3.0,3.0,3.0,3.0,3.0,1.0,1.0,1.0,-1.0,1.0,1.0,1.0,0.0
350,2610054,3.0,2.0,3.0,3.0,3.0,3.0,3.0,3.0,3.0,3.0,3.0,3.0,2.0,2.0,2.0,1.0,1.0,0.0,1.0,1.0,1.0,1.0
351,2610055,3.0,3.0,3.0,2.0,2.0,3.0,3.0,2.0,2.0,3.0,3.0,3.0,2.0,2.0,2.0,1.0,1.0,1.0,1.0,1.0,1.0,0.0
352,2610056,3.0,3.0,2.0,2.0,3.0,3.0,3.0,3.0,2.0,3.0,3.0,3.0,3.0,3.0,1.0,1.0,1.0,1.0,1.0,1.0,0.0,0.0
353,2610057,3.0,3.0,3.0,3.0,3.0,3.0,3.0,3.0,3.0,2.0,3.0,1.0,3.0,2.0,1.0,1.0,1.0,1.0,-1.0,1.0,1.0,-1.0
354,2610058,2.0,2.0,2.0,2.0,2.0,3.0,3.0,3.0,2.0,3.0,3.0,3.0,2.0,2.0,2.0,0.0,0.0,0.0,0.0,1.0,0.0,-1.0
355,2610059,2.0,2.0,2.0,3.0,2.0,3.0,3.0,2.0,2.0,2.0,3.0,3.0,3.0,2.0,1.0,1.0,0.0,0.0,1.0,1.0,1.0,-1.0
356,2610060,3.0,3.0,3.0,3.0,3.0,3.0,3.0,3.0,3.0,3.0,2.0,2.0,2.0,2.0,2.0,1.0,1.0,1.0,0.0,1.0,1.0,1.0
357,2610061,3.0,3.0,3.0,3.0,3.0,3.0,3.0,3.0,2.0,3.0,3.0,3.0,3.0,3.0,1.0,1.0,1.0,1.0,1.0,1.0,1.0,1.0
358,2610062,2.0,3.0,2.0,2.0,2.0,3.0,3.0,3.0,2.0,2.0,3.0,2.0,2.0,2.0,2.0,0.0,1.0,0.0,-1.0,1.0,1.0,-1.0
359,2610063,3.0,3.0,3.0,3.0,3.0,3.0,3.0,3.0,3.0,2.0,2.0,2.0,2.0,2.0,2.0,1.0,1.0,1.0,1.0,1.0,1.0,1.0
360,2610064,2.0,2.0,2.0,2.0,2.0,3.0,3.0,2.0,2.0,2.0,2.0,3.0,2.0,2.0,2.0,0.0,1.0,0.0,0.0,1.0,1.0,-1.0
361,2610066,3.0,2.0,3.0,3.0,1.0,3.0,3.0,2.0,2.0,2.0,3.0,3.0,3.0,3.0,1.0,1.0,1.0,1.0,1.0,1.0,1.0,0.0
362,2610067,2.0,2.0,2.0,2.0,2.0,3.0,2.0,2.0,1.0,3.0,3.0,2.0,2.0,2.0,2.0,1.0,1.0,-1.0,1.0,1.0,1.0,-1.0
363,2610068,1.0,3.0,2.0,2.0,1.0,2.0,3.0,3.0,2.0,3.0,3.0,3.0,3.0,2.0,1.0,1.0,0.0,1.0,1.0,1.0,1.0,0.0
364,2610070,2.0,2.0,3.0,3.0,2.0,3.0,2.0,3.0,2.0,2.0,3.0,3.0,3.0,2.0,2.0,0.0,0.0,0.0,0.0,1.0,1.0,-1.0
365,2610071,3.0,3.0,3.0,3.0,3.0,3.0,3.0,3.0,2.0,3.0,3.0,3.0,3.0,3.0,2.0,1.0,1.0,1.0,1.0,0.0,0.0,0.0
366,2610072,2.0,3.0,3.0,3.0,3.0,3.0,2.0,3.0,3.0,3.0,3.0,3.0,3.0,2.0,1.0,1.0,1.0,1.0,-1.0,1.0,1.0,0.0
367,2610073,3.0,3.0,1.0,3.0,2.0,1.0,3.0,3.0,3.0,3.0,3.0,3.0,2.0,1.0,1.0,-1.0,1.0,0.0,0.0,0.0,0.0,0.0
368,2610074,3.0,3.0,3.0,3.0,3.0,3.0,3.0,3.0,3.0,3.0,3.0,3.0,3.0,3.0,2.0,1.0,1.0,1.0,1.0,1.0,1.0,0.0
369,2610075,3.0,2.0,3.0,3.0,2.0,3.0,3.0,3.0,3.0,2.0,3.0,3.0,3.0,2.0,1.0,1.0,1.0,1.0,-1.0,1.0,-1.0,-1.0
370,2610076,3.0,2.0,3.0,3.0,3.0,3.0,3.0,3.0,3.0,2.0,3.0,3.0,3.0,3.0,2.0,1.0,1.0,0.0,-1.0,1.0,1.0,-1.0
371,2610077,3.0,3.0,3.0,3.0,3.0,3.0,3.0,3.0,3.0,2.0,2.0,2.0,2.0,2.0,2.0,1.0,1.0,1.0,1.0,1.0,1.0,1.0
372,2610078,2.0,2.0,2.0,2.0,2.0,2.0,3.0,2.0,2.0,2.0,2.0,3.0,2.0,2.0,2.0,0.0,1.0,0.0,0.0,1.0,0.0,0.0
373,2610079,3.0,3.0,3.0,3.0,3.0,3.0,3.0,3.0,3.0,2.0,2.0,2.0,3.0,2.0,1.0,1.0,1.0,1.0,-1.0,1.0,1.0,1.0
374,2610081,1.0,2.0,2.0,3.0,2.0,3.0,3.0,3.0,3.0,3.0,2.0,1.0,2.0,2.0,1.0,1.0,1.0,1.0,1.0,1.0,1.0,1.0
375,2610083,2.0,2.0,2.0,3.0,3.0,3.0,3.0,3.0,2.0,1.0,1.0,1.0,2.0,2.0,1.0,1.0,1.0,1.0,1.0,1.0,1.0,0.0
376,2610084,2.0,3.0,3.0,3.0,3.0,2.0,3.0,3.0,3.0,1.0,2.0,1.0,2.0,2.0,1.0,1.0,1.0,1.0,1.0,1.0,1.0,-1.0
377,2610085,2.0,2.0,2.0,2.0,2.0,2.0,3.0,2.0,2.0,2.0,3.0,2.0,2.0,2.0,2.0,0.0,1.0,0.0,0.0,1.0,1.0,-1.0
378,2610086,2.0,2.0,2.0,2.0,2.0,2.0,2.0,2.0,2.0,2.0,1.0,1.0,2.0,1.0,1.0,-1.0,1.0,1.0,-1.0,1.0,1.0,-1.0
379,2610087,2.0,3.0,3.0,3.0,3.0,3.0,3.0,3.0,3.0,3.0,3.0,3.0,2.0,2.0,1.0,1.0,1.0,1.0,0.0,1.0,-1.0,0.0
380,2610088,2.0,2.0,2.0,2.0,2.0,2.0,2.0,2.0,2.0,2.0,2.0,1.0,2.0,2.0,2.0,-1.0,-1.0,-1.0,-1.0,1.0,1.0,-1.0
381,2610090,3.0,2.0,3.0,3.0,3.0,3.0,3.0,3.0,3.0,3.0,3.0,3.0,3.0,3.0,3.0,1.0,1.0,-1.0,0.0,1.0,1.0,1.0
382,2610091,3.0,3.0,3.0,3.0,3.0,3.0,3.0,3.0,3.0,3.0,3.0,3.0,3.0,3.0,3.0,,1.0,1.0,1.0,1.0,1.0,1.0
383,2610092,2.0,2.0,2.0,2.0,1.0,1.0,1.0,2.0,1.0,2.0,2.0,3.0,2.0,2.0,1.0,1.0,1.0,1.0,-1.0,1.0,1.0,-1.0
384,2610093,1.0,2.0,3.0,2.0,2.0,3.0,3.0,3.0,3.0,2.0,3.0,3.0,2.0,2.0,1.0,1.0,1.0,1.0,1.0,1.0,1.0,0.0
385,2610095,3.0,3.0,3.0,3.0,3.0,3.0,3.0,3.0,3.0,3.0,3.0,3.0,3.0,2.0,2.0,1.0,1.0,1.0,1.0,1.0,1.0,0.0
386,2610100,2.0,3.0,2.0,2.0,3.0,1.0,2.0,3.0,3.0,3.0,3.0,3.0,2.0,2.0,1.0,0.0,1.0,1.0,1.0,1.0,1.0,0.0
387,2610101,3.0,3.0,3.0,2.0,2.0,3.0,3.0,3.0,3.0,3.0,3.0,3.0,1.0,2.0,1.0,0.0,1.0,0.0,1.0,1.0,1.0,-1.0
388,2610102,2.0,2.0,2.0,2.0,2.0,3.0,3.0,3.0,2.0,3.0,3.0,2.0,3.0,2.0,1.0,-1.0,1.0,0.0,1.0,1.0,1.0,-1.0
389,2610103,1.0,2.0,2.0,3.0,2.0,1.0,2.0,2.0,1.0,1.0,1.0,1.0,2.0,1.0,1.0,1.0,0.0,0.0,0.0,1.0,-1.0,-1.0
390,2610104,1.0,2.0,2.0,2.0,3.0,2.0,3.0,3.0,3.0,1.0,1.0,1.0,2.0,1.0,1.0,1.0,0.0,0.0,0.0,1.0,0.0,0.0
391,2610105,1.0,1.0,3.0,3.0,3.0,3.0,3.0,3.0,1.0,3.0,3.0,3.0,3.0,1.0,1.0,1.0,1.0,1.0,0.0,1.0,0.0,0.0
392,2610106,1.0,1.0,1.0,1.0,2.0,2.0,2.0,2.0,3.0,3.0,3.0,3.0,3.0,1.0,1.0,1.0,1.0,1.0,-1.0,1.0,1.0,0.0
393,2610107,1.0,2.0,3.0,3.0,1.0,3.0,3.0,3.0,3.0,3.0,3.0,3.0,3.0,1.0,1.0,1.0,1.0,0.0,1.0,1.0,1.0,1.0
394,2610108,1.0,1.0,1.0,1.0,1.0,1.0,1.0,1.0,1.0,1.0,1.0,1.0,1.0,2.0,1.0,1.0,1.0,0.0,0.0,1.0,0.0,-1.0
395,2610109,3.0,3.0,3.0,3.0,1.0,3.0,3.0,3.0,3.0,3.0,3.0,3.0,3.0,1.0,1.0,1.0,1.0,0.0,-1.0,1.0,1.0,0.0
396,2610111,3.0,2.0,3.0,3.0,3.0,3.0,3.0,3.0,3.0,3.0,3.0,3.0,2.0,1.0,1.0,1.0,1.0,-1.0,0.0,1.0,0.0,-1.0
397,2610118,3.0,1.0,3.0,3.0,3.0,3.0,3.0,3.0,3.0,3.0,3.0,3.0,3.0,3.0,1.0,1.0,1.0,-1.0,1.0,1.0,1.0,-1.0
398,2610119,2.0,1.0,1.0,3.0,1.0,2.0,1.0,3.0,1.0,3.0,3.0,3.0,1.0,1.0,1.0,1.0,1.0,-1.0,-1.0,1.0,-1.0,0.0
399,2610123,1.0,3.0,3.0,3.0,2.0,3.0,3.0,3.0,2.0,3.0,3.0,3.0,1.0,3.0,1.0,1.0,1.0,-1.0,0.0,1.0,1.0,-1.0
400,2610124,2.0,1.0,3.0,3.0,1.0,3.0,3.0,3.0,3.0,3.0,3.0,3.0,1.0,1.0,1.0,1.0,1.0,1.0,-1.0,1.0,0.0,-1.0
401,2611001,3.0,3.0,3.0,3.0,3.0,3.0,3.0,3.0,3.0,3.0,3.0,3.0,3.0,3.0,2.0,1.0,1.0,0.0,1.0,1.0,0.0,-1.0
402,2611002,3.0,3.0,3.0,3.0,3.0,3.0,3.0,3.0,3.0,2.0,3.0,3.0,3.0,3.0,1.0,-1.0,1.0,0.0,1.0,1.0,1.0,1.0
403,2611003,3.0,3.0,3.0,3.0,3.0,3.0,3.0,3.0,3.0,3.0,3.0,3.0,3.0,3.0,1.0,0.0,1.0,0.0,1.0,1.0,0.0,0.0
404,2611004,3.0,2.0,3.0,3.0,2.0,3.0,3.0,3.0,3.0,3.0,3.0,3.0,3.0,3.0,1.0,0.0,1.0,0.0,0.0,1.0,-1.0,0.0
405,2611005,2.0,2.0,3.0,3.0,3.0,3.0,3.0,3.0,1.0,3.0,3.0,3.0,3.0,3.0,1.0,0.0,1.0,0.0,0.0,1.0,-1.0,-1.0
406,2611006,2.0,2.0,3.0,3.0,3.0,3.0,3.0,3.0,2.0,3.0,3.0,3.0,3.0,3.0,1.0,0.0,-1.0,1.0,1.0,0.0,0.0,-1.0
407,2611007,2.0,2.0,2.0,2.0,2.0,2.0,2.0,2.0,2.0,3.0,3.0,3.0,2.0,2.0,2.0,-1.0,-1.0,0.0,1.0,1.0,1.0,0.0
408,2611008,2.0,2.0,3.0,2.0,2.0,3.0,3.0,3.0,2.0,3.0,3.0,2.0,2.0,2.0,1.0,0.0,1.0,1.0,-1.0,-1.0,1.0,0.0
409,2611009,3.0,2.0,3.0,3.0,3.0,3.0,3.0,3.0,2.0,3.0,3.0,3.0,3.0,3.0,1.0,-1.0,-1.0,-1.0,1.0,1.0,1.0,0.0
410,2611010,1.0,2.0,1.0,3.0,2.0,2.0,2.0,2.0,2.0,3.0,3.0,2.0,2.0,2.0,1.0,-1.0,1.0,-1.0,1.0,1.0,1.0,-1.0
411,2611011,2.0,3.0,2.0,2.0,2.0,2.0,2.0,2.0,2.0,2.0,2.0,3.0,2.0,2.0,2.0,1.0,1.0,0.0,0.0,1.0,1.0,-1.0
412,2611012,2.0,2.0,2.0,3.0,2.0,3.0,3.0,3.0,2.0,1.0,1.0,1.0,2.0,2.0,1.0,-1.0,0.0,1.0,1.0,1.0,1.0,-1.0
413,2611013,2.0,2.0,2.0,2.0,2.0,2.0,2.0,3.0,2.0,2.0,1.0,1.0,2.0,1.0,1.0,-1.0,1.0,1.0,-1.0,1.0,1.0,0.0
414,2611014,2.0,2.0,2.0,2.0,2.0,2.0,2.0,2.0,2.0,2.0,1.0,1.0,2.0,2.0,2.0,0.0,1.0,0.0,0.0,0.0,0.0,0.0
415,2611015,2.0,2.0,2.0,2.0,2.0,3.0,3.0,3.0,2.0,2.0,2.0,2.0,2.0,2.0,1.0,0.0,1.0,0.0,0.0,1.0,0.0,-1.0
416,2611016,2.0,2.0,3.0,3.0,2.0,3.0,3.0,3.0,2.0,1.0,1.0,1.0,2.0,2.0,1.0,0.0,-1.0,1.0,-1.0,1.0,0.0,0.0
417,2611017,3.0,3.0,3.0,3.0,3.0,3.0,3.0,3.0,3.0,3.0,3.0,3.0,3.0,3.0,1.0,-1.0,-1.0,0.0,-1.0,1.0,1.0,0.0
418,2611018,2.0,3.0,2.0,3.0,2.0,3.0,3.0,3.0,2.0,3.0,3.0,3.0,2.0,2.0,1.0,-1.0,-1.0,-1.0,-1.0,1.0,1.0,-1.0
419,2611019,1.0,2.0,2.0,2.0,2.0,2.0,3.0,2.0,2.0,3.0,2.0,3.0,2.0,2.0,2.0,0.0,1.0,1.0,0.0,1.0,-1.0,-1.0
420,2611020,2.0,2.0,2.0,2.0,2.0,2.0,1.0,2.0,2.0,1.0,2.0,3.0,2.0,2.0,1.0,-1.0,1.0,1.0,1.0,1.0,1.0,1.0
421,2611021,2.0,2.0,2.0,2.0,2.0,1.0,3.0,2.0,1.0,2.0,3.0,3.0,2.0,1.0,1.0,1.0,-1.0,1.0,-1.0,-1.0,-1.0,0.0
422,2611024,2.0,3.0,3.0,3.0,2.0,3.0,3.0,3.0,3.0,3.0,3.0,3.0,3.0,2.0,1.0,1.0,1.0,1.0,0.0,1.0,-1.0,0.0
423,2611025,2.0,3.0,3.0,3.0,3.0,3.0,3.0,3.0,2.0,3.0,3.0,2.0,2.0,2.0,1.0,0.0,1.0,-1.0,1.0,1.0,0.0,-1.0
424,2611026,3.0,3.0,3.0,3.0,3.0,3.0,3.0,3.0,3.0,3.0,3.0,3.0,2.0,2.0,1.0,0.0,-1.0,-1.0,0.0,-1.0,-1.0,0.0
425,2611027,3.0,3.0,2.0,3.0,3.0,3.0,3.0,3.0,3.0,3.0,3.0,3.0,3.0,3.0,1.0,-1.0,1.0,-1.0,-1.0,-1.0,-1.0,-1.0
426,2611028,2.0,3.0,3.0,3.0,3.0,3.0,3.0,3.0,3.0,3.0,3.0,2.0,3.0,2.0,1.0,1.0,0.0,0.0,1.0,1.0,1.0,-1.0
427,2611030,3.0,3.0,3.0,2.0,2.0,3.0,3.0,3.0,3.0,3.0,3.0,3.0,2.0,3.0,1.0,1.0,1.0,1.0,-1.0,0.0,0.0,-1.0
428,2611032,3.0,3.0,3.0,3.0,3.0,3.0,3.0,3.0,3.0,3.0,3.0,3.0,2.0,3.0,1.0,-1.0,1.0,0.0,-1.0,1.0,1.0,0.0
429,2611033,3.0,3.0,3.0,3.0,2.0,3.0,3.0,3.0,3.0,3.0,3.0,3.0,3.0,3.0,3.0,-1.0,1.0,-1.0,1.0,1.0,0.0,1.0
430,2611034,3.0,3.0,3.0,3.0,3.0,3.0,3.0,3.0,3.0,3.0,3.0,3.0,3.0,3.0,1.0,1.0,1.0,0.0,1.0,1.0,0.0,0.0
431,2611036,2.0,3.0,3.0,3.0,3.0,3.0,3.0,3.0,3.0,2.0,3.0,3.0,3.0,3.0,2.0,1.0,1.0,-1.0,1.0,1.0,1.0,1.0
432,2611037,3.0,3.0,3.0,3.0,2.0,3.0,3.0,3.0,3.0,3.0,3.0,3.0,3.0,1.0,1.0,1.0,1.0,0.0,1.0,1.0,1.0,1.0
433,2611038,3.0,2.0,3.0,3.0,2.0,3.0,3.0,3.0,3.0,2.0,3.0,3.0,2.0,3.0,1.0,1.0,1.0,1.0,-1.0,1.0,1.0,0.0
434,2611039,3.0,3.0,3.0,3.0,3.0,3.0,3.0,3.0,2.0,3.0,3.0,3.0,3.0,3.0,2.0,1.0,1.0,1.0,0.0,1.0,0.0,-1.0
435,2611040,3.0,3.0,3.0,3.0,3.0,3.0,3.0,3.0,2.0,3.0,3.0,3.0,3.0,2.0,2.0,1.0,1.0,0.0,1.0,1.0,1.0,1.0
436,2611041,3.0,3.0,3.0,3.0,3.0,3.0,3.0,3.0,3.0,3.0,3.0,3.0,3.0,3.0,2.0,1.0,1.0,-1.0,1.0,1.0,1.0,1.0
437,2611042,3.0,2.0,3.0,3.0,1.0,2.0,3.0,3.0,3.0,3.0,2.0,3.0,2.0,1.0,1.0,1.0,1.0,0.0,0.0,1.0,0.0,0.0
438,2611044,2.0,3.0,2.0,2.0,2.0,2.0,3.0,2.0,2.0,2.0,1.0,3.0,1.0,1.0,1.0,1.0,-1.0,-1.0,-1.0,1.0,-1.0,0.0
439,2611045,2.0,2.0,2.0,2.0,2.0,2.0,2.0,2.0,2.0,3.0,3.0,3.0,1.0,1.0,1.0,1.0,1.0,1.0,-1.0,1.0,-1.0,-1.0
440,2611046,2.0,2.0,3.0,3.0,2.0,2.0,2.0,2.0,1.0,1.0,2.0,2.0,2.0,1.0,1.0,0.0,-1.0,-1.0,-1.0,1.0,1.0,0.0
441,2611049,2.0,2.0,3.0,3.0,2.0,2.0,2.0,3.0,1.0,3.0,3.0,3.0,1.0,1.0,1.0,1.0,1.0,1.0,1.0,1.0,1.0,0.0
442,2611051,2.0,3.0,2.0,2.0,2.0,2.0,2.0,2.0,1.0,2.0,1.0,1.0,2.0,1.0,1.0,-1.0,1.0,1.0,1.0,1.0,1.0,0.0
443,2611052,1.0,1.0,2.0,2.0,1.0,3.0,3.0,3.0,2.0,3.0,3.0,3.0,1.0,1.0,1.0,1.0,1.0,1.0,0.0,1.0,1.0,1.0
444,2611053,3.0,3.0,3.0,3.0,3.0,3.0,3.0,3.0,3.0,2.0,2.0,3.0,3.0,1.0,1.0,1.0,1.0,1.0,1.0,1.0,1.0,1.0
445,2611054,2.0,2.0,3.0,2.0,1.0,3.0,2.0,3.0,1.0,2.0,3.0,3.0,1.0,1.0,1.0,1.0,1.0,0.0,-1.0,1.0,-1.0,-1.0
446,2611056,2.0,2.0,2.0,2.0,3.0,3.0,3.0,3.0,2.0,2.0,2.0,2.0,2.0,2.0,2.0,0.0,1.0,0.0,0.0,1.0,1.0,0.0
447,2611058,2.0,2.0,2.0,2.0,3.0,3.0,3.0,3.0,2.0,3.0,1.0,2.0,2.0,2.0,1.0,-1.0,1.0,1.0,1.0,1.0,-1.0,0.0
448,2611060,3.0,3.0,3.0,2.0,3.0,3.0,3.0,2.0,1.0,2.0,3.0,3.0,3.0,2.0,1.0,1.0,1.0,1.0,-1.0,1.0,1.0,-1.0
449,2611061,3.0,3.0,2.0,2.0,1.0,3.0,2.0,3.0,2.0,2.0,3.0,3.0,2.0,1.0,1.0,-1.0,-1.0,0.0,-1.0,-1.0,-1.0,-1.0
450,2611062,3.0,2.0,2.0,3.0,2.0,3.0,3.0,3.0,2.0,2.0,3.0,3.0,2.0,2.0,1.0,0.0,1.0,0.0,0.0,-1.0,0.0,-1.0
451,2611063,3.0,3.0,3.0,2.0,3.0,3.0,3.0,3.0,2.0,2.0,3.0,2.0,2.0,1.0,1.0,-1.0,1.0,1.0,-1.0,1.0,0.0,0.0
452,2611064,2.0,2.0,2.0,3.0,3.0,2.0,2.0,2.0,2.0,3.0,3.0,3.0,2.0,3.0,2.0,1.0,1.0,0.0,-1.0,1.0,1.0,0.0
453,2611065,1.0,2.0,3.0,2.0,3.0,2.0,3.0,3.0,3.0,3.0,3.0,3.0,3.0,2.0,1.0,1.0,1.0,1.0,1.0,0.0,1.0,0.0
454,2611067,3.0,2.0,2.0,2.0,3.0,3.0,3.0,3.0,2.0,3.0,3.0,3.0,2.0,2.0,1.0,-1.0,0.0,1.0,-1.0,1.0,1.0,-1.0
455,2611068,1.0,2.0,2.0,2.0,2.0,2.0,2.0,2.0,2.0,2.0,2.0,3.0,2.0,1.0,1.0,0.0,0.0,0.0,-1.0,1.0,0.0,0.0
456,2611069,1.0,2.0,2.0,2.0,1.0,2.0,3.0,3.0,2.0,3.0,3.0,3.0,3.0,2.0,1.0,0.0,1.0,0.0,1.0,1.0,1.0,1.0
457,2611070,2.0,2.0,2.0,2.0,1.0,2.0,2.0,2.0,3.0,2.0,2.0,3.0,3.0,2.0,1.0,1.0,1.0,1.0,1.0,1.0,1.0,1.0
458,2611071,3.0,3.0,3.0,3.0,2.0,3.0,3.0,3.0,2.0,3.0,3.0,3.0,3.0,2.0,1.0,1.0,1.0,1.0,0.0,1.0,1.0,-1.0
459,2611072,2.0,2.0,2.0,3.0,2.0,2.0,2.0,2.0,3.0,3.0,3.0,3.0,2.0,2.0,1.0,0.0,1.0,0.0,0.0,1.0,0.0,0.0
460,2611073,2.0,3.0,3.0,3.0,3.0,3.0,2.0,3.0,2.0,2.0,2.0,3.0,2.0,2.0,1.0,1.0,1.0,1.0,1.0,1.0,1.0,-1.0
461,2611074,3.0,3.0,3.0,2.0,3.0,3.0,3.0,3.0,3.0,3.0,3.0,3.0,3.0,2.0,1.0,-1.0,1.0,1.0,0.0,1.0,0.0,1.0
462,2611075,1.0,1.0,1.0,1.0,1.0,1.0,1.0,1.0,1.0,2.0,1.0,2.0,1.0,1.0,1.0,-1.0,0.0,-1.0,-1.0,1.0,1.0,-1.0
463,2611076,2.0,2.0,3.0,3.0,3.0,3.0,3.0,3.0,2.0,2.0,2.0,3.0,2.0,2.0,1.0,-1.0,1.0,0.0,1.0,1.0,1.0,0.0
464,2611077,1.0,2.0,2.0,3.0,3.0,2.0,2.0,2.0,2.0,2.0,3.0,3.0,2.0,1.0,1.0,1.0,1.0,1.0,-1.0,1.0,1.0,0.0
465,2611078,1.0,3.0,1.0,3.0,3.0,3.0,3.0,3.0,3.0,2.0,3.0,3.0,1.0,2.0,1.0,-1.0,1.0,1.0,1.0,1.0,1.0,1.0
466,2611080,3.0,3.0,3.0,3.0,3.0,3.0,3.0,3.0,3.0,3.0,3.0,3.0,3.0,3.0,1.0,-1.0,1.0,0.0,1.0,0.0,-1.0,-1.0
467,2611081,3.0,2.0,3.0,2.0,1.0,2.0,3.0,3.0,1.0,2.0,3.0,3.0,1.0,1.0,1.0,-1.0,1.0,1.0,-1.0,1.0,0.0,0.0
468,2611083,1.0,2.0,3.0,2.0,2.0,3.0,2.0,3.0,2.0,3.0,3.0,3.0,3.0,1.0,1.0,0.0,1.0,1.0,-1.0,1.0,-1.0,-1.0
469,2611084,2.0,2.0,2.0,2.0,2.0,2.0,2.0,2.0,2.0,2.0,2.0,2.0,2.0,2.0,2.0,-1.0,1.0,1.0,0.0,-1.0,-1.0,0.0
470,2611085,3.0,1.0,3.0,3.0,1.0,2.0,2.0,3.0,3.0,3.0,2.0,3.0,1.0,3.0,1.0,1.0,0.0,0.0,0.0,1.0,0.0,-1.0
471,2611086,3.0,3.0,3.0,2.0,1.0,3.0,3.0,3.0,2.0,2.0,3.0,3.0,3.0,2.0,1.0,-1.0,1.0,1.0,-1.0,0.0,1.0,-1.0
472,2611087,3.0,3.0,3.0,2.0,2.0,3.0,3.0,3.0,3.0,3.0,3.0,3.0,3.0,2.0,1.0,1.0,1.0,1.0,1.0,1.0,1.0,0.0
473,2611088,2.0,3.0,3.0,2.0,3.0,3.0,3.0,3.0,3.0,3.0,3.0,3.0,3.0,2.0,1.0,1.0,1.0,1.0,1.0,1.0,1.0,1.0
474,2611089,2.0,3.0,3.0,3.0,2.0,3.0,3.0,2.0,2.0,3.0,3.0,3.0,1.0,1.0,1.0,1.0,1.0,1.0,1.0,1.0,1.0,-1.0
475,2611090,2.0,2.0,3.0,3.0,3.0,2.0,2.0,2.0,2.0,1.0,1.0,1.0,2.0,1.0,1.0,0.0,1.0,1.0,0.0,1.0,-1.0,0.0
476,2611091,1.0,3.0,1.0,1.0,1.0,1.0,2.0,2.0,2.0,2.0,2.0,3.0,2.0,2.0,1.0,-1.0,1.0,-1.0,1.0,1.0,1.0,0.0
477,2611092,3.0,3.0,3.0,2.0,1.0,3.0,1.0,3.0,2.0,1.0,3.0,3.0,1.0,1.0,1.0,0.0,1.0,0.0,1.0,1.0,1.0,-1.0
478,2611093,1.0,1.0,3.0,3.0,1.0,2.0,3.0,3.0,3.0,3.0,3.0,3.0,1.0,1.0,2.0,-1.0,1.0,1.0,1.0,1.0,0.0,0.0
479,2611094,3.0,3.0,3.0,3.0,1.0,1.0,1.0,3.0,2.0,3.0,3.0,2.0,2.0,1.0,1.0,0.0,0.0,0.0,0.0,0.0,0.0,-1.0
480,2611095,3.0,3.0,3.0,3.0,3.0,2.0,3.0,3.0,3.0,3.0,3.0,3.0,3.0,1.0,1.0,0.0,0.0,-1.0,-1.0,1.0,1.0,-1.0
481,2611096,2.0,3.0,3.0,2.0,1.0,3.0,3.0,3.0,3.0,2.0,3.0,3.0,3.0,3.0,1.0,0.0,1.0,0.0,1.0,1.0,1.0,0.0
482,2611097,3.0,2.0,3.0,3.0,3.0,3.0,3.0,3.0,1.0,3.0,3.0,3.0,2.0,1.0,1.0,1.0,1.0,1.0,1.0,1.0,0.0,-1.0
483,2611098,3.0,3.0,3.0,3.0,3.0,3.0,3.0,3.0,3.0,3.0,3.0,3.0,2.0,3.0,1.0,-1.0,1.0,0.0,0.0,1.0,1.0,0.0
484,2611099,2.0,2.0,3.0,1.0,2.0,2.0,1.0,1.0,1.0,2.0,3.0,2.0,3.0,1.0,1.0,-1.0,0.0,0.0,0.0,0.0,0.0,0.0
485,2611100,2.0,2.0,2.0,2.0,1.0,1.0,1.0,3.0,1.0,2.0,2.0,3.0,1.0,1.0,1.0,0.0,1.0,1.0,0.0,0.0,0.0,1.0
486,2611101,2.0,2.0,3.0,3.0,1.0,3.0,3.0,2.0,3.0,3.0,3.0,3.0,1.0,1.0,1.0,1.0,1.0,-1.0,0.0,1.0,1.0,0.0
487,2611102,3.0,3.0,3.0,3.0,3.0,3.0,3.0,3.0,3.0,3.0,3.0,3.0,3.0,2.0,1.0,1.0,0.0,1.0,1.0,1.0,1.0,0.0
488,2611103,2.0,2.0,2.0,2.0,1.0,2.0,1.0,1.0,3.0,2.0,3.0,3.0,1.0,2.0,1.0,1.0,0.0,-1.0,0.0,1.0,1.0,0.0
489,2611104,3.0,3.0,3.0,2.0,3.0,3.0,2.0,3.0,2.0,2.0,2.0,3.0,2.0,3.0,1.0,-1.0,0.0,1.0,0.0,-1.0,0.0,0.0
490,2611105,3.0,3.0,3.0,3.0,3.0,3.0,3.0,3.0,3.0,3.0,3.0,3.0,3.0,3.0,1.0,0.0,0.0,1.0,0.0,1.0,1.0,0.0
491,2611106,3.0,3.0,3.0,1.0,3.0,3.0,3.0,3.0,3.0,3.0,3.0,3.0,1.0,3.0,3.0,1.0,-1.0,0.0,1.0,1.0,1.0,1.0
492,2611109,3.0,3.0,3.0,3.0,1.0,3.0,3.0,3.0,3.0,3.0,3.0,3.0,3.0,3.0,2.0,1.0,0.0,0.0,1.0,0.0,1.0,1.0
493,2611110,2.0,2.0,2.0,2.0,2.0,3.0,3.0,2.0,2.0,3.0,3.0,3.0,2.0,2.0,1.0,0.0,1.0,1.0,0.0,0.0,0.0,-1.0
494,2611111,3.0,3.0,3.0,3.0,3.0,3.0,3.0,3.0,2.0,3.0,3.0,3.0,2.0,2.0,1.0,0.0,1.0,1.0,-1.0,1.0,1.0,0.0
495,2611114,3.0,1.0,3.0,3.0,3.0,3.0,3.0,3.0,3.0,2.0,3.0,3.0,3.0,3.0,2.0,1.0,0.0,-1.0,1.0,0.0,1.0,1.0
496,2611115,1.0,2.0,3.0,3.0,2.0,3.0,3.0,3.0,3.0,3.0,3.0,3.0,3.0,3.0,1.0,1.0,1.0,-1.0,1.0,1.0,1.0,1.0
497,2611117,3.0,2.0,3.0,2.0,3.0,2.0,2.0,2.0,3.0,3.0,2.0,2.0,2.0,1.0,1.0,1.0,0.0,-1.0,0.0,0.0,-1.0,-1.0
498,2611118,3.0,3.0,3.0,3.0,2.0,3.0,3.0,3.0,3.0,3.0,3.0,3.0,2.0,2.0,1.0,1.0,1.0,-1.0,-1.0,1.0,1.0,-1.0
499,2611119,2.0,2.0,3.0,3.0,3.0,3.0,3.0,3.0,3.0,2.0,3.0,3.0,3.0,3.0,1.0,0.0,1.0,0.0,0.0,1.0,0.0,0.0
