,Unnamed: 0.1,Unnamed: 0,HHID,Subward,Radio,Television,Newspapers,AgExtension,Veterinarian,MigrantLabor,OtherGov,LocalFriend,DistantFriend,Religious,Scientist,SocialMedia,SourceNumber,SourceIndex,PublicSources,Local,National,LocalIndex,NationalIndex,Professional,Government
0,0,0,2301006,2301,4.0,2.0,0.0,0.0,0.0,0.0,0.0,3.0,1.0,0.0,0.0,3.0,5,0.4932866346210617,0,2,2,0.2742707331138763,0.599289844343614,-0.6995916337886435,-0.6217802276769422
1,1,1,2301007,2301,0.0,0.0,0.0,0.0,0.0,2.0,0.0,,0.0,0.0,0.0,0.0,1,-1.3507755508782349,0,0,1,-1.757364326988911,-0.3735832795908241,0.19962640450010133,-0.6217802276769422
2,2,2,2301013,2301,0.0,0.0,0.0,0.0,0.0,0.0,0.0,3.0,0.0,0.0,0.0,0.0,1,-1.3507755508782349,0,1,0,-0.7415467969375173,-1.3464564035252622,-0.6995916337886435,-0.6217802276769422
3,3,3,2301016,2301,0.0,2.0,0.0,0.0,0.0,0.0,0.0,3.0,0.0,0.0,0.0,0.0,2,-0.8897600045034108,0,1,1,-0.7415467969375173,-0.3735832795908241,-0.6995916337886435,-0.6217802276769422
4,4,4,2301017,2301,0.0,0.0,0.0,0.0,0.0,0.0,0.0,2.0,2.0,0.0,0.0,2.0,3,-0.4287444581285865,0,1,1,-0.7415467969375173,-0.3735832795908241,-0.6995916337886435,-0.6217802276769422
5,5,5,2301021,2301,4.0,3.0,3.0,0.0,0.0,0.0,0.0,3.0,2.0,0.0,0.0,3.0,6,0.954302180995886,0,2,3,0.2742707331138763,1.572162968278052,-0.6995916337886435,-0.6217802276769422
6,6,6,2301029,2301,1.0,1.0,0.0,0.0,0.0,0.0,0.0,3.0,0.0,0.0,0.0,1.0,4,0.0322710882462376,0,2,1,0.2742707331138763,-0.3735832795908241,-0.6995916337886435,-0.6217802276769422
7,7,7,2301037,2301,4.0,0.0,0.0,1.0,1.0,0.0,0.0,4.0,0.0,0.0,0.0,4.0,5,0.4932866346210617,1,4,0,2.3059057932166636,-1.3464564035252622,1.0988444427888462,1.0958447106571523
8,8,8,2301038,2301,1.0,0.0,0.0,0.0,0.0,0.0,0.0,1.0,0.0,0.0,0.0,0.0,2,-0.8897600045034108,0,2,0,0.2742707331138763,-1.3464564035252622,-0.6995916337886435,-0.6217802276769422
9,9,9,2301041,2301,0.0,1.0,0.0,0.0,0.0,0.0,0.0,0.0,0.0,0.0,0.0,1.0,2,-0.8897600045034108,0,0,1,-1.757364326988911,-0.3735832795908241,-0.6995916337886435,-0.6217802276769422
10,10,10,2301043,2301,2.0,0.0,0.0,1.0,0.0,0.0,0.0,4.0,0.0,0.0,0.0,0.0,3,-0.4287444581285865,1,3,0,1.29008826316527,-1.3464564035252622,0.19962640450010133,1.0958447106571523
11,11,11,2301044,2301,0.0,0.0,0.0,0.0,0.0,0.0,0.0,2.0,1.0,0.0,0.0,0.0,2,-0.8897600045034108,0,1,1,-0.7415467969375173,-0.3735832795908241,-0.6995916337886435,-0.6217802276769422
12,12,12,2301046,2301,3.0,0.0,0.0,0.0,0.0,0.0,0.0,1.0,0.0,0.0,0.0,0.0,2,-0.8897600045034108,0,2,0,0.2742707331138763,-1.3464564035252622,-0.6995916337886435,-0.6217802276769422
13,13,13,2301047,2301,1.0,1.0,0.0,0.0,0.0,1.0,0.0,1.0,1.0,0.0,0.0,1.0,6,0.954302180995886,0,2,3,0.2742707331138763,1.572162968278052,0.19962640450010133,-0.6217802276769422
14,14,14,2301048,2301,0.0,0.0,0.0,0.0,0.0,0.0,0.0,2.0,2.0,0.0,0.0,0.0,2,-0.8897600045034108,0,1,1,-0.7415467969375173,-0.3735832795908241,-0.6995916337886435,-0.6217802276769422
15,15,15,2301053,2301,0.0,0.0,0.0,0.0,0.0,0.0,0.0,4.0,0.0,0.0,0.0,0.0,1,-1.3507755508782349,0,1,0,-0.7415467969375173,-1.3464564035252622,-0.6995916337886435,-0.6217802276769422
16,16,16,2301056,2301,3.0,0.0,0.0,1.0,1.0,0.0,0.0,3.0,1.0,0.0,0.0,2.0,6,0.954302180995886,1,4,1,2.3059057932166636,-0.3735832795908241,1.0988444427888462,1.0958447106571523
17,17,17,2301057,2301,1.0,1.0,0.0,0.0,0.0,1.0,0.0,2.0,1.0,0.0,0.0,2.0,6,0.954302180995886,0,2,3,0.2742707331138763,1.572162968278052,0.19962640450010133,-0.6217802276769422
18,18,18,2301058,2301,0.0,0.0,0.0,0.0,0.0,0.0,0.0,3.0,3.0,0.0,0.0,1.0,3,-0.4287444581285865,0,1,1,-0.7415467969375173,-0.3735832795908241,-0.6995916337886435,-0.6217802276769422
19,19,19,2301059,2301,1.0,0.0,0.0,1.0,0.0,1.0,0.0,1.0,1.0,0.0,0.0,1.0,6,0.954302180995886,1,3,2,1.29008826316527,0.599289844343614,1.0988444427888462,1.0958447106571523
20,20,20,2301060,2301,0.0,0.0,0.0,1.0,0.0,0.0,0.0,2.0,0.0,0.0,0.0,2.0,3,-0.4287444581285865,1,2,0,0.2742707331138763,-1.3464564035252622,0.19962640450010133,1.0958447106571523
21,21,21,2301068,2301,1.0,2.0,2.0,2.0,2.0,0.0,0.0,4.0,4.0,0.0,0.0,4.0,8,1.8763332737455345,1,4,3,2.3059057932166636,1.572162968278052,1.0988444427888462,1.0958447106571523
22,22,22,2301069,2301,1.0,0.0,0.0,1.0,0.0,0.0,0.0,1.0,0.0,0.0,0.0,0.0,3,-0.4287444581285865,1,3,0,1.29008826316527,-1.3464564035252622,0.19962640450010133,1.0958447106571523
23,23,23,2301070,2301,0.0,0.0,0.0,0.0,0.0,0.0,0.0,2.0,0.0,0.0,0.0,1.0,2,-0.8897600045034108,0,1,0,-0.7415467969375173,-1.3464564035252622,-0.6995916337886435,-0.6217802276769422
24,24,24,2301071,2301,1.0,1.0,0.0,0.0,0.0,1.0,0.0,2.0,1.0,0.0,0.0,2.0,6,0.954302180995886,0,2,3,0.2742707331138763,1.572162968278052,0.19962640450010133,-0.6217802276769422
25,25,25,2301072,2301,1.0,1.0,0.0,0.0,0.0,0.0,0.0,2.0,1.0,0.0,0.0,2.0,5,0.4932866346210617,0,2,2,0.2742707331138763,0.599289844343614,-0.6995916337886435,-0.6217802276769422
26,26,26,2301073,2301,1.0,0.0,0.0,2.0,0.0,0.0,0.0,3.0,1.0,0.0,0.0,2.0,5,0.4932866346210617,1,3,1,1.29008826316527,-0.3735832795908241,0.19962640450010133,1.0958447106571523
27,27,27,2301074,2301,1.0,1.0,0.0,1.0,0.0,0.0,0.0,2.0,1.0,0.0,0.0,1.0,6,0.954302180995886,1,3,2,1.29008826316527,0.599289844343614,0.19962640450010133,1.0958447106571523
28,28,28,2301075,2301,1.0,3.0,0.0,3.0,3.0,2.0,0.0,4.0,3.0,0.0,0.0,4.0,8,1.8763332737455345,1,4,3,2.3059057932166636,1.572162968278052,1.998062481077591,1.0958447106571523
29,29,29,2301086,2301,1.0,1.0,2.0,0.0,0.0,0.0,0.0,3.0,3.0,0.0,0.0,2.0,6,0.954302180995886,0,2,3,0.2742707331138763,1.572162968278052,-0.6995916337886435,-0.6217802276769422
30,30,30,2301087,2301,0.0,1.0,0.0,0.0,0.0,0.0,0.0,0.0,3.0,3.0,0.0,2.0,4,0.0322710882462376,0,0,2,-1.757364326988911,0.599289844343614,0.19962640450010133,-0.6217802276769422
31,31,31,2301092,2301,1.0,0.0,0.0,0.0,0.0,1.0,0.0,1.0,0.0,0.0,0.0,1.0,4,0.0322710882462376,0,2,1,0.2742707331138763,-0.3735832795908241,0.19962640450010133,-0.6217802276769422
32,32,32,2301093,2301,1.0,1.0,0.0,0.0,0.0,0.0,0.0,1.0,0.0,0.0,0.0,1.0,4,0.0322710882462376,0,2,1,0.2742707331138763,-0.3735832795908241,-0.6995916337886435,-0.6217802276769422
33,33,33,2301094,2301,1.0,0.0,0.0,0.0,0.0,0.0,1.0,2.0,1.0,0.0,0.0,1.0,5,0.4932866346210617,1,2,1,0.2742707331138763,-0.3735832795908241,0.19962640450010133,1.0958447106571523
34,34,34,2301096,2301,1.0,0.0,0.0,0.0,0.0,0.0,0.0,2.0,1.0,0.0,0.0,0.0,3,-0.4287444581285865,0,2,1,0.2742707331138763,-0.3735832795908241,-0.6995916337886435,-0.6217802276769422
35,35,35,2301099,2301,0.0,0.0,0.0,0.0,0.0,0.0,0.0,2.0,2.0,2.0,0.0,0.0,3,-0.4287444581285865,0,1,1,-0.7415467969375173,-0.3735832795908241,0.19962640450010133,-0.6217802276769422
36,36,36,2301100,2301,0.0,2.0,0.0,0.0,0.0,0.0,0.0,3.0,2.0,0.0,0.0,0.0,3,-0.4287444581285865,0,1,2,-0.7415467969375173,0.599289844343614,-0.6995916337886435,-0.6217802276769422
37,37,37,2301104,2301,0.0,1.0,0.0,0.0,0.0,1.0,0.0,3.0,3.0,0.0,0.0,0.0,4,0.0322710882462376,0,1,3,-0.7415467969375173,1.572162968278052,0.19962640450010133,-0.6217802276769422
38,38,38,2301105,2301,0.0,0.0,0.0,0.0,0.0,0.0,0.0,4.0,0.0,0.0,0.0,4.0,2,-0.8897600045034108,0,1,0,-0.7415467969375173,-1.3464564035252622,-0.6995916337886435,-0.6217802276769422
39,39,39,2301108,2301,4.0,2.0,0.0,0.0,0.0,0.0,0.0,4.0,0.0,0.0,0.0,4.0,4,0.0322710882462376,0,2,1,0.2742707331138763,-0.3735832795908241,-0.6995916337886435,-0.6217802276769422
40,40,40,2301111,2301,0.0,0.0,0.0,0.0,0.0,0.0,0.0,2.0,0.0,0.0,0.0,3.0,2,-0.8897600045034108,0,1,0,-0.7415467969375173,-1.3464564035252622,-0.6995916337886435,-0.6217802276769422
41,41,41,2301113,2301,0.0,0.0,0.0,0.0,0.0,0.0,0.0,1.0,0.0,0.0,0.0,0.0,1,-1.3507755508782349,0,1,0,-0.7415467969375173,-1.3464564035252622,-0.6995916337886435,-0.6217802276769422
42,42,42,2301116,2301,4.0,4.0,0.0,0.0,0.0,1.0,0.0,3.0,0.0,0.0,0.0,4.0,5,0.4932866346210617,0,2,2,0.2742707331138763,0.599289844343614,0.19962640450010133,-0.6217802276769422
43,43,43,2301122,2301,0.0,0.0,0.0,0.0,0.0,0.0,0.0,1.0,0.0,0.0,0.0,2.0,2,-0.8897600045034108,0,1,0,-0.7415467969375173,-1.3464564035252622,-0.6995916337886435,-0.6217802276769422
44,44,44,2301124,2301,0.0,4.0,0.0,0.0,0.0,0.0,0.0,4.0,0.0,0.0,0.0,2.0,3,-0.4287444581285865,0,1,1,-0.7415467969375173,-0.3735832795908241,-0.6995916337886435,-0.6217802276769422
45,45,45,2301125,2301,3.0,3.0,2.0,0.0,0.0,0.0,0.0,3.0,0.0,0.0,0.0,4.0,5,0.4932866346210617,0,2,2,0.2742707331138763,0.599289844343614,-0.6995916337886435,-0.6217802276769422
46,46,46,2301126,2301,0.0,2.0,0.0,0.0,0.0,0.0,0.0,4.0,4.0,0.0,0.0,4.0,4,0.0322710882462376,0,1,2,-0.7415467969375173,0.599289844343614,-0.6995916337886435,-0.6217802276769422
47,47,47,2301127,2301,4.0,0.0,0.0,0.0,0.0,0.0,0.0,4.0,4.0,0.0,0.0,4.0,4,0.0322710882462376,0,2,1,0.2742707331138763,-0.3735832795908241,-0.6995916337886435,-0.6217802276769422
48,48,48,2301128,2301,3.0,0.0,0.0,0.0,0.0,0.0,0.0,3.0,0.0,0.0,0.0,4.0,3,-0.4287444581285865,0,2,0,0.2742707331138763,-1.3464564035252622,-0.6995916337886435,-0.6217802276769422
49,49,49,2301129,2301,0.0,0.0,0.0,0.0,0.0,0.0,0.0,3.0,3.0,0.0,0.0,0.0,2,-0.8897600045034108,0,1,1,-0.7415467969375173,-0.3735832795908241,-0.6995916337886435,-0.6217802276769422
50,50,50,2301130,2301,0.0,0.0,0.0,0.0,1.0,0.0,1.0,4.0,1.0,0.0,0.0,4.0,5,0.4932866346210617,1,2,1,0.2742707331138763,-0.3735832795908241,1.0988444427888462,1.0958447106571523
51,51,51,2301132,2301,4.0,0.0,0.0,2.0,0.0,0.0,0.0,4.0,0.0,0.0,0.0,4.0,4,0.0322710882462376,1,3,0,1.29008826316527,-1.3464564035252622,0.19962640450010133,1.0958447106571523
52,52,52,2304001,2304,1.0,0.0,0.0,0.0,0.0,0.0,0.0,1.0,1.0,0.0,0.0,0.0,3,-0.4287444581285865,0,2,1,0.2742707331138763,-0.3735832795908241,-0.6995916337886435,-0.6217802276769422
53,53,53,2304002,2304,0.0,1.0,0.0,0.0,0.0,0.0,0.0,1.0,1.0,0.0,0.0,2.0,4,0.0322710882462376,0,1,2,-0.7415467969375173,0.599289844343614,-0.6995916337886435,-0.6217802276769422
54,54,54,2304003,2304,0.0,0.0,0.0,0.0,1.0,0.0,0.0,1.0,0.0,0.0,0.0,4.0,3,-0.4287444581285865,0,2,0,0.2742707331138763,-1.3464564035252622,0.19962640450010133,-0.6217802276769422
55,55,55,2304004,2304,2.0,2.0,0.0,0.0,0.0,0.0,0.0,2.0,0.0,0.0,0.0,0.0,3,-0.4287444581285865,0,2,1,0.2742707331138763,-0.3735832795908241,-0.6995916337886435,-0.6217802276769422
56,56,56,2304006,2304,0.0,0.0,0.0,0.0,0.0,0.0,0.0,1.0,1.0,0.0,0.0,1.0,3,-0.4287444581285865,0,1,1,-0.7415467969375173,-0.3735832795908241,-0.6995916337886435,-0.6217802276769422
57,57,57,2304007,2304,1.0,0.0,0.0,0.0,0.0,0.0,0.0,1.0,1.0,0.0,0.0,3.0,4,0.0322710882462376,0,2,1,0.2742707331138763,-0.3735832795908241,-0.6995916337886435,-0.6217802276769422
58,58,58,2304009,2304,0.0,0.0,0.0,2.0,2.0,0.0,0.0,2.0,2.0,0.0,0.0,4.0,5,0.4932866346210617,1,3,1,1.29008826316527,-0.3735832795908241,1.0988444427888462,1.0958447106571523
59,59,59,2304010,2304,0.0,0.0,0.0,0.0,1.0,0.0,0.0,0.0,0.0,0.0,0.0,3.0,2,-0.8897600045034108,0,1,0,-0.7415467969375173,-1.3464564035252622,0.19962640450010133,-0.6217802276769422
60,60,60,2304011,2304,3.0,2.0,0.0,0.0,0.0,0.0,0.0,2.0,2.0,0.0,0.0,2.0,5,0.4932866346210617,0,2,2,0.2742707331138763,0.599289844343614,-0.6995916337886435,-0.6217802276769422
61,61,61,2304014,2304,1.0,1.0,0.0,1.0,2.0,0.0,0.0,2.0,0.0,0.0,0.0,2.0,6,0.954302180995886,1,4,1,2.3059057932166636,-0.3735832795908241,1.0988444427888462,1.0958447106571523
62,62,62,2304015,2304,2.0,2.0,0.0,0.0,0.0,0.0,0.0,0.0,0.0,0.0,0.0,2.0,3,-0.4287444581285865,0,1,1,-0.7415467969375173,-0.3735832795908241,-0.6995916337886435,-0.6217802276769422
63,63,63,2304020,2304,0.0,2.0,0.0,2.0,0.0,1.0,0.0,0.0,0.0,0.0,0.0,0.0,3,-0.4287444581285865,1,1,2,-0.7415467969375173,0.599289844343614,1.0988444427888462,1.0958447106571523
64,64,64,2304021,2304,0.0,0.0,0.0,0.0,0.0,0.0,0.0,3.0,3.0,0.0,0.0,0.0,2,-0.8897600045034108,0,1,1,-0.7415467969375173,-0.3735832795908241,-0.6995916337886435,-0.6217802276769422
65,65,65,2304022,2304,0.0,2.0,0.0,1.0,0.0,0.0,0.0,3.0,3.0,0.0,0.0,2.0,5,0.4932866346210617,1,2,2,0.2742707331138763,0.599289844343614,0.19962640450010133,1.0958447106571523
66,66,66,2304024,2304,4.0,0.0,0.0,0.0,0.0,2.0,0.0,3.0,0.0,0.0,0.0,2.0,4,0.0322710882462376,0,2,1,0.2742707331138763,-0.3735832795908241,0.19962640450010133,-0.6217802276769422
67,67,67,2304025,2304,0.0,2.0,0.0,0.0,0.0,0.0,0.0,3.0,3.0,0.0,0.0,1.0,4,0.0322710882462376,0,1,2,-0.7415467969375173,0.599289844343614,-0.6995916337886435,-0.6217802276769422
68,68,68,2304026,2304,0.0,0.0,0.0,0.0,0.0,0.0,2.0,4.0,2.0,0.0,0.0,4.0,4,0.0322710882462376,1,1,1,-0.7415467969375173,-0.3735832795908241,0.19962640450010133,1.0958447106571523
69,69,69,2304027,2304,0.0,0.0,0.0,0.0,0.0,0.0,0.0,3.0,1.0,0.0,0.0,4.0,3,-0.4287444581285865,0,1,1,-0.7415467969375173,-0.3735832795908241,-0.6995916337886435,-0.6217802276769422
70,70,70,2304028,2304,1.0,0.0,0.0,0.0,0.0,0.0,0.0,3.0,0.0,0.0,0.0,0.0,2,-0.8897600045034108,0,2,0,0.2742707331138763,-1.3464564035252622,-0.6995916337886435,-0.6217802276769422
71,71,71,2304029,2304,0.0,0.0,0.0,3.0,0.0,0.0,0.0,4.0,1.0,0.0,0.0,4.0,4,0.0322710882462376,1,2,1,0.2742707331138763,-0.3735832795908241,0.19962640450010133,1.0958447106571523
72,72,72,2304030,2304,3.0,3.0,0.0,1.0,1.0,0.0,0.0,4.0,0.0,0.0,0.0,0.0,5,0.4932866346210617,1,4,1,2.3059057932166636,-0.3735832795908241,1.0988444427888462,1.0958447106571523
73,73,73,2304031,2304,1.0,0.0,0.0,0.0,0.0,0.0,0.0,3.0,3.0,0.0,0.0,0.0,3,-0.4287444581285865,0,2,1,0.2742707331138763,-0.3735832795908241,-0.6995916337886435,-0.6217802276769422
74,74,74,2304032,2304,1.0,0.0,0.0,0.0,0.0,0.0,0.0,3.0,3.0,0.0,0.0,0.0,3,-0.4287444581285865,0,2,1,0.2742707331138763,-0.3735832795908241,-0.6995916337886435,-0.6217802276769422
75,75,75,2304033,2304,0.0,1.0,0.0,0.0,0.0,0.0,0.0,3.0,0.0,0.0,0.0,3.0,3,-0.4287444581285865,0,1,1,-0.7415467969375173,-0.3735832795908241,-0.6995916337886435,-0.6217802276769422
76,76,76,2304034,2304,2.0,1.0,1.0,1.0,1.0,0.0,1.0,1.0,1.0,0.0,0.0,2.0,9,2.3373488201203587,1,4,3,2.3059057932166636,1.572162968278052,1.998062481077591,2.8134696489912465
77,77,77,2304035,2304,0.0,1.0,1.0,0.0,0.0,0.0,1.0,3.0,0.0,0.0,0.0,3.0,5,0.4932866346210617,1,1,2,-0.7415467969375173,0.599289844343614,0.19962640450010133,1.0958447106571523
78,78,78,2304036,2304,0.0,3.0,2.0,0.0,0.0,0.0,0.0,2.0,2.0,0.0,0.0,3.0,5,0.4932866346210617,0,1,3,-0.7415467969375173,1.572162968278052,-0.6995916337886435,-0.6217802276769422
79,79,79,2304037,2304,0.0,1.0,1.0,0.0,0.0,0.0,0.0,1.0,1.0,1.0,0.0,3.0,6,0.954302180995886,0,1,3,-0.7415467969375173,1.572162968278052,0.19962640450010133,-0.6217802276769422
80,80,80,2304038,2304,2.0,2.0,0.0,0.0,0.0,0.0,0.0,2.0,0.0,0.0,0.0,0.0,3,-0.4287444581285865,0,2,1,0.2742707331138763,-0.3735832795908241,-0.6995916337886435,-0.6217802276769422
81,81,81,2304039,2304,1.0,1.0,1.0,1.0,1.0,0.0,1.0,1.0,2.0,0.0,0.0,2.0,9,2.3373488201203587,1,4,3,2.3059057932166636,1.572162968278052,1.998062481077591,2.8134696489912465
82,82,82,2304040,2304,2.0,0.0,0.0,0.0,2.0,0.0,0.0,3.0,0.0,0.0,0.0,0.0,3,-0.4287444581285865,0,3,0,1.29008826316527,-1.3464564035252622,0.19962640450010133,-0.6217802276769422
83,83,83,2304041,2304,0.0,0.0,0.0,0.0,0.0,0.0,0.0,1.0,0.0,0.0,0.0,0.0,1,-1.3507755508782349,0,1,0,-0.7415467969375173,-1.3464564035252622,-0.6995916337886435,-0.6217802276769422
84,84,84,2304043,2304,0.0,0.0,0.0,0.0,0.0,0.0,0.0,2.0,0.0,0.0,0.0,3.0,2,-0.8897600045034108,0,1,0,-0.7415467969375173,-1.3464564035252622,-0.6995916337886435,-0.6217802276769422
85,85,85,2304044,2304,2.0,2.0,0.0,0.0,0.0,0.0,0.0,2.0,0.0,0.0,0.0,4.0,4,0.0322710882462376,0,2,1,0.2742707331138763,-0.3735832795908241,-0.6995916337886435,-0.6217802276769422
86,86,86,2304045,2304,3.0,3.0,2.0,0.0,0.0,0.0,0.0,2.0,2.0,0.0,0.0,3.0,6,0.954302180995886,0,2,3,0.2742707331138763,1.572162968278052,-0.6995916337886435,-0.6217802276769422
87,87,87,2304046,2304,1.0,0.0,0.0,0.0,0.0,0.0,0.0,3.0,2.0,1.0,0.0,4.0,5,0.4932866346210617,0,2,1,0.2742707331138763,-0.3735832795908241,0.19962640450010133,-0.6217802276769422
88,88,88,2304049,2304,0.0,1.0,0.0,0.0,0.0,0.0,0.0,4.0,4.0,0.0,0.0,0.0,3,-0.4287444581285865,0,1,2,-0.7415467969375173,0.599289844343614,-0.6995916337886435,-0.6217802276769422
89,89,89,2304050,2304,1.0,3.0,0.0,0.0,0.0,0.0,0.0,4.0,4.0,0.0,0.0,0.0,4,0.0322710882462376,0,2,2,0.2742707331138763,0.599289844343614,-0.6995916337886435,-0.6217802276769422
90,90,90,2304051,2304,0.0,0.0,0.0,1.0,0.0,0.0,0.0,1.0,0.0,0.0,0.0,0.0,2,-0.8897600045034108,1,2,0,0.2742707331138763,-1.3464564035252622,0.19962640450010133,1.0958447106571523
91,91,91,2304052,2304,1.0,1.0,0.0,0.0,0.0,0.0,0.0,4.0,4.0,0.0,0.0,0.0,4,0.0322710882462376,0,2,2,0.2742707331138763,0.599289844343614,-0.6995916337886435,-0.6217802276769422
92,92,92,2304053,2304,0.0,0.0,0.0,0.0,0.0,0.0,0.0,2.0,2.0,0.0,0.0,0.0,2,-0.8897600045034108,0,1,1,-0.7415467969375173,-0.3735832795908241,-0.6995916337886435,-0.6217802276769422
93,93,93,2304055,2304,0.0,0.0,0.0,0.0,0.0,0.0,0.0,2.0,0.0,0.0,0.0,0.0,1,-1.3507755508782349,0,1,0,-0.7415467969375173,-1.3464564035252622,-0.6995916337886435,-0.6217802276769422
94,94,94,2304056,2304,0.0,2.0,0.0,0.0,0.0,0.0,0.0,1.0,0.0,0.0,0.0,2.0,3,-0.4287444581285865,0,1,1,-0.7415467969375173,-0.3735832795908241,-0.6995916337886435,-0.6217802276769422
95,95,95,2304059,2304,1.0,1.0,1.0,0.0,1.0,0.0,1.0,3.0,1.0,0.0,0.0,4.0,8,1.8763332737455345,1,3,3,1.29008826316527,1.572162968278052,1.0988444427888462,1.0958447106571523
96,96,96,2304064,2304,0.0,0.0,0.0,0.0,1.0,0.0,1.0,3.0,1.0,0.0,0.0,4.0,5,0.4932866346210617,1,2,1,0.2742707331138763,-0.3735832795908241,1.0988444427888462,1.0958447106571523
97,97,97,2304065,2304,0.0,0.0,2.0,1.0,2.0,0.0,2.0,4.0,2.0,0.0,0.0,2.0,7,1.41531772737071,1,3,2,1.29008826316527,0.599289844343614,1.998062481077591,2.8134696489912465
98,98,98,2304070,2304,0.0,0.0,0.0,0.0,0.0,0.0,0.0,3.0,0.0,0.0,0.0,0.0,1,-1.3507755508782349,0,1,0,-0.7415467969375173,-1.3464564035252622,-0.6995916337886435,-0.6217802276769422
99,99,99,2304071,2304,4.0,0.0,0.0,0.0,0.0,0.0,0.0,3.0,0.0,0.0,0.0,0.0,2,-0.8897600045034108,0,2,0,0.2742707331138763,-1.3464564035252622,-0.6995916337886435,-0.6217802276769422
100,100,100,2304072,2304,2.0,4.0,2.0,3.0,3.0,2.0,1.0,4.0,3.0,1.0,0.0,4.0,11,3.259379912870007,1,4,4,2.3059057932166636,2.54503609221249,3.7964985576550805,2.8134696489912465
101,101,101,2304075,2304,0.0,0.0,0.0,0.0,0.0,0.0,0.0,2.0,1.0,0.0,0.0,0.0,2,-0.8897600045034108,0,1,1,-0.7415467969375173,-0.3735832795908241,-0.6995916337886435,-0.6217802276769422
102,102,102,2304076,2304,0.0,0.0,0.0,0.0,0.0,0.0,0.0,3.0,2.0,0.0,0.0,1.0,3,-0.4287444581285865,0,1,1,-0.7415467969375173,-0.3735832795908241,-0.6995916337886435,-0.6217802276769422
103,103,103,2304083,2304,0.0,4.0,0.0,0.0,0.0,0.0,0.0,0.0,2.0,0.0,0.0,1.0,3,-0.4287444581285865,0,0,2,-1.757364326988911,0.599289844343614,-0.6995916337886435,-0.6217802276769422
104,104,104,2304084,2304,0.0,0.0,0.0,0.0,0.0,0.0,0.0,3.0,2.0,0.0,0.0,4.0,3,-0.4287444581285865,0,1,1,-0.7415467969375173,-0.3735832795908241,-0.6995916337886435,-0.6217802276769422
105,105,105,2304085,2304,0.0,0.0,0.0,0.0,0.0,0.0,0.0,2.0,0.0,0.0,0.0,0.0,1,-1.3507755508782349,0,1,0,-0.7415467969375173,-1.3464564035252622,-0.6995916337886435,-0.6217802276769422
106,106,106,2304086,2304,0.0,2.0,0.0,0.0,0.0,0.0,0.0,3.0,3.0,0.0,0.0,1.0,4,0.0322710882462376,0,1,2,-0.7415467969375173,0.599289844343614,-0.6995916337886435,-0.6217802276769422
107,107,107,2304087,2304,0.0,4.0,1.0,0.0,1.0,3.0,1.0,4.0,3.0,1.0,1.0,4.0,10,2.798364366495183,1,2,4,0.2742707331138763,2.54503609221249,3.7964985576550805,1.0958447106571523
108,108,108,2304089,2304,0.0,0.0,0.0,0.0,0.0,0.0,0.0,1.0,0.0,0.0,0.0,0.0,1,-1.3507755508782349,0,1,0,-0.7415467969375173,-1.3464564035252622,-0.6995916337886435,-0.6217802276769422
109,109,109,2304090,2304,4.0,2.0,0.0,0.0,0.0,0.0,0.0,2.0,0.0,0.0,0.0,0.0,3,-0.4287444581285865,0,2,1,0.2742707331138763,-0.3735832795908241,-0.6995916337886435,-0.6217802276769422
110,110,110,2304091,2304,0.0,0.0,0.0,1.0,1.0,0.0,0.0,2.0,0.0,0.0,0.0,0.0,3,-0.4287444581285865,1,3,0,1.29008826316527,-1.3464564035252622,1.0988444427888462,1.0958447106571523
111,111,111,2304092,2304,1.0,1.0,0.0,0.0,0.0,0.0,0.0,2.0,3.0,0.0,0.0,0.0,4,0.0322710882462376,0,2,2,0.2742707331138763,0.599289844343614,-0.6995916337886435,-0.6217802276769422
112,112,112,2304094,2304,2.0,1.0,0.0,0.0,0.0,0.0,0.0,3.0,3.0,0.0,0.0,0.0,4,0.0322710882462376,0,2,2,0.2742707331138763,0.599289844343614,-0.6995916337886435,-0.6217802276769422
113,113,113,2304098,2304,0.0,0.0,0.0,1.0,1.0,0.0,0.0,2.0,2.0,0.0,0.0,4.0,5,0.4932866346210617,1,3,1,1.29008826316527,-0.3735832795908241,1.0988444427888462,1.0958447106571523
114,114,114,2304103,2304,0.0,0.0,0.0,2.0,0.0,1.0,0.0,3.0,2.0,0.0,0.0,0.0,4,0.0322710882462376,1,2,2,0.2742707331138763,0.599289844343614,1.0988444427888462,1.0958447106571523
115,115,115,2304105,2304,0.0,1.0,0.0,1.0,0.0,0.0,0.0,3.0,1.0,0.0,0.0,4.0,5,0.4932866346210617,1,2,2,0.2742707331138763,0.599289844343614,0.19962640450010133,1.0958447106571523
116,116,116,2304110,2304,0.0,1.0,0.0,0.0,0.0,0.0,0.0,2.0,2.0,0.0,0.0,0.0,3,-0.4287444581285865,0,1,2,-0.7415467969375173,0.599289844343614,-0.6995916337886435,-0.6217802276769422
117,117,117,2304111,2304,4.0,4.0,0.0,0.0,0.0,0.0,2.0,3.0,2.0,0.0,0.0,4.0,6,0.954302180995886,1,2,2,0.2742707331138763,0.599289844343614,0.19962640450010133,1.0958447106571523
118,118,118,2304112,2304,0.0,0.0,1.0,1.0,0.0,0.0,0.0,3.0,3.0,0.0,0.0,3.0,5,0.4932866346210617,1,2,2,0.2742707331138763,0.599289844343614,0.19962640450010133,1.0958447106571523
119,119,119,2304118,2304,0.0,1.0,0.0,2.0,0.0,0.0,0.0,3.0,0.0,0.0,0.0,3.0,4,0.0322710882462376,1,2,1,0.2742707331138763,-0.3735832795908241,0.19962640450010133,1.0958447106571523
120,120,120,2304119,2304,0.0,0.0,0.0,0.0,0.0,0.0,0.0,3.0,2.0,0.0,0.0,0.0,2,-0.8897600045034108,0,1,1,-0.7415467969375173,-0.3735832795908241,-0.6995916337886435,-0.6217802276769422
121,121,121,2304121,2304,2.0,0.0,0.0,0.0,0.0,0.0,0.0,3.0,2.0,0.0,0.0,1.0,4,0.0322710882462376,0,2,1,0.2742707331138763,-0.3735832795908241,-0.6995916337886435,-0.6217802276769422
122,122,122,2304122,2304,0.0,3.0,0.0,0.0,0.0,0.0,0.0,4.0,4.0,0.0,0.0,0.0,3,-0.4287444581285865,0,1,2,-0.7415467969375173,0.599289844343614,-0.6995916337886435,-0.6217802276769422
123,123,123,2304123,2304,4.0,4.0,0.0,0.0,0.0,0.0,1.0,3.0,1.0,0.0,0.0,3.0,6,0.954302180995886,1,2,2,0.2742707331138763,0.599289844343614,0.19962640450010133,1.0958447106571523
124,124,124,2304124,2304,0.0,0.0,0.0,0.0,0.0,1.0,0.0,2.0,2.0,0.0,0.0,1.0,4,0.0322710882462376,0,1,2,-0.7415467969375173,0.599289844343614,0.19962640450010133,-0.6217802276769422
125,125,125,2304126,2304,0.0,0.0,0.0,0.0,0.0,0.0,0.0,0.0,0.0,0.0,0.0,0.0,0,-1.811791097253059,0,0,0,-1.757364326988911,-1.3464564035252622,-0.6995916337886435,-0.6217802276769422
126,126,126,2304130,2304,0.0,0.0,0.0,0.0,0.0,0.0,0.0,2.0,0.0,0.0,0.0,4.0,2,-0.8897600045034108,0,1,0,-0.7415467969375173,-1.3464564035252622,-0.6995916337886435,-0.6217802276769422
127,127,127,2304131,2304,0.0,0.0,0.0,0.0,0.0,0.0,0.0,1.0,0.0,0.0,0.0,0.0,1,-1.3507755508782349,0,1,0,-0.7415467969375173,-1.3464564035252622,-0.6995916337886435,-0.6217802276769422
128,128,128,2304132,2304,0.0,0.0,0.0,0.0,0.0,0.0,0.0,2.0,0.0,0.0,0.0,1.0,2,-0.8897600045034108,0,1,0,-0.7415467969375173,-1.3464564035252622,-0.6995916337886435,-0.6217802276769422
129,129,129,2304133,2304,4.0,4.0,0.0,0.0,0.0,0.0,0.0,2.0,0.0,0.0,0.0,4.0,4,0.0322710882462376,0,2,1,0.2742707331138763,-0.3735832795908241,-0.6995916337886435,-0.6217802276769422
130,130,130,2304134,2304,0.0,0.0,0.0,0.0,0.0,0.0,0.0,3.0,0.0,0.0,0.0,0.0,1,-1.3507755508782349,0,1,0,-0.7415467969375173,-1.3464564035252622,-0.6995916337886435,-0.6217802276769422
131,131,131,2304135,2304,0.0,2.0,2.0,2.0,1.0,0.0,0.0,3.0,2.0,0.0,0.0,4.0,7,1.41531772737071,1,3,3,1.29008826316527,1.572162968278052,1.0988444427888462,1.0958447106571523
132,132,132,2304136,2304,0.0,2.0,1.0,0.0,0.0,0.0,1.0,3.0,1.0,0.0,0.0,4.0,6,0.954302180995886,1,1,3,-0.7415467969375173,1.572162968278052,0.19962640450010133,1.0958447106571523
133,133,133,2304139,2304,0.0,4.0,1.0,0.0,1.0,0.0,0.0,0.0,0.0,0.0,0.0,4.0,4,0.0322710882462376,0,1,2,-0.7415467969375173,0.599289844343614,0.19962640450010133,-0.6217802276769422
134,134,134,2304140,2304,0.0,0.0,0.0,0.0,0.0,0.0,0.0,3.0,2.0,0.0,0.0,4.0,3,-0.4287444581285865,0,1,1,-0.7415467969375173,-0.3735832795908241,-0.6995916337886435,-0.6217802276769422
135,135,135,2304141,2304,0.0,0.0,0.0,2.0,0.0,0.0,0.0,3.0,2.0,0.0,0.0,0.0,3,-0.4287444581285865,1,2,1,0.2742707331138763,-0.3735832795908241,0.19962640450010133,1.0958447106571523
136,136,136,2304146,2304,0.0,0.0,0.0,1.0,1.0,0.0,0.0,1.0,1.0,0.0,0.0,2.0,5,0.4932866346210617,1,3,1,1.29008826316527,-0.3735832795908241,1.0988444427888462,1.0958447106571523
137,137,137,2304147,2304,4.0,3.0,0.0,3.0,0.0,0.0,3.0,4.0,1.0,0.0,0.0,4.0,7,1.41531772737071,1,3,2,1.29008826316527,0.599289844343614,1.0988444427888462,2.8134696489912465
138,138,138,2304148,2304,1.0,0.0,0.0,0.0,0.0,0.0,0.0,4.0,4.0,0.0,0.0,0.0,3,-0.4287444581285865,0,2,1,0.2742707331138763,-0.3735832795908241,-0.6995916337886435,-0.6217802276769422
139,139,139,2304149,2304,0.0,1.0,0.0,0.0,1.0,0.0,0.0,2.0,1.0,0.0,0.0,2.0,5,0.4932866346210617,0,2,2,0.2742707331138763,0.599289844343614,0.19962640450010133,-0.6217802276769422
140,140,140,2304150,2304,0.0,0.0,0.0,0.0,0.0,0.0,0.0,1.0,0.0,0.0,0.0,0.0,1,-1.3507755508782349,0,1,0,-0.7415467969375173,-1.3464564035252622,-0.6995916337886435,-0.6217802276769422
141,141,141,2304151,2304,1.0,0.0,0.0,0.0,0.0,1.0,0.0,3.0,3.0,0.0,0.0,1.0,5,0.4932866346210617,0,2,2,0.2742707331138763,0.599289844343614,0.19962640450010133,-0.6217802276769422
142,142,142,2304152,2304,0.0,1.0,1.0,0.0,0.0,1.0,0.0,2.0,1.0,0.0,0.0,2.0,6,0.954302180995886,0,1,4,-0.7415467969375173,2.54503609221249,0.19962640450010133,-0.6217802276769422
143,143,143,2304154,2304,1.0,1.0,1.0,0.0,0.0,0.0,0.0,4.0,4.0,0.0,0.0,1.0,6,0.954302180995886,0,2,3,0.2742707331138763,1.572162968278052,-0.6995916337886435,-0.6217802276769422
144,144,144,2304155,2304,0.0,0.0,0.0,0.0,0.0,0.0,0.0,3.0,1.0,0.0,0.0,1.0,3,-0.4287444581285865,0,1,1,-0.7415467969375173,-0.3735832795908241,-0.6995916337886435,-0.6217802276769422
145,145,145,2304157,2304,1.0,2.0,0.0,0.0,0.0,0.0,0.0,3.0,2.0,0.0,0.0,4.0,5,0.4932866346210617,0,2,2,0.2742707331138763,0.599289844343614,-0.6995916337886435,-0.6217802276769422
146,146,146,2304158,2304,4.0,4.0,0.0,1.0,1.0,0.0,2.0,4.0,2.0,1.0,0.0,4.0,9,2.3373488201203587,1,4,2,2.3059057932166636,0.599289844343614,2.897280519366336,2.8134696489912465
147,147,147,2304163,2304,0.0,0.0,0.0,0.0,0.0,0.0,0.0,4.0,3.0,0.0,0.0,0.0,2,-0.8897600045034108,0,1,1,-0.7415467969375173,-0.3735832795908241,-0.6995916337886435,-0.6217802276769422
148,148,148,2304162,2304,0.0,1.0,1.0,0.0,0.0,0.0,0.0,4.0,2.0,0.0,0.0,4.0,5,0.4932866346210617,0,1,3,-0.7415467969375173,1.572162968278052,-0.6995916337886435,-0.6217802276769422
149,149,149,2304164,2304,1.0,0.0,0.0,0.0,0.0,0.0,2.0,3.0,1.0,0.0,0.0,4.0,5,0.4932866346210617,1,2,1,0.2742707331138763,-0.3735832795908241,0.19962640450010133,1.0958447106571523
150,150,150,2304166,2304,0.0,0.0,0.0,2.0,0.0,0.0,0.0,4.0,3.0,0.0,0.0,3.0,4,0.0322710882462376,1,2,1,0.2742707331138763,-0.3735832795908241,0.19962640450010133,1.0958447106571523
151,151,151,2304167,2304,0.0,0.0,0.0,0.0,0.0,0.0,1.0,3.0,1.0,0.0,0.0,1.0,4,0.0322710882462376,1,1,1,-0.7415467969375173,-0.3735832795908241,0.19962640450010133,1.0958447106571523
152,152,152,2304170,2304,0.0,0.0,0.0,0.0,0.0,0.0,0.0,3.0,0.0,0.0,0.0,1.0,2,-0.8897600045034108,0,1,0,-0.7415467969375173,-1.3464564035252622,-0.6995916337886435,-0.6217802276769422
153,153,153,2304173,2304,2.0,3.0,2.0,2.0,1.0,1.0,1.0,3.0,2.0,1.0,1.0,4.0,12,3.720395459244831,1,4,4,2.3059057932166636,2.54503609221249,4.695716595943825,2.8134696489912465
154,154,154,2304174,2304,0.0,0.0,0.0,0.0,0.0,0.0,0.0,3.0,0.0,0.0,0.0,4.0,2,-0.8897600045034108,0,1,0,-0.7415467969375173,-1.3464564035252622,-0.6995916337886435,-0.6217802276769422
155,155,155,2304175,2304,4.0,4.0,0.0,2.0,2.0,3.0,2.0,4.0,2.0,0.0,1.0,3.0,10,2.798364366495183,1,4,3,2.3059057932166636,1.572162968278052,3.7964985576550805,2.8134696489912465
156,156,156,2304176,2304,0.0,0.0,0.0,1.0,0.0,1.0,0.0,3.0,2.0,0.0,0.0,3.0,5,0.4932866346210617,1,2,2,0.2742707331138763,0.599289844343614,1.0988444427888462,1.0958447106571523
157,157,157,2304177,2304,0.0,0.0,0.0,0.0,0.0,0.0,0.0,2.0,0.0,0.0,0.0,2.0,2,-0.8897600045034108,0,1,0,-0.7415467969375173,-1.3464564035252622,-0.6995916337886435,-0.6217802276769422
158,158,158,2309002,2309,0.0,0.0,0.0,0.0,0.0,0.0,0.0,1.0,2.0,0.0,0.0,0.0,2,-0.8897600045034108,0,1,1,-0.7415467969375173,-0.3735832795908241,-0.6995916337886435,-0.6217802276769422
159,159,159,2309004,2309,0.0,0.0,4.0,0.0,0.0,0.0,0.0,2.0,2.0,4.0,0.0,2.0,5,0.4932866346210617,0,1,2,-0.7415467969375173,0.599289844343614,0.19962640450010133,-0.6217802276769422
160,160,160,2309014,2309,0.0,0.0,1.0,0.0,0.0,0.0,0.0,2.0,2.0,0.0,0.0,4.0,4,0.0322710882462376,0,1,2,-0.7415467969375173,0.599289844343614,-0.6995916337886435,-0.6217802276769422
161,161,161,2309016,2309,1.0,0.0,0.0,0.0,1.0,0.0,0.0,1.0,0.0,0.0,0.0,0.0,3,-0.4287444581285865,0,3,0,1.29008826316527,-1.3464564035252622,0.19962640450010133,-0.6217802276769422
162,162,162,2309021,2309,2.0,0.0,2.0,0.0,0.0,0.0,0.0,1.0,0.0,0.0,0.0,0.0,3,-0.4287444581285865,0,2,1,0.2742707331138763,-0.3735832795908241,-0.6995916337886435,-0.6217802276769422
163,163,163,2309022,2309,0.0,3.0,3.0,0.0,1.0,0.0,0.0,3.0,2.0,1.0,0.0,4.0,7,1.41531772737071,0,2,3,0.2742707331138763,1.572162968278052,1.0988444427888462,-0.6217802276769422
164,164,164,2309029,2309,3.0,0.0,3.0,0.0,0.0,0.0,0.0,0.0,0.0,0.0,0.0,0.0,2,-0.8897600045034108,0,1,1,-0.7415467969375173,-0.3735832795908241,-0.6995916337886435,-0.6217802276769422
165,165,165,2309030,2309,0.0,0.0,0.0,0.0,0.0,0.0,0.0,0.0,0.0,0.0,0.0,0.0,0,-1.811791097253059,0,0,0,-1.757364326988911,-1.3464564035252622,-0.6995916337886435,-0.6217802276769422
166,166,166,2309032,2309,0.0,0.0,0.0,0.0,0.0,0.0,0.0,4.0,0.0,0.0,0.0,0.0,1,-1.3507755508782349,0,1,0,-0.7415467969375173,-1.3464564035252622,-0.6995916337886435,-0.6217802276769422
167,167,167,2309033,2309,1.0,4.0,0.0,0.0,0.0,0.0,0.0,4.0,0.0,0.0,0.0,0.0,3,-0.4287444581285865,0,2,1,0.2742707331138763,-0.3735832795908241,-0.6995916337886435,-0.6217802276769422
168,168,168,2309036,2309,0.0,4.0,3.0,0.0,3.0,0.0,1.0,4.0,0.0,1.0,1.0,4.0,8,1.8763332737455345,1,2,2,0.2742707331138763,0.599289844343614,2.897280519366336,1.0958447106571523
169,169,169,2309037,2309,4.0,4.0,1.0,1.0,1.0,0.0,0.0,1.0,0.0,0.0,0.0,4.0,7,1.41531772737071,1,4,2,2.3059057932166636,0.599289844343614,1.0988444427888462,1.0958447106571523
170,170,170,2309039,2309,2.0,3.0,0.0,0.0,0.0,0.0,0.0,3.0,0.0,0.0,0.0,4.0,4,0.0322710882462376,0,2,1,0.2742707331138763,-0.3735832795908241,-0.6995916337886435,-0.6217802276769422
171,171,171,2309041,2309,0.0,0.0,0.0,0.0,0.0,0.0,0.0,3.0,0.0,0.0,0.0,4.0,2,-0.8897600045034108,0,1,0,-0.7415467969375173,-1.3464564035252622,-0.6995916337886435,-0.6217802276769422
172,172,172,2309042,2309,3.0,3.0,4.0,0.0,0.0,0.0,0.0,0.0,0.0,0.0,0.0,4.0,4,0.0322710882462376,0,1,2,-0.7415467969375173,0.599289844343614,-0.6995916337886435,-0.6217802276769422
173,173,173,2309045,2309,2.0,3.0,0.0,0.0,1.0,0.0,0.0,4.0,0.0,0.0,0.0,4.0,5,0.4932866346210617,0,3,1,1.29008826316527,-0.3735832795908241,0.19962640450010133,-0.6217802276769422
174,174,174,2309053,2309,0.0,0.0,0.0,0.0,0.0,0.0,0.0,3.0,3.0,0.0,0.0,0.0,2,-0.8897600045034108,0,1,1,-0.7415467969375173,-0.3735832795908241,-0.6995916337886435,-0.6217802276769422
175,175,175,2309054,2309,0.0,0.0,0.0,0.0,0.0,0.0,0.0,1.0,1.0,0.0,0.0,0.0,2,-0.8897600045034108,0,1,1,-0.7415467969375173,-0.3735832795908241,-0.6995916337886435,-0.6217802276769422
176,176,176,2309055,2309,1.0,0.0,0.0,0.0,0.0,0.0,0.0,2.0,3.0,0.0,0.0,0.0,3,-0.4287444581285865,0,2,1,0.2742707331138763,-0.3735832795908241,-0.6995916337886435,-0.6217802276769422
177,177,177,2309056,2309,0.0,0.0,0.0,0.0,0.0,3.0,0.0,3.0,3.0,0.0,0.0,0.0,3,-0.4287444581285865,0,1,2,-0.7415467969375173,0.599289844343614,0.19962640450010133,-0.6217802276769422
178,178,178,2309057,2309,0.0,1.0,0.0,0.0,0.0,0.0,0.0,3.0,3.0,0.0,0.0,2.0,4,0.0322710882462376,0,1,2,-0.7415467969375173,0.599289844343614,-0.6995916337886435,-0.6217802276769422
179,179,179,2309059,2309,3.0,3.0,2.0,0.0,0.0,0.0,0.0,3.0,0.0,0.0,0.0,3.0,5,0.4932866346210617,0,2,2,0.2742707331138763,0.599289844343614,-0.6995916337886435,-0.6217802276769422
180,180,180,2309067,2309,0.0,0.0,0.0,0.0,0.0,0.0,0.0,2.0,0.0,0.0,0.0,3.0,2,-0.8897600045034108,0,1,0,-0.7415467969375173,-1.3464564035252622,-0.6995916337886435,-0.6217802276769422
181,181,181,2309068,2309,0.0,0.0,0.0,0.0,0.0,0.0,0.0,1.0,1.0,0.0,0.0,0.0,2,-0.8897600045034108,0,1,1,-0.7415467969375173,-0.3735832795908241,-0.6995916337886435,-0.6217802276769422
182,182,182,2309070,2309,2.0,2.0,0.0,0.0,0.0,0.0,0.0,3.0,0.0,0.0,0.0,0.0,3,-0.4287444581285865,0,2,1,0.2742707331138763,-0.3735832795908241,-0.6995916337886435,-0.6217802276769422
183,183,183,2309071,2309,0.0,0.0,0.0,0.0,0.0,0.0,0.0,4.0,3.0,2.0,0.0,0.0,3,-0.4287444581285865,0,1,1,-0.7415467969375173,-0.3735832795908241,0.19962640450010133,-0.6217802276769422
184,184,184,2309074,2309,0.0,0.0,0.0,0.0,0.0,0.0,0.0,1.0,0.0,0.0,0.0,0.0,1,-1.3507755508782349,0,1,0,-0.7415467969375173,-1.3464564035252622,-0.6995916337886435,-0.6217802276769422
185,185,185,2309075,2309,0.0,0.0,0.0,0.0,0.0,0.0,0.0,2.0,1.0,0.0,0.0,0.0,2,-0.8897600045034108,0,1,1,-0.7415467969375173,-0.3735832795908241,-0.6995916337886435,-0.6217802276769422
186,186,186,2309079,2309,0.0,2.0,0.0,0.0,0.0,0.0,0.0,0.0,0.0,0.0,0.0,3.0,2,-0.8897600045034108,0,0,1,-1.757364326988911,-0.3735832795908241,-0.6995916337886435,-0.6217802276769422
187,187,187,2309080,2309,0.0,0.0,0.0,0.0,0.0,0.0,1.0,3.0,1.0,0.0,0.0,4.0,4,0.0322710882462376,1,1,1,-0.7415467969375173,-0.3735832795908241,0.19962640450010133,1.0958447106571523
188,188,188,2309081,2309,0.0,0.0,0.0,0.0,0.0,0.0,0.0,2.0,1.0,0.0,0.0,2.0,3,-0.4287444581285865,0,1,1,-0.7415467969375173,-0.3735832795908241,-0.6995916337886435,-0.6217802276769422
189,189,189,2309082,2309,0.0,0.0,0.0,0.0,0.0,0.0,2.0,3.0,1.0,4.0,0.0,4.0,5,0.4932866346210617,1,1,1,-0.7415467969375173,-0.3735832795908241,1.0988444427888462,1.0958447106571523
190,190,190,2309083,2309,0.0,1.0,0.0,0.0,0.0,0.0,1.0,3.0,2.0,0.0,0.0,3.0,5,0.4932866346210617,1,1,2,-0.7415467969375173,0.599289844343614,0.19962640450010133,1.0958447106571523
191,191,191,2309084,2309,0.0,0.0,0.0,0.0,0.0,0.0,0.0,3.0,0.0,0.0,0.0,0.0,1,-1.3507755508782349,0,1,0,-0.7415467969375173,-1.3464564035252622,-0.6995916337886435,-0.6217802276769422
192,192,192,2309085,2309,0.0,3.0,0.0,1.0,0.0,0.0,2.0,4.0,2.0,0.0,0.0,4.0,6,0.954302180995886,1,2,2,0.2742707331138763,0.599289844343614,1.0988444427888462,2.8134696489912465
193,193,193,2309086,2309,0.0,1.0,0.0,0.0,0.0,0.0,1.0,3.0,2.0,0.0,0.0,4.0,5,0.4932866346210617,1,1,2,-0.7415467969375173,0.599289844343614,0.19962640450010133,1.0958447106571523
194,194,194,2309087,2309,0.0,0.0,0.0,0.0,0.0,0.0,0.0,2.0,0.0,0.0,0.0,4.0,2,-0.8897600045034108,0,1,0,-0.7415467969375173,-1.3464564035252622,-0.6995916337886435,-0.6217802276769422
195,195,195,2309088,2309,0.0,4.0,0.0,0.0,0.0,0.0,0.0,4.0,3.0,2.0,0.0,4.0,5,0.4932866346210617,0,1,2,-0.7415467969375173,0.599289844343614,0.19962640450010133,-0.6217802276769422
196,196,196,2309089,2309,0.0,0.0,0.0,0.0,0.0,0.0,0.0,3.0,0.0,0.0,0.0,4.0,2,-0.8897600045034108,0,1,0,-0.7415467969375173,-1.3464564035252622,-0.6995916337886435,-0.6217802276769422
197,197,197,2309092,2309,0.0,0.0,0.0,0.0,0.0,0.0,0.0,0.0,0.0,0.0,0.0,0.0,0,-1.811791097253059,0,0,0,-1.757364326988911,-1.3464564035252622,-0.6995916337886435,-0.6217802276769422
198,198,198,2309093,2309,1.0,1.0,0.0,0.0,0.0,0.0,0.0,3.0,1.0,0.0,0.0,0.0,4,0.0322710882462376,0,2,2,0.2742707331138763,0.599289844343614,-0.6995916337886435,-0.6217802276769422
199,199,199,2309094,2309,0.0,0.0,0.0,0.0,0.0,0.0,0.0,3.0,0.0,0.0,0.0,0.0,1,-1.3507755508782349,0,1,0,-0.7415467969375173,-1.3464564035252622,-0.6995916337886435,-0.6217802276769422
200,200,200,2309097,2309,1.0,2.0,0.0,0.0,0.0,0.0,0.0,3.0,3.0,0.0,0.0,0.0,4,0.0322710882462376,0,2,2,0.2742707331138763,0.599289844343614,-0.6995916337886435,-0.6217802276769422
201,201,201,2309098,2309,3.0,3.0,0.0,0.0,0.0,0.0,0.0,0.0,0.0,0.0,0.0,3.0,3,-0.4287444581285865,0,1,1,-0.7415467969375173,-0.3735832795908241,-0.6995916337886435,-0.6217802276769422
202,202,202,2309100,2309,0.0,0.0,0.0,0.0,0.0,2.0,0.0,0.0,0.0,0.0,0.0,0.0,1,-1.3507755508782349,0,0,1,-1.757364326988911,-0.3735832795908241,0.19962640450010133,-0.6217802276769422
203,203,203,2309101,2309,0.0,1.0,0.0,0.0,0.0,0.0,0.0,3.0,3.0,0.0,0.0,0.0,3,-0.4287444581285865,0,1,2,-0.7415467969375173,0.599289844343614,-0.6995916337886435,-0.6217802276769422
204,204,204,2309102,2309,0.0,0.0,0.0,1.0,0.0,0.0,1.0,2.0,0.0,0.0,0.0,0.0,3,-0.4287444581285865,1,2,0,0.2742707331138763,-1.3464564035252622,1.0988444427888462,2.8134696489912465
205,205,205,2309127,2309,0.0,2.0,0.0,0.0,0.0,0.0,0.0,2.0,0.0,0.0,0.0,0.0,2,-0.8897600045034108,0,1,1,-0.7415467969375173,-0.3735832795908241,-0.6995916337886435,-0.6217802276769422
206,206,206,2309128,2309,0.0,2.0,1.0,0.0,0.0,1.0,0.0,2.0,0.0,0.0,0.0,3.0,5,0.4932866346210617,0,1,3,-0.7415467969375173,1.572162968278052,0.19962640450010133,-0.6217802276769422
207,207,207,2309133,2309,0.0,2.0,0.0,0.0,0.0,0.0,0.0,3.0,2.0,0.0,0.0,0.0,3,-0.4287444581285865,0,1,2,-0.7415467969375173,0.599289844343614,-0.6995916337886435,-0.6217802276769422
208,208,208,2309134,2309,0.0,2.0,1.0,0.0,0.0,0.0,0.0,3.0,2.0,0.0,0.0,2.0,5,0.4932866346210617,0,1,3,-0.7415467969375173,1.572162968278052,-0.6995916337886435,-0.6217802276769422
209,209,209,2309139,2309,0.0,0.0,0.0,0.0,0.0,0.0,0.0,3.0,1.0,0.0,0.0,0.0,2,-0.8897600045034108,0,1,1,-0.7415467969375173,-0.3735832795908241,-0.6995916337886435,-0.6217802276769422
210,210,210,2309140,2309,0.0,3.0,0.0,0.0,0.0,1.0,0.0,4.0,0.0,0.0,0.0,0.0,3,-0.4287444581285865,0,1,2,-0.7415467969375173,0.599289844343614,0.19962640450010133,-0.6217802276769422
211,211,211,2309141,2309,0.0,3.0,0.0,0.0,0.0,0.0,0.0,2.0,1.0,0.0,0.0,2.0,4,0.0322710882462376,0,1,2,-0.7415467969375173,0.599289844343614,-0.6995916337886435,-0.6217802276769422
212,212,212,2309147,2309,0.0,0.0,0.0,0.0,0.0,0.0,0.0,3.0,2.0,0.0,0.0,0.0,2,-0.8897600045034108,0,1,1,-0.7415467969375173,-0.3735832795908241,-0.6995916337886435,-0.6217802276769422
213,213,213,2309150,2309,2.0,3.0,0.0,0.0,0.0,0.0,0.0,2.0,3.0,0.0,0.0,0.0,4,0.0322710882462376,0,2,2,0.2742707331138763,0.599289844343614,-0.6995916337886435,-0.6217802276769422
214,214,214,2309151,2309,0.0,0.0,0.0,0.0,0.0,0.0,0.0,3.0,0.0,0.0,0.0,0.0,1,-1.3507755508782349,0,1,0,-0.7415467969375173,-1.3464564035252622,-0.6995916337886435,-0.6217802276769422
215,215,215,2309152,2309,0.0,0.0,0.0,0.0,0.0,0.0,0.0,4.0,1.0,0.0,0.0,3.0,3,-0.4287444581285865,0,1,1,-0.7415467969375173,-0.3735832795908241,-0.6995916337886435,-0.6217802276769422
216,216,216,2309154,2309,0.0,0.0,1.0,0.0,1.0,2.0,0.0,3.0,1.0,0.0,0.0,2.0,6,0.954302180995886,0,2,3,0.2742707331138763,1.572162968278052,1.0988444427888462,-0.6217802276769422
217,217,217,2309155,2309,0.0,0.0,0.0,0.0,0.0,0.0,0.0,1.0,0.0,0.0,0.0,0.0,1,-1.3507755508782349,0,1,0,-0.7415467969375173,-1.3464564035252622,-0.6995916337886435,-0.6217802276769422
218,218,218,2309158,2309,0.0,1.0,0.0,0.0,0.0,0.0,1.0,3.0,2.0,0.0,0.0,4.0,5,0.4932866346210617,1,1,2,-0.7415467969375173,0.599289844343614,0.19962640450010133,1.0958447106571523
219,219,219,2309159,2309,0.0,3.0,0.0,0.0,0.0,2.0,0.0,2.0,1.0,0.0,0.0,0.0,4,0.0322710882462376,0,1,3,-0.7415467969375173,1.572162968278052,0.19962640450010133,-0.6217802276769422
220,220,220,2309160,2309,0.0,1.0,0.0,0.0,0.0,0.0,0.0,2.0,2.0,0.0,0.0,2.0,4,0.0322710882462376,0,1,2,-0.7415467969375173,0.599289844343614,-0.6995916337886435,-0.6217802276769422
221,221,221,2309163,2309,2.0,3.0,0.0,0.0,0.0,0.0,0.0,3.0,3.0,0.0,0.0,0.0,4,0.0322710882462376,0,2,2,0.2742707331138763,0.599289844343614,-0.6995916337886435,-0.6217802276769422
222,222,222,2309165,2309,2.0,2.0,0.0,0.0,1.0,0.0,0.0,3.0,0.0,0.0,0.0,2.0,5,0.4932866346210617,0,3,1,1.29008826316527,-0.3735832795908241,0.19962640450010133,-0.6217802276769422
223,223,223,2309170,2309,0.0,2.0,0.0,0.0,0.0,0.0,0.0,3.0,1.0,0.0,0.0,0.0,3,-0.4287444581285865,0,1,2,-0.7415467969375173,0.599289844343614,-0.6995916337886435,-0.6217802276769422
224,224,224,2309171,2309,2.0,2.0,0.0,0.0,0.0,1.0,0.0,2.0,0.0,0.0,0.0,2.0,5,0.4932866346210617,0,2,2,0.2742707331138763,0.599289844343614,0.19962640450010133,-0.6217802276769422
225,225,225,2309174,2309,0.0,0.0,0.0,0.0,0.0,0.0,0.0,3.0,3.0,0.0,0.0,0.0,2,-0.8897600045034108,0,1,1,-0.7415467969375173,-0.3735832795908241,-0.6995916337886435,-0.6217802276769422
226,226,226,2309183,2309,0.0,0.0,0.0,0.0,0.0,0.0,0.0,3.0,3.0,0.0,0.0,0.0,2,-0.8897600045034108,0,1,1,-0.7415467969375173,-0.3735832795908241,-0.6995916337886435,-0.6217802276769422
227,227,227,2309184,2309,0.0,0.0,0.0,0.0,0.0,0.0,0.0,3.0,3.0,0.0,0.0,0.0,2,-0.8897600045034108,0,1,1,-0.7415467969375173,-0.3735832795908241,-0.6995916337886435,-0.6217802276769422
228,228,228,2309185,2309,0.0,2.0,0.0,2.0,0.0,1.0,0.0,4.0,2.0,1.0,1.0,1.0,8,1.8763332737455345,1,2,3,0.2742707331138763,1.572162968278052,2.897280519366336,1.0958447106571523
229,229,229,2309187,2309,0.0,0.0,0.0,0.0,0.0,3.0,0.0,3.0,3.0,0.0,0.0,3.0,4,0.0322710882462376,0,1,2,-0.7415467969375173,0.599289844343614,0.19962640450010133,-0.6217802276769422
230,230,230,2309189,2309,0.0,0.0,0.0,2.0,0.0,0.0,0.0,3.0,0.0,0.0,0.0,3.0,3,-0.4287444581285865,1,2,0,0.2742707331138763,-1.3464564035252622,0.19962640450010133,1.0958447106571523
231,231,231,2309191,2309,4.0,0.0,0.0,2.0,2.0,0.0,0.0,2.0,1.0,0.0,0.0,0.0,5,0.4932866346210617,1,4,1,2.3059057932166636,-0.3735832795908241,1.0988444427888462,1.0958447106571523
232,232,232,2309192,2309,0.0,0.0,0.0,0.0,0.0,0.0,0.0,1.0,0.0,0.0,0.0,1.0,2,-0.8897600045034108,0,1,0,-0.7415467969375173,-1.3464564035252622,-0.6995916337886435,-0.6217802276769422
233,233,233,2309196,2309,1.0,1.0,0.0,0.0,0.0,0.0,0.0,1.0,1.0,0.0,0.0,0.0,4,0.0322710882462376,0,2,2,0.2742707331138763,0.599289844343614,-0.6995916337886435,-0.6217802276769422
234,234,234,2309197,2309,0.0,1.0,1.0,1.0,0.0,1.0,0.0,1.0,0.0,0.0,0.0,1.0,6,0.954302180995886,1,2,3,0.2742707331138763,1.572162968278052,1.0988444427888462,1.0958447106571523
235,235,235,2309198,2309,1.0,1.0,0.0,0.0,0.0,2.0,0.0,3.0,3.0,0.0,0.0,0.0,5,0.4932866346210617,0,2,3,0.2742707331138763,1.572162968278052,0.19962640450010133,-0.6217802276769422
236,236,236,2309199,2309,0.0,0.0,0.0,0.0,0.0,0.0,0.0,2.0,2.0,0.0,0.0,0.0,2,-0.8897600045034108,0,1,1,-0.7415467969375173,-0.3735832795908241,-0.6995916337886435,-0.6217802276769422
237,237,237,2309204,2309,0.0,2.0,1.0,0.0,0.0,0.0,0.0,4.0,2.0,0.0,0.0,4.0,5,0.4932866346210617,0,1,3,-0.7415467969375173,1.572162968278052,-0.6995916337886435,-0.6217802276769422
238,238,238,2309205,2309,0.0,1.0,0.0,0.0,1.0,0.0,1.0,1.0,0.0,0.0,1.0,4.0,6,0.954302180995886,1,2,1,0.2742707331138763,-0.3735832795908241,1.998062481077591,1.0958447106571523
239,239,239,2309207,2309,0.0,3.0,3.0,0.0,0.0,0.0,0.0,4.0,0.0,0.0,0.0,3.0,4,0.0322710882462376,0,1,2,-0.7415467969375173,0.599289844343614,-0.6995916337886435,-0.6217802276769422
240,240,240,2309208,2309,0.0,0.0,0.0,0.0,0.0,0.0,0.0,3.0,0.0,0.0,0.0,4.0,2,-0.8897600045034108,0,1,0,-0.7415467969375173,-1.3464564035252622,-0.6995916337886435,-0.6217802276769422
241,241,241,2309211,2309,3.0,0.0,0.0,0.0,0.0,0.0,0.0,3.0,0.0,0.0,0.0,4.0,3,-0.4287444581285865,0,2,0,0.2742707331138763,-1.3464564035252622,-0.6995916337886435,-0.6217802276769422
242,242,242,2309212,2309,0.0,0.0,0.0,0.0,0.0,0.0,0.0,0.0,0.0,0.0,0.0,4.0,1,-1.3507755508782349,0,0,0,-1.757364326988911,-1.3464564035252622,-0.6995916337886435,-0.6217802276769422
243,243,243,2309214,2309,0.0,0.0,0.0,0.0,0.0,0.0,0.0,1.0,1.0,0.0,0.0,1.0,3,-0.4287444581285865,0,1,1,-0.7415467969375173,-0.3735832795908241,-0.6995916337886435,-0.6217802276769422
244,244,244,2309217,2309,0.0,0.0,0.0,0.0,0.0,0.0,0.0,0.0,0.0,0.0,0.0,2.0,1,-1.3507755508782349,0,0,0,-1.757364326988911,-1.3464564035252622,-0.6995916337886435,-0.6217802276769422
245,245,245,2309218,2309,0.0,0.0,0.0,0.0,0.0,0.0,1.0,0.0,0.0,0.0,0.0,4.0,2,-0.8897600045034108,1,0,0,-1.757364326988911,-1.3464564035252622,0.19962640450010133,1.0958447106571523
246,246,246,2309219,2309,0.0,0.0,0.0,0.0,0.0,0.0,0.0,1.0,0.0,0.0,0.0,0.0,1,-1.3507755508782349,0,1,0,-0.7415467969375173,-1.3464564035252622,-0.6995916337886435,-0.6217802276769422
247,247,247,2309222,2309,3.0,3.0,0.0,0.0,0.0,2.0,0.0,0.0,3.0,0.0,0.0,3.0,5,0.4932866346210617,0,1,3,-0.7415467969375173,1.572162968278052,0.19962640450010133,-0.6217802276769422
248,248,248,2309227,2309,0.0,2.0,0.0,0.0,0.0,0.0,0.0,3.0,3.0,0.0,0.0,0.0,3,-0.4287444581285865,0,1,2,-0.7415467969375173,0.599289844343614,-0.6995916337886435,-0.6217802276769422
249,249,249,2309228,2309,0.0,0.0,0.0,0.0,0.0,0.0,0.0,3.0,3.0,0.0,0.0,0.0,2,-0.8897600045034108,0,1,1,-0.7415467969375173,-0.3735832795908241,-0.6995916337886435,-0.6217802276769422
250,250,250,2309229,2309,0.0,0.0,0.0,0.0,0.0,0.0,0.0,3.0,3.0,0.0,0.0,0.0,2,-0.8897600045034108,0,1,1,-0.7415467969375173,-0.3735832795908241,-0.6995916337886435,-0.6217802276769422
251,251,251,2309232,2309,2.0,2.0,0.0,0.0,0.0,0.0,0.0,2.0,1.0,0.0,0.0,0.0,4,0.0322710882462376,0,2,2,0.2742707331138763,0.599289844343614,-0.6995916337886435,-0.6217802276769422
252,252,252,2309233,2309,0.0,0.0,0.0,0.0,1.0,0.0,0.0,2.0,1.0,0.0,0.0,3.0,4,0.0322710882462376,0,2,1,0.2742707331138763,-0.3735832795908241,0.19962640450010133,-0.6217802276769422
253,253,253,2605003,2605,1.0,2.0,4.0,2.0,2.0,2.0,1.0,4.0,4.0,0.0,0.0,4.0,10,2.798364366495183,1,4,4,2.3059057932166636,2.54503609221249,2.897280519366336,2.8134696489912465
254,254,254,2605004,2605,1.0,1.0,1.0,0.0,0.0,0.0,0.0,4.0,4.0,0.0,0.0,4.0,6,0.954302180995886,0,2,3,0.2742707331138763,1.572162968278052,-0.6995916337886435,-0.6217802276769422
255,255,255,2605005,2605,0.0,0.0,0.0,0.0,0.0,0.0,0.0,3.0,3.0,0.0,0.0,0.0,2,-0.8897600045034108,0,1,1,-0.7415467969375173,-0.3735832795908241,-0.6995916337886435,-0.6217802276769422
256,256,256,2605009,2605,3.0,2.0,0.0,0.0,0.0,0.0,0.0,2.0,3.0,0.0,0.0,0.0,4,0.0322710882462376,0,2,2,0.2742707331138763,0.599289844343614,-0.6995916337886435,-0.6217802276769422
257,257,257,2605016,2605,1.0,1.0,0.0,1.0,1.0,0.0,0.0,4.0,2.0,0.0,0.0,0.0,6,0.954302180995886,1,4,2,2.3059057932166636,0.599289844343614,1.0988444427888462,1.0958447106571523
258,258,258,2605017,2605,0.0,0.0,0.0,1.0,0.0,0.0,0.0,4.0,0.0,0.0,0.0,0.0,2,-0.8897600045034108,1,2,0,0.2742707331138763,-1.3464564035252622,0.19962640450010133,1.0958447106571523
259,259,259,2605018,2605,0.0,1.0,0.0,0.0,0.0,0.0,0.0,3.0,3.0,0.0,0.0,0.0,3,-0.4287444581285865,0,1,2,-0.7415467969375173,0.599289844343614,-0.6995916337886435,-0.6217802276769422
260,260,260,2605019,2605,0.0,0.0,0.0,1.0,1.0,0.0,0.0,0.0,0.0,0.0,0.0,0.0,2,-0.8897600045034108,1,2,0,0.2742707331138763,-1.3464564035252622,1.0988444427888462,1.0958447106571523
261,261,261,2605021,2605,1.0,2.0,0.0,0.0,1.0,0.0,0.0,3.0,3.0,0.0,0.0,2.0,6,0.954302180995886,0,3,2,1.29008826316527,0.599289844343614,0.19962640450010133,-0.6217802276769422
262,262,262,2605022,2605,1.0,0.0,0.0,0.0,1.0,0.0,0.0,3.0,3.0,0.0,0.0,3.0,5,0.4932866346210617,0,3,1,1.29008826316527,-0.3735832795908241,0.19962640450010133,-0.6217802276769422
263,263,263,2605023,2605,0.0,1.0,0.0,0.0,1.0,0.0,0.0,2.0,0.0,0.0,0.0,4.0,4,0.0322710882462376,0,2,1,0.2742707331138763,-0.3735832795908241,0.19962640450010133,-0.6217802276769422
264,264,264,2605024,2605,1.0,0.0,0.0,0.0,0.0,0.0,0.0,3.0,3.0,0.0,0.0,0.0,3,-0.4287444581285865,0,2,1,0.2742707331138763,-0.3735832795908241,-0.6995916337886435,-0.6217802276769422
265,265,265,2605025,2605,0.0,0.0,0.0,0.0,0.0,0.0,0.0,0.0,0.0,0.0,0.0,0.0,0,-1.811791097253059,0,0,0,-1.757364326988911,-1.3464564035252622,-0.6995916337886435,-0.6217802276769422
266,266,266,2605026,2605,2.0,0.0,0.0,0.0,0.0,0.0,0.0,1.0,1.0,0.0,0.0,1.0,4,0.0322710882462376,0,2,1,0.2742707331138763,-0.3735832795908241,-0.6995916337886435,-0.6217802276769422
267,267,267,2605027,2605,0.0,1.0,0.0,0.0,0.0,0.0,0.0,0.0,1.0,1.0,0.0,0.0,3,-0.4287444581285865,0,0,2,-1.757364326988911,0.599289844343614,0.19962640450010133,-0.6217802276769422
268,268,268,2605029,2605,1.0,1.0,0.0,0.0,0.0,0.0,0.0,1.0,1.0,0.0,0.0,0.0,4,0.0322710882462376,0,2,2,0.2742707331138763,0.599289844343614,-0.6995916337886435,-0.6217802276769422
269,269,269,2605030,2605,1.0,1.0,1.0,0.0,1.0,0.0,0.0,1.0,1.0,0.0,0.0,2.0,7,1.41531772737071,0,3,3,1.29008826316527,1.572162968278052,0.19962640450010133,-0.6217802276769422
270,270,270,2605031,2605,0.0,0.0,0.0,0.0,0.0,0.0,0.0,1.0,1.0,0.0,0.0,1.0,3,-0.4287444581285865,0,1,1,-0.7415467969375173,-0.3735832795908241,-0.6995916337886435,-0.6217802276769422
271,271,271,2605032,2605,0.0,0.0,0.0,0.0,0.0,1.0,0.0,0.0,0.0,0.0,0.0,0.0,1,-1.3507755508782349,0,0,1,-1.757364326988911,-0.3735832795908241,0.19962640450010133,-0.6217802276769422
272,272,272,2605033,2605,0.0,0.0,0.0,0.0,0.0,1.0,0.0,0.0,2.0,0.0,0.0,3.0,3,-0.4287444581285865,0,0,2,-1.757364326988911,0.599289844343614,0.19962640450010133,-0.6217802276769422
273,273,273,2605042,2605,0.0,3.0,3.0,0.0,0.0,0.0,0.0,1.0,0.0,0.0,0.0,2.0,4,0.0322710882462376,0,1,2,-0.7415467969375173,0.599289844343614,-0.6995916337886435,-0.6217802276769422
274,274,274,2605045,2605,0.0,0.0,0.0,0.0,0.0,0.0,0.0,1.0,1.0,3.0,0.0,4.0,4,0.0322710882462376,0,1,1,-0.7415467969375173,-0.3735832795908241,0.19962640450010133,-0.6217802276769422
275,275,275,2605046,2605,0.0,0.0,0.0,0.0,0.0,0.0,0.0,0.0,0.0,0.0,0.0,0.0,0,-1.811791097253059,0,0,0,-1.757364326988911,-1.3464564035252622,-0.6995916337886435,-0.6217802276769422
276,276,276,2605048,2605,0.0,1.0,0.0,0.0,0.0,0.0,2.0,0.0,0.0,0.0,0.0,0.0,2,-0.8897600045034108,1,0,1,-1.757364326988911,-0.3735832795908241,0.19962640450010133,1.0958447106571523
277,277,277,2605049,2605,2.0,1.0,4.0,2.0,0.0,0.0,0.0,4.0,4.0,1.0,0.0,2.0,8,1.8763332737455345,1,3,3,1.29008826316527,1.572162968278052,1.0988444427888462,1.0958447106571523
278,278,278,2605050,2605,3.0,2.0,4.0,1.0,1.0,1.0,1.0,2.0,3.0,1.0,0.0,3.0,11,3.259379912870007,1,4,4,2.3059057932166636,2.54503609221249,3.7964985576550805,2.8134696489912465
279,279,279,2605051,2605,0.0,1.0,0.0,0.0,0.0,0.0,0.0,0.0,0.0,0.0,0.0,0.0,1,-1.3507755508782349,0,0,1,-1.757364326988911,-0.3735832795908241,-0.6995916337886435,-0.6217802276769422
280,280,280,2605052,2605,0.0,2.0,0.0,0.0,0.0,0.0,0.0,4.0,4.0,0.0,0.0,0.0,3,-0.4287444581285865,0,1,2,-0.7415467969375173,0.599289844343614,-0.6995916337886435,-0.6217802276769422
281,281,281,2605053,2605,3.0,3.0,1.0,0.0,1.0,0.0,2.0,2.0,1.0,0.0,0.0,3.0,8,1.8763332737455345,1,3,3,1.29008826316527,1.572162968278052,1.0988444427888462,1.0958447106571523
282,282,282,2605055,2605,2.0,0.0,0.0,0.0,0.0,0.0,0.0,1.0,0.0,0.0,0.0,1.0,3,-0.4287444581285865,0,2,0,0.2742707331138763,-1.3464564035252622,-0.6995916337886435,-0.6217802276769422
283,283,283,2605056,2605,4.0,0.0,0.0,0.0,0.0,0.0,0.0,1.0,1.0,0.0,0.0,4.0,4,0.0322710882462376,0,2,1,0.2742707331138763,-0.3735832795908241,-0.6995916337886435,-0.6217802276769422
284,284,284,2605058,2605,4.0,4.0,0.0,0.0,1.0,0.0,0.0,4.0,4.0,0.0,0.0,4.0,6,0.954302180995886,0,3,2,1.29008826316527,0.599289844343614,0.19962640450010133,-0.6217802276769422
285,285,285,2605059,2605,1.0,0.0,0.0,0.0,0.0,0.0,0.0,4.0,2.0,0.0,0.0,1.0,4,0.0322710882462376,0,2,1,0.2742707331138763,-0.3735832795908241,-0.6995916337886435,-0.6217802276769422
286,286,286,2605061,2605,3.0,4.0,0.0,0.0,0.0,0.0,3.0,4.0,3.0,0.0,0.0,3.0,6,0.954302180995886,1,2,2,0.2742707331138763,0.599289844343614,0.19962640450010133,1.0958447106571523
287,287,287,2605062,2605,0.0,1.0,0.0,0.0,1.0,0.0,0.0,0.0,1.0,0.0,0.0,0.0,3,-0.4287444581285865,0,1,2,-0.7415467969375173,0.599289844343614,0.19962640450010133,-0.6217802276769422
288,288,288,2605064,2605,0.0,1.0,0.0,0.0,0.0,0.0,0.0,2.0,0.0,0.0,0.0,3.0,3,-0.4287444581285865,0,1,1,-0.7415467969375173,-0.3735832795908241,-0.6995916337886435,-0.6217802276769422
289,289,289,2605065,2605,0.0,4.0,0.0,0.0,0.0,0.0,0.0,4.0,2.0,0.0,0.0,4.0,4,0.0322710882462376,0,1,2,-0.7415467969375173,0.599289844343614,-0.6995916337886435,-0.6217802276769422
290,290,290,2605066,2605,3.0,0.0,0.0,0.0,1.0,0.0,0.0,4.0,2.0,0.0,0.0,0.0,4,0.0322710882462376,0,3,1,1.29008826316527,-0.3735832795908241,0.19962640450010133,-0.6217802276769422
291,291,291,2605067,2605,3.0,2.0,0.0,0.0,0.0,0.0,0.0,3.0,2.0,2.0,0.0,1.0,6,0.954302180995886,0,2,2,0.2742707331138763,0.599289844343614,0.19962640450010133,-0.6217802276769422
292,292,292,2605068,2605,0.0,3.0,4.0,0.0,0.0,0.0,0.0,4.0,4.0,0.0,1.0,4.0,6,0.954302180995886,0,1,3,-0.7415467969375173,1.572162968278052,0.19962640450010133,-0.6217802276769422
293,293,293,2605076,2605,4.0,4.0,0.0,0.0,0.0,0.0,0.0,2.0,2.0,0.0,0.0,4.0,5,0.4932866346210617,0,2,2,0.2742707331138763,0.599289844343614,-0.6995916337886435,-0.6217802276769422
294,294,294,2605078,2605,0.0,0.0,0.0,0.0,0.0,0.0,0.0,4.0,0.0,0.0,0.0,0.0,1,-1.3507755508782349,0,1,0,-0.7415467969375173,-1.3464564035252622,-0.6995916337886435,-0.6217802276769422
295,295,295,2605080,2605,0.0,3.0,0.0,0.0,0.0,0.0,0.0,3.0,0.0,0.0,0.0,0.0,2,-0.8897600045034108,0,1,1,-0.7415467969375173,-0.3735832795908241,-0.6995916337886435,-0.6217802276769422
296,296,296,2605081,2605,0.0,1.0,0.0,0.0,0.0,0.0,1.0,3.0,0.0,0.0,0.0,1.0,4,0.0322710882462376,1,1,1,-0.7415467969375173,-0.3735832795908241,0.19962640450010133,1.0958447106571523
297,297,297,2605083,2605,4.0,0.0,0.0,0.0,0.0,0.0,0.0,0.0,0.0,0.0,0.0,4.0,2,-0.8897600045034108,0,1,0,-0.7415467969375173,-1.3464564035252622,-0.6995916337886435,-0.6217802276769422
298,298,298,2605084,2605,0.0,0.0,2.0,0.0,2.0,0.0,2.0,4.0,2.0,2.0,0.0,4.0,7,1.41531772737071,1,2,2,0.2742707331138763,0.599289844343614,1.998062481077591,1.0958447106571523
299,299,299,2605085,2605,0.0,0.0,0.0,0.0,0.0,0.0,0.0,3.0,2.0,0.0,0.0,0.0,2,-0.8897600045034108,0,1,1,-0.7415467969375173,-0.3735832795908241,-0.6995916337886435,-0.6217802276769422
300,300,300,2605086,2605,1.0,3.0,2.0,0.0,0.0,2.0,0.0,3.0,3.0,0.0,1.0,3.0,8,1.8763332737455345,0,2,4,0.2742707331138763,2.54503609221249,1.0988444427888462,-0.6217802276769422
301,301,301,2605089,2605,0.0,4.0,4.0,0.0,0.0,0.0,1.0,1.0,1.0,0.0,0.0,3.0,6,0.954302180995886,1,1,3,-0.7415467969375173,1.572162968278052,0.19962640450010133,1.0958447106571523
302,302,302,2610001,2610,0.0,2.0,0.0,4.0,3.0,1.0,0.0,1.0,1.0,0.0,0.0,1.0,7,1.41531772737071,1,3,3,1.29008826316527,1.572162968278052,1.998062481077591,1.0958447106571523
303,303,303,2610002,2610,2.0,0.0,1.0,1.0,0.0,1.0,0.0,3.0,2.0,0.0,0.0,1.0,7,1.41531772737071,1,3,3,1.29008826316527,1.572162968278052,1.0988444427888462,1.0958447106571523
304,304,304,2610003,2610,0.0,0.0,0.0,0.0,0.0,0.0,0.0,1.0,0.0,0.0,0.0,0.0,1,-1.3507755508782349,0,1,0,-0.7415467969375173,-1.3464564035252622,-0.6995916337886435,-0.6217802276769422
305,305,305,2610004,2610,1.0,0.0,0.0,0.0,1.0,0.0,0.0,1.0,1.0,0.0,0.0,0.0,4,0.0322710882462376,0,3,1,1.29008826316527,-0.3735832795908241,0.19962640450010133,-0.6217802276769422
306,306,306,2610005,2610,1.0,1.0,0.0,1.0,0.0,0.0,0.0,2.0,2.0,0.0,0.0,4.0,6,0.954302180995886,1,3,2,1.29008826316527,0.599289844343614,0.19962640450010133,1.0958447106571523
307,307,307,2610007,2610,1.0,1.0,0.0,1.0,0.0,1.0,0.0,2.0,0.0,0.0,0.0,4.0,6,0.954302180995886,1,3,2,1.29008826316527,0.599289844343614,1.0988444427888462,1.0958447106571523
308,308,308,2610009,2610,0.0,0.0,0.0,0.0,0.0,0.0,0.0,4.0,4.0,0.0,0.0,0.0,2,-0.8897600045034108,0,1,1,-0.7415467969375173,-0.3735832795908241,-0.6995916337886435,-0.6217802276769422
309,309,309,2610010,2610,2.0,2.0,0.0,0.0,0.0,0.0,0.0,3.0,2.0,0.0,0.0,2.0,5,0.4932866346210617,0,2,2,0.2742707331138763,0.599289844343614,-0.6995916337886435,-0.6217802276769422
310,310,310,2610011,2610,1.0,1.0,0.0,0.0,0.0,0.0,0.0,4.0,4.0,0.0,0.0,0.0,4,0.0322710882462376,0,2,2,0.2742707331138763,0.599289844343614,-0.6995916337886435,-0.6217802276769422
311,311,311,2610012,2610,0.0,0.0,0.0,0.0,0.0,0.0,0.0,3.0,0.0,0.0,0.0,0.0,1,-1.3507755508782349,0,1,0,-0.7415467969375173,-1.3464564035252622,-0.6995916337886435,-0.6217802276769422
312,312,312,2610013,2610,4.0,0.0,0.0,0.0,0.0,0.0,0.0,4.0,4.0,0.0,0.0,0.0,3,-0.4287444581285865,0,2,1,0.2742707331138763,-0.3735832795908241,-0.6995916337886435,-0.6217802276769422
313,313,313,2610014,2610,0.0,0.0,0.0,0.0,0.0,1.0,0.0,4.0,4.0,0.0,0.0,1.0,4,0.0322710882462376,0,1,2,-0.7415467969375173,0.599289844343614,0.19962640450010133,-0.6217802276769422
314,314,314,2610015,2610,0.0,0.0,0.0,0.0,0.0,0.0,0.0,3.0,0.0,0.0,0.0,0.0,1,-1.3507755508782349,0,1,0,-0.7415467969375173,-1.3464564035252622,-0.6995916337886435,-0.6217802276769422
315,315,315,2610017,2610,0.0,1.0,1.0,0.0,0.0,0.0,0.0,3.0,3.0,0.0,0.0,4.0,5,0.4932866346210617,0,1,3,-0.7415467969375173,1.572162968278052,-0.6995916337886435,-0.6217802276769422
316,316,316,2610018,2610,3.0,4.0,0.0,0.0,0.0,0.0,0.0,3.0,2.0,0.0,0.0,3.0,5,0.4932866346210617,0,2,2,0.2742707331138763,0.599289844343614,-0.6995916337886435,-0.6217802276769422
317,317,317,2610019,2610,0.0,0.0,0.0,0.0,0.0,0.0,0.0,3.0,2.0,0.0,0.0,3.0,3,-0.4287444581285865,0,1,1,-0.7415467969375173,-0.3735832795908241,-0.6995916337886435,-0.6217802276769422
318,318,318,2610020,2610,0.0,0.0,0.0,0.0,0.0,0.0,0.0,2.0,0.0,0.0,0.0,0.0,1,-1.3507755508782349,0,1,0,-0.7415467969375173,-1.3464564035252622,-0.6995916337886435,-0.6217802276769422
319,319,319,2610021,2610,3.0,0.0,0.0,0.0,0.0,0.0,0.0,3.0,2.0,0.0,0.0,0.0,3,-0.4287444581285865,0,2,1,0.2742707331138763,-0.3735832795908241,-0.6995916337886435,-0.6217802276769422
320,320,320,2610022,2610,0.0,2.0,0.0,0.0,0.0,0.0,1.0,2.0,0.0,0.0,0.0,1.0,4,0.0322710882462376,1,1,1,-0.7415467969375173,-0.3735832795908241,0.19962640450010133,1.0958447106571523
321,321,321,2610023,2610,0.0,0.0,0.0,1.0,0.0,0.0,0.0,4.0,4.0,0.0,0.0,4.0,4,0.0322710882462376,1,2,1,0.2742707331138763,-0.3735832795908241,0.19962640450010133,1.0958447106571523
322,322,322,2610024,2610,0.0,0.0,0.0,1.0,0.0,0.0,0.0,4.0,0.0,0.0,0.0,0.0,2,-0.8897600045034108,1,2,0,0.2742707331138763,-1.3464564035252622,0.19962640450010133,1.0958447106571523
323,323,323,2610025,2610,0.0,0.0,0.0,2.0,0.0,0.0,0.0,2.0,2.0,0.0,0.0,4.0,4,0.0322710882462376,1,2,1,0.2742707331138763,-0.3735832795908241,0.19962640450010133,1.0958447106571523
324,324,324,2610026,2610,1.0,0.0,0.0,0.0,0.0,0.0,0.0,3.0,0.0,0.0,0.0,0.0,2,-0.8897600045034108,0,2,0,0.2742707331138763,-1.3464564035252622,-0.6995916337886435,-0.6217802276769422
325,325,325,2610027,2610,0.0,0.0,0.0,1.0,0.0,0.0,0.0,4.0,4.0,0.0,0.0,0.0,3,-0.4287444581285865,1,2,1,0.2742707331138763,-0.3735832795908241,0.19962640450010133,1.0958447106571523
326,326,326,2610028,2610,4.0,4.0,4.0,2.0,1.0,0.0,0.0,4.0,4.0,0.0,1.0,4.0,9,2.3373488201203587,1,4,3,2.3059057932166636,1.572162968278052,1.998062481077591,1.0958447106571523
327,327,327,2610029,2610,0.0,0.0,0.0,0.0,0.0,0.0,3.0,0.0,0.0,0.0,0.0,0.0,1,-1.3507755508782349,1,0,0,-1.757364326988911,-1.3464564035252622,0.19962640450010133,1.0958447106571523
328,328,328,2610031,2610,4.0,0.0,0.0,0.0,0.0,2.0,0.0,4.0,2.0,1.0,0.0,0.0,5,0.4932866346210617,0,2,2,0.2742707331138763,0.599289844343614,1.0988444427888462,-0.6217802276769422
329,329,329,2610032,2610,4.0,4.0,0.0,0.0,0.0,0.0,1.0,3.0,2.0,0.0,0.0,4.0,6,0.954302180995886,1,2,2,0.2742707331138763,0.599289844343614,0.19962640450010133,1.0958447106571523
330,330,330,2610033,2610,0.0,0.0,0.0,0.0,0.0,0.0,0.0,0.0,0.0,0.0,0.0,0.0,0,-1.811791097253059,0,0,0,-1.757364326988911,-1.3464564035252622,-0.6995916337886435,-0.6217802276769422
331,331,331,2610034,2610,2.0,2.0,1.0,1.0,0.0,0.0,2.0,4.0,4.0,1.0,0.0,4.0,9,2.3373488201203587,1,3,3,1.29008826316527,1.572162968278052,1.998062481077591,2.8134696489912465
332,332,332,2610035,2610,0.0,0.0,0.0,0.0,0.0,0.0,0.0,4.0,4.0,0.0,0.0,0.0,2,-0.8897600045034108,0,1,1,-0.7415467969375173,-0.3735832795908241,-0.6995916337886435,-0.6217802276769422
333,333,333,2610036,2610,0.0,1.0,0.0,0.0,0.0,0.0,0.0,2.0,3.0,0.0,0.0,2.0,4,0.0322710882462376,0,1,2,-0.7415467969375173,0.599289844343614,-0.6995916337886435,-0.6217802276769422
334,334,334,2610037,2610,1.0,1.0,1.0,1.0,0.0,0.0,0.0,3.0,3.0,0.0,0.0,0.0,6,0.954302180995886,1,3,3,1.29008826316527,1.572162968278052,0.19962640450010133,1.0958447106571523
335,335,335,2610038,2610,1.0,1.0,0.0,0.0,0.0,1.0,0.0,2.0,3.0,0.0,0.0,0.0,5,0.4932866346210617,0,2,3,0.2742707331138763,1.572162968278052,0.19962640450010133,-0.6217802276769422
336,336,336,2610040,2610,0.0,4.0,0.0,0.0,1.0,1.0,1.0,3.0,2.0,0.0,0.0,4.0,7,1.41531772737071,1,2,3,0.2742707331138763,1.572162968278052,1.998062481077591,1.0958447106571523
337,337,337,2610041,2610,1.0,2.0,0.0,0.0,0.0,0.0,0.0,2.0,3.0,0.0,0.0,2.0,5,0.4932866346210617,0,2,2,0.2742707331138763,0.599289844343614,-0.6995916337886435,-0.6217802276769422
338,338,338,2610042,2610,3.0,2.0,0.0,0.0,0.0,0.0,0.0,2.0,2.0,0.0,0.0,0.0,4,0.0322710882462376,0,2,2,0.2742707331138763,0.599289844343614,-0.6995916337886435,-0.6217802276769422
339,339,339,2610043,2610,2.0,1.0,1.0,0.0,0.0,0.0,0.0,3.0,3.0,0.0,0.0,2.0,6,0.954302180995886,0,2,3,0.2742707331138763,1.572162968278052,-0.6995916337886435,-0.6217802276769422
340,340,340,2610044,2610,0.0,0.0,0.0,1.0,1.0,0.0,0.0,1.0,1.0,0.0,0.0,0.0,4,0.0322710882462376,1,3,1,1.29008826316527,-0.3735832795908241,1.0988444427888462,1.0958447106571523
341,341,341,2610045,2610,0.0,0.0,0.0,0.0,0.0,0.0,0.0,1.0,1.0,0.0,0.0,0.0,2,-0.8897600045034108,0,1,1,-0.7415467969375173,-0.3735832795908241,-0.6995916337886435,-0.6217802276769422
342,342,342,2610046,2610,0.0,0.0,0.0,1.0,0.0,0.0,0.0,1.0,1.0,0.0,0.0,2.0,4,0.0322710882462376,1,2,1,0.2742707331138763,-0.3735832795908241,0.19962640450010133,1.0958447106571523
343,343,343,2610047,2610,1.0,1.0,0.0,0.0,0.0,0.0,0.0,2.0,0.0,0.0,0.0,4.0,4,0.0322710882462376,0,2,1,0.2742707331138763,-0.3735832795908241,-0.6995916337886435,-0.6217802276769422
344,344,344,2610048,2610,0.0,0.0,0.0,0.0,0.0,0.0,0.0,0.0,0.0,0.0,0.0,0.0,0,-1.811791097253059,0,0,0,-1.757364326988911,-1.3464564035252622,-0.6995916337886435,-0.6217802276769422
345,345,345,2610049,2610,0.0,0.0,0.0,0.0,0.0,0.0,0.0,2.0,2.0,0.0,0.0,0.0,2,-0.8897600045034108,0,1,1,-0.7415467969375173,-0.3735832795908241,-0.6995916337886435,-0.6217802276769422
346,346,346,2610050,2610,1.0,1.0,0.0,0.0,0.0,0.0,0.0,2.0,0.0,0.0,0.0,3.0,4,0.0322710882462376,0,2,1,0.2742707331138763,-0.3735832795908241,-0.6995916337886435,-0.6217802276769422
347,347,347,2610051,2610,0.0,2.0,1.0,0.0,0.0,0.0,0.0,4.0,4.0,0.0,0.0,3.0,5,0.4932866346210617,0,1,3,-0.7415467969375173,1.572162968278052,-0.6995916337886435,-0.6217802276769422
348,348,348,2610052,2610,0.0,1.0,0.0,1.0,0.0,0.0,0.0,2.0,0.0,0.0,0.0,0.0,3,-0.4287444581285865,1,2,1,0.2742707331138763,-0.3735832795908241,0.19962640450010133,1.0958447106571523
349,349,349,2610053,2610,0.0,0.0,0.0,0.0,0.0,0.0,1.0,3.0,2.0,0.0,0.0,0.0,3,-0.4287444581285865,1,1,1,-0.7415467969375173,-0.3735832795908241,0.19962640450010133,1.0958447106571523
350,350,350,2610054,2610,0.0,1.0,0.0,1.0,1.0,0.0,0.0,4.0,4.0,1.0,0.0,4.0,7,1.41531772737071,1,3,2,1.29008826316527,0.599289844343614,1.998062481077591,1.0958447106571523
351,351,351,2610055,2610,0.0,1.0,1.0,1.0,1.0,1.0,0.0,4.0,4.0,0.0,0.0,4.0,8,1.8763332737455345,1,3,4,1.29008826316527,2.54503609221249,1.998062481077591,1.0958447106571523
352,352,352,2610056,2610,0.0,3.0,0.0,0.0,0.0,0.0,2.0,2.0,1.0,0.0,0.0,4.0,5,0.4932866346210617,1,1,2,-0.7415467969375173,0.599289844343614,0.19962640450010133,1.0958447106571523
353,353,353,2610057,2610,1.0,1.0,0.0,0.0,0.0,0.0,0.0,4.0,4.0,0.0,0.0,1.0,5,0.4932866346210617,0,2,2,0.2742707331138763,0.599289844343614,-0.6995916337886435,-0.6217802276769422
354,354,354,2610058,2610,1.0,1.0,0.0,1.0,1.0,0.0,0.0,1.0,1.0,0.0,0.0,1.0,7,1.41531772737071,1,4,2,2.3059057932166636,0.599289844343614,1.0988444427888462,1.0958447106571523
355,355,355,2610059,2610,0.0,1.0,0.0,1.0,1.0,0.0,0.0,2.0,1.0,0.0,0.0,0.0,5,0.4932866346210617,1,3,2,1.29008826316527,0.599289844343614,1.0988444427888462,1.0958447106571523
356,356,356,2610060,2610,2.0,2.0,0.0,0.0,0.0,0.0,0.0,4.0,4.0,0.0,0.0,0.0,4,0.0322710882462376,0,2,2,0.2742707331138763,0.599289844343614,-0.6995916337886435,-0.6217802276769422
357,357,357,2610061,2610,0.0,1.0,0.0,0.0,0.0,0.0,1.0,3.0,1.0,0.0,0.0,0.0,4,0.0322710882462376,1,1,2,-0.7415467969375173,0.599289844343614,0.19962640450010133,1.0958447106571523
358,358,358,2610062,2610,3.0,0.0,0.0,0.0,0.0,0.0,0.0,1.0,1.0,0.0,0.0,0.0,3,-0.4287444581285865,0,2,1,0.2742707331138763,-0.3735832795908241,-0.6995916337886435,-0.6217802276769422
359,359,359,2610063,2610,1.0,0.0,0.0,0.0,0.0,0.0,0.0,4.0,4.0,0.0,0.0,0.0,3,-0.4287444581285865,0,2,1,0.2742707331138763,-0.3735832795908241,-0.6995916337886435,-0.6217802276769422
360,360,360,2610064,2610,1.0,1.0,0.0,0.0,1.0,0.0,0.0,1.0,1.0,0.0,0.0,1.0,6,0.954302180995886,0,3,2,1.29008826316527,0.599289844343614,0.19962640450010133,-0.6217802276769422
361,361,361,2610066,2610,0.0,0.0,0.0,0.0,0.0,0.0,0.0,3.0,0.0,0.0,0.0,0.0,1,-1.3507755508782349,0,1,0,-0.7415467969375173,-1.3464564035252622,-0.6995916337886435,-0.6217802276769422
362,362,362,2610067,2610,2.0,3.0,0.0,1.0,1.0,1.0,0.0,4.0,3.0,0.0,0.0,2.0,8,1.8763332737455345,1,4,3,2.3059057932166636,1.572162968278052,1.998062481077591,1.0958447106571523
363,363,363,2610068,2610,0.0,0.0,0.0,0.0,0.0,0.0,0.0,3.0,0.0,0.0,0.0,3.0,2,-0.8897600045034108,0,1,0,-0.7415467969375173,-1.3464564035252622,-0.6995916337886435,-0.6217802276769422
364,364,364,2610070,2610,0.0,1.0,0.0,1.0,1.0,0.0,0.0,1.0,0.0,0.0,0.0,0.0,4,0.0322710882462376,1,3,1,1.29008826316527,-0.3735832795908241,1.0988444427888462,1.0958447106571523
365,365,365,2610071,2610,0.0,0.0,0.0,0.0,0.0,0.0,0.0,3.0,2.0,0.0,0.0,0.0,2,-0.8897600045034108,0,1,1,-0.7415467969375173,-0.3735832795908241,-0.6995916337886435,-0.6217802276769422
366,366,366,2610072,2610,0.0,0.0,0.0,0.0,0.0,0.0,0.0,3.0,3.0,0.0,0.0,4.0,3,-0.4287444581285865,0,1,1,-0.7415467969375173,-0.3735832795908241,-0.6995916337886435,-0.6217802276769422
367,367,367,2610073,2610,0.0,0.0,0.0,0.0,0.0,0.0,0.0,3.0,0.0,0.0,0.0,3.0,2,-0.8897600045034108,0,1,0,-0.7415467969375173,-1.3464564035252622,-0.6995916337886435,-0.6217802276769422
368,368,368,2610074,2610,0.0,0.0,0.0,1.0,0.0,0.0,1.0,3.0,2.0,0.0,0.0,3.0,5,0.4932866346210617,1,2,1,0.2742707331138763,-0.3735832795908241,1.0988444427888462,2.8134696489912465
369,369,369,2610075,2610,1.0,0.0,0.0,0.0,0.0,0.0,0.0,3.0,0.0,0.0,0.0,4.0,3,-0.4287444581285865,0,2,0,0.2742707331138763,-1.3464564035252622,-0.6995916337886435,-0.6217802276769422
370,370,370,2610076,2610,0.0,0.0,0.0,0.0,0.0,0.0,0.0,3.0,0.0,0.0,0.0,3.0,2,-0.8897600045034108,0,1,0,-0.7415467969375173,-1.3464564035252622,-0.6995916337886435,-0.6217802276769422
371,371,371,2610077,2610,0.0,0.0,0.0,0.0,0.0,0.0,0.0,4.0,4.0,0.0,0.0,0.0,2,-0.8897600045034108,0,1,1,-0.7415467969375173,-0.3735832795908241,-0.6995916337886435,-0.6217802276769422
372,372,372,2610078,2610,0.0,0.0,0.0,0.0,1.0,0.0,0.0,2.0,2.0,0.0,0.0,2.0,4,0.0322710882462376,0,2,1,0.2742707331138763,-0.3735832795908241,0.19962640450010133,-0.6217802276769422
373,373,373,2610079,2610,0.0,2.0,0.0,0.0,0.0,0.0,0.0,4.0,4.0,0.0,0.0,0.0,3,-0.4287444581285865,0,1,2,-0.7415467969375173,0.599289844343614,-0.6995916337886435,-0.6217802276769422
374,374,374,2610081,2610,2.0,3.0,0.0,1.0,1.0,3.0,3.0,4.0,3.0,0.0,0.0,4.0,9,2.3373488201203587,1,4,3,2.3059057932166636,1.572162968278052,2.897280519366336,2.8134696489912465
375,375,375,2610083,2610,0.0,0.0,0.0,0.0,0.0,0.0,0.0,4.0,0.0,0.0,0.0,0.0,1,-1.3507755508782349,0,1,0,-0.7415467969375173,-1.3464564035252622,-0.6995916337886435,-0.6217802276769422
376,376,376,2610084,2610,4.0,4.0,1.0,1.0,0.0,0.0,0.0,3.0,0.0,0.0,1.0,4.0,7,1.41531772737071,1,3,2,1.29008826316527,0.599289844343614,1.0988444427888462,1.0958447106571523
377,377,377,2610085,2610,1.0,0.0,0.0,1.0,1.0,1.0,0.0,1.0,2.0,0.0,0.0,2.0,7,1.41531772737071,1,4,2,2.3059057932166636,0.599289844343614,1.998062481077591,1.0958447106571523
378,378,378,2610086,2610,0.0,0.0,0.0,0.0,0.0,0.0,0.0,3.0,0.0,0.0,0.0,2.0,2,-0.8897600045034108,0,1,0,-0.7415467969375173,-1.3464564035252622,-0.6995916337886435,-0.6217802276769422
379,379,379,2610087,2610,0.0,0.0,0.0,0.0,0.0,0.0,0.0,4.0,0.0,0.0,0.0,4.0,2,-0.8897600045034108,0,1,0,-0.7415467969375173,-1.3464564035252622,-0.6995916337886435,-0.6217802276769422
380,380,380,2610088,2610,1.0,1.0,0.0,0.0,0.0,0.0,0.0,4.0,1.0,0.0,0.0,0.0,4,0.0322710882462376,0,2,2,0.2742707331138763,0.599289844343614,-0.6995916337886435,-0.6217802276769422
381,381,381,2610090,2610,0.0,0.0,0.0,0.0,0.0,0.0,0.0,0.0,0.0,0.0,0.0,0.0,0,-1.811791097253059,0,0,0,-1.757364326988911,-1.3464564035252622,-0.6995916337886435,-0.6217802276769422
382,382,382,2610091,2610,0.0,0.0,0.0,0.0,0.0,0.0,0.0,4.0,0.0,0.0,0.0,0.0,1,-1.3507755508782349,0,1,0,-0.7415467969375173,-1.3464564035252622,-0.6995916337886435,-0.6217802276769422
383,383,383,2610092,2610,0.0,0.0,0.0,1.0,0.0,1.0,0.0,0.0,1.0,0.0,0.0,0.0,3,-0.4287444581285865,1,1,2,-0.7415467969375173,0.599289844343614,1.0988444427888462,1.0958447106571523
384,384,384,2610093,2610,0.0,2.0,0.0,0.0,0.0,0.0,1.0,4.0,0.0,0.0,0.0,0.0,3,-0.4287444581285865,1,1,1,-0.7415467969375173,-0.3735832795908241,0.19962640450010133,1.0958447106571523
385,385,385,2610095,2610,4.0,0.0,0.0,2.0,0.0,1.0,1.0,0.0,0.0,0.0,0.0,0.0,4,0.0322710882462376,1,2,1,0.2742707331138763,-0.3735832795908241,1.998062481077591,2.8134696489912465
386,386,386,2610100,2610,1.0,4.0,0.0,2.0,1.0,0.0,0.0,3.0,2.0,0.0,0.0,0.0,6,0.954302180995886,1,4,2,2.3059057932166636,0.599289844343614,1.0988444427888462,1.0958447106571523
387,387,387,2610101,2610,0.0,0.0,0.0,1.0,0.0,0.0,0.0,4.0,0.0,0.0,0.0,0.0,2,-0.8897600045034108,1,2,0,0.2742707331138763,-1.3464564035252622,0.19962640450010133,1.0958447106571523
388,388,388,2610102,2610,0.0,3.0,0.0,2.0,2.0,1.0,0.0,3.0,2.0,0.0,0.0,3.0,7,1.41531772737071,1,3,3,1.29008826316527,1.572162968278052,1.998062481077591,1.0958447106571523
389,389,389,2610103,2610,0.0,1.0,0.0,0.0,0.0,1.0,0.0,3.0,2.0,0.0,0.0,0.0,4,0.0322710882462376,0,1,3,-0.7415467969375173,1.572162968278052,0.19962640450010133,-0.6217802276769422
390,390,390,2610104,2610,0.0,0.0,0.0,0.0,0.0,0.0,0.0,3.0,3.0,0.0,0.0,0.0,2,-0.8897600045034108,0,1,1,-0.7415467969375173,-0.3735832795908241,-0.6995916337886435,-0.6217802276769422
391,391,391,2610105,2610,0.0,1.0,0.0,1.0,0.0,0.0,0.0,2.0,0.0,0.0,0.0,0.0,3,-0.4287444581285865,1,2,1,0.2742707331138763,-0.3735832795908241,0.19962640450010133,1.0958447106571523
392,392,392,2610106,2610,0.0,0.0,0.0,0.0,0.0,0.0,0.0,2.0,2.0,0.0,2.0,0.0,3,-0.4287444581285865,0,1,1,-0.7415467969375173,-0.3735832795908241,0.19962640450010133,-0.6217802276769422
393,393,393,2610107,2610,0.0,1.0,0.0,0.0,0.0,0.0,0.0,2.0,0.0,0.0,0.0,0.0,2,-0.8897600045034108,0,1,1,-0.7415467969375173,-0.3735832795908241,-0.6995916337886435,-0.6217802276769422
394,394,394,2610108,2610,0.0,0.0,0.0,1.0,1.0,0.0,0.0,4.0,0.0,0.0,0.0,2.0,4,0.0322710882462376,1,3,0,1.29008826316527,-1.3464564035252622,1.0988444427888462,1.0958447106571523
395,395,395,2610109,2610,1.0,1.0,0.0,0.0,0.0,0.0,0.0,2.0,0.0,0.0,0.0,1.0,4,0.0322710882462376,0,2,1,0.2742707331138763,-0.3735832795908241,-0.6995916337886435,-0.6217802276769422
396,396,396,2610111,2610,2.0,3.0,0.0,0.0,0.0,0.0,0.0,3.0,0.0,0.0,0.0,0.0,3,-0.4287444581285865,0,2,1,0.2742707331138763,-0.3735832795908241,-0.6995916337886435,-0.6217802276769422
397,397,397,2610118,2610,0.0,2.0,0.0,0.0,0.0,0.0,0.0,3.0,0.0,0.0,0.0,3.0,3,-0.4287444581285865,0,1,1,-0.7415467969375173,-0.3735832795908241,-0.6995916337886435,-0.6217802276769422
398,398,398,2610119,2610,0.0,4.0,0.0,0.0,0.0,0.0,0.0,3.0,2.0,0.0,0.0,4.0,4,0.0322710882462376,0,1,2,-0.7415467969375173,0.599289844343614,-0.6995916337886435,-0.6217802276769422
399,399,399,2610123,2610,1.0,0.0,0.0,0.0,0.0,0.0,0.0,0.0,0.0,0.0,0.0,0.0,1,-1.3507755508782349,0,1,0,-0.7415467969375173,-1.3464564035252622,-0.6995916337886435,-0.6217802276769422
400,400,400,2610124,2610,0.0,0.0,0.0,0.0,0.0,0.0,0.0,3.0,0.0,0.0,0.0,0.0,1,-1.3507755508782349,0,1,0,-0.7415467969375173,-1.3464564035252622,-0.6995916337886435,-0.6217802276769422
401,401,401,2611001,2611,0.0,1.0,0.0,0.0,0.0,0.0,0.0,3.0,2.0,0.0,0.0,3.0,4,0.0322710882462376,0,1,2,-0.7415467969375173,0.599289844343614,-0.6995916337886435,-0.6217802276769422
402,402,402,2611002,2611,0.0,0.0,0.0,1.0,1.0,0.0,0.0,2.0,2.0,0.0,0.0,2.0,5,0.4932866346210617,1,3,1,1.29008826316527,-0.3735832795908241,1.0988444427888462,1.0958447106571523
403,403,403,2611003,2611,0.0,0.0,0.0,0.0,0.0,0.0,0.0,2.0,2.0,0.0,0.0,3.0,3,-0.4287444581285865,0,1,1,-0.7415467969375173,-0.3735832795908241,-0.6995916337886435,-0.6217802276769422
404,404,404,2611004,2611,0.0,0.0,0.0,0.0,0.0,0.0,0.0,2.0,2.0,0.0,0.0,4.0,3,-0.4287444581285865,0,1,1,-0.7415467969375173,-0.3735832795908241,-0.6995916337886435,-0.6217802276769422
405,405,405,2611005,2611,0.0,0.0,0.0,0.0,0.0,0.0,0.0,1.0,1.0,0.0,0.0,2.0,3,-0.4287444581285865,0,1,1,-0.7415467969375173,-0.3735832795908241,-0.6995916337886435,-0.6217802276769422
406,406,406,2611006,2611,2.0,2.0,0.0,2.0,2.0,0.0,0.0,0.0,0.0,0.0,0.0,1.0,5,0.4932866346210617,1,3,1,1.29008826316527,-0.3735832795908241,1.0988444427888462,1.0958447106571523
407,407,407,2611007,2611,0.0,0.0,1.0,0.0,0.0,0.0,0.0,2.0,0.0,0.0,0.0,3.0,3,-0.4287444581285865,0,1,1,-0.7415467969375173,-0.3735832795908241,-0.6995916337886435,-0.6217802276769422
408,408,408,2611008,2611,0.0,0.0,0.0,0.0,0.0,0.0,0.0,0.0,0.0,0.0,0.0,0.0,0,-1.811791097253059,0,0,0,-1.757364326988911,-1.3464564035252622,-0.6995916337886435,-0.6217802276769422
409,409,409,2611009,2611,0.0,0.0,0.0,1.0,1.0,0.0,1.0,0.0,0.0,0.0,0.0,4.0,4,0.0322710882462376,1,2,0,0.2742707331138763,-1.3464564035252622,1.998062481077591,2.8134696489912465
410,410,410,2611010,2611,0.0,1.0,0.0,1.0,1.0,0.0,0.0,2.0,2.0,3.0,1.0,3.0,8,1.8763332737455345,1,3,2,1.29008826316527,0.599289844343614,2.897280519366336,1.0958447106571523
411,411,411,2611011,2611,1.0,0.0,0.0,0.0,0.0,0.0,1.0,2.0,1.0,0.0,0.0,2.0,5,0.4932866346210617,1,2,1,0.2742707331138763,-0.3735832795908241,0.19962640450010133,1.0958447106571523
412,412,412,2611012,2611,3.0,4.0,0.0,0.0,0.0,0.0,3.0,4.0,2.0,0.0,0.0,3.0,6,0.954302180995886,1,2,2,0.2742707331138763,0.599289844343614,0.19962640450010133,1.0958447106571523
413,413,413,2611013,2611,1.0,0.0,0.0,0.0,0.0,1.0,0.0,3.0,0.0,0.0,0.0,3.0,4,0.0322710882462376,0,2,1,0.2742707331138763,-0.3735832795908241,0.19962640450010133,-0.6217802276769422
414,414,414,2611014,2611,2.0,3.0,0.0,3.0,1.0,2.0,2.0,4.0,3.0,0.0,0.0,3.0,9,2.3373488201203587,1,4,3,2.3059057932166636,1.572162968278052,2.897280519366336,2.8134696489912465
415,415,415,2611015,2611,1.0,3.0,0.0,3.0,1.0,2.0,1.0,4.0,3.0,0.0,0.0,3.0,9,2.3373488201203587,1,4,3,2.3059057932166636,1.572162968278052,2.897280519366336,2.8134696489912465
416,416,416,2611016,2611,0.0,0.0,0.0,1.0,1.0,0.0,0.0,0.0,2.0,0.0,0.0,1.0,4,0.0322710882462376,1,2,1,0.2742707331138763,-0.3735832795908241,1.0988444427888462,1.0958447106571523
417,417,417,2611017,2611,0.0,3.0,0.0,1.0,0.0,0.0,0.0,3.0,3.0,0.0,0.0,4.0,5,0.4932866346210617,1,2,2,0.2742707331138763,0.599289844343614,0.19962640450010133,1.0958447106571523
418,418,418,2611018,2611,1.0,0.0,1.0,0.0,0.0,1.0,1.0,3.0,3.0,0.0,0.0,3.0,7,1.41531772737071,1,2,3,0.2742707331138763,1.572162968278052,1.0988444427888462,1.0958447106571523
419,419,419,2611019,2611,1.0,1.0,0.0,0.0,0.0,0.0,0.0,2.0,2.0,0.0,0.0,3.0,5,0.4932866346210617,0,2,2,0.2742707331138763,0.599289844343614,-0.6995916337886435,-0.6217802276769422
420,420,420,2611020,2611,1.0,0.0,1.0,1.0,0.0,0.0,0.0,2.0,2.0,0.0,0.0,3.0,6,0.954302180995886,1,3,2,1.29008826316527,0.599289844343614,0.19962640450010133,1.0958447106571523
421,421,421,2611021,2611,0.0,0.0,0.0,0.0,0.0,0.0,0.0,1.0,1.0,0.0,0.0,0.0,2,-0.8897600045034108,0,1,1,-0.7415467969375173,-0.3735832795908241,-0.6995916337886435,-0.6217802276769422
422,422,422,2611024,2611,0.0,3.0,0.0,0.0,0.0,3.0,0.0,3.0,3.0,0.0,0.0,4.0,5,0.4932866346210617,0,1,3,-0.7415467969375173,1.572162968278052,0.19962640450010133,-0.6217802276769422
423,423,423,2611025,2611,0.0,0.0,0.0,0.0,0.0,0.0,0.0,3.0,0.0,0.0,0.0,0.0,1,-1.3507755508782349,0,1,0,-0.7415467969375173,-1.3464564035252622,-0.6995916337886435,-0.6217802276769422
424,424,424,2611026,2611,0.0,0.0,0.0,0.0,0.0,0.0,0.0,3.0,2.0,0.0,0.0,3.0,3,-0.4287444581285865,0,1,1,-0.7415467969375173,-0.3735832795908241,-0.6995916337886435,-0.6217802276769422
425,425,425,2611027,2611,0.0,0.0,0.0,0.0,0.0,0.0,0.0,0.0,0.0,0.0,0.0,4.0,1,-1.3507755508782349,0,0,0,-1.757364326988911,-1.3464564035252622,-0.6995916337886435,-0.6217802276769422
426,426,426,2611028,2611,4.0,0.0,0.0,0.0,0.0,0.0,0.0,4.0,2.0,0.0,0.0,0.0,3,-0.4287444581285865,0,2,1,0.2742707331138763,-0.3735832795908241,-0.6995916337886435,-0.6217802276769422
427,427,427,2611030,2611,4.0,3.0,0.0,0.0,0.0,0.0,2.0,4.0,3.0,0.0,0.0,3.0,6,0.954302180995886,1,2,2,0.2742707331138763,0.599289844343614,0.19962640450010133,1.0958447106571523
428,428,428,2611032,2611,0.0,0.0,0.0,0.0,0.0,0.0,0.0,0.0,0.0,0.0,0.0,0.0,0,-1.811791097253059,0,0,0,-1.757364326988911,-1.3464564035252622,-0.6995916337886435,-0.6217802276769422
429,429,429,2611033,2611,3.0,3.0,0.0,1.0,0.0,1.0,0.0,2.0,3.0,0.0,0.0,2.0,7,1.41531772737071,1,3,3,1.29008826316527,1.572162968278052,1.0988444427888462,1.0958447106571523
430,430,430,2611034,2611,0.0,0.0,0.0,0.0,0.0,0.0,0.0,4.0,1.0,0.0,0.0,3.0,3,-0.4287444581285865,0,1,1,-0.7415467969375173,-0.3735832795908241,-0.6995916337886435,-0.6217802276769422
431,431,431,2611036,2611,4.0,4.0,0.0,1.0,1.0,0.0,0.0,3.0,1.0,0.0,0.0,0.0,6,0.954302180995886,1,4,2,2.3059057932166636,0.599289844343614,1.0988444427888462,1.0958447106571523
432,432,432,2611037,2611,1.0,1.0,0.0,0.0,0.0,0.0,0.0,1.0,1.0,0.0,0.0,0.0,4,0.0322710882462376,0,2,2,0.2742707331138763,0.599289844343614,-0.6995916337886435,-0.6217802276769422
433,433,433,2611038,2611,0.0,0.0,0.0,2.0,0.0,0.0,0.0,3.0,2.0,0.0,0.0,2.0,4,0.0322710882462376,1,2,1,0.2742707331138763,-0.3735832795908241,0.19962640450010133,1.0958447106571523
434,434,434,2611039,2611,0.0,0.0,0.0,0.0,0.0,0.0,0.0,4.0,3.0,0.0,0.0,0.0,2,-0.8897600045034108,0,1,1,-0.7415467969375173,-0.3735832795908241,-0.6995916337886435,-0.6217802276769422
435,435,435,2611040,2611,1.0,0.0,0.0,0.0,1.0,0.0,0.0,3.0,3.0,1.0,0.0,1.0,6,0.954302180995886,0,3,1,1.29008826316527,-0.3735832795908241,1.0988444427888462,-0.6217802276769422
436,436,436,2611041,2611,2.0,0.0,0.0,1.0,1.0,0.0,0.0,3.0,3.0,2.0,0.0,2.0,7,1.41531772737071,1,4,1,2.3059057932166636,-0.3735832795908241,1.998062481077591,1.0958447106571523
437,437,437,2611042,2611,0.0,0.0,0.0,0.0,0.0,0.0,0.0,3.0,0.0,0.0,0.0,2.0,2,-0.8897600045034108,0,1,0,-0.7415467969375173,-1.3464564035252622,-0.6995916337886435,-0.6217802276769422
438,438,438,2611044,2611,2.0,1.0,0.0,2.0,0.0,0.0,0.0,3.0,2.0,0.0,1.0,2.0,7,1.41531772737071,1,3,2,1.29008826316527,0.599289844343614,1.0988444427888462,1.0958447106571523
439,439,439,2611045,2611,0.0,0.0,0.0,0.0,0.0,0.0,0.0,1.0,0.0,0.0,0.0,0.0,1,-1.3507755508782349,0,1,0,-0.7415467969375173,-1.3464564035252622,-0.6995916337886435,-0.6217802276769422
440,440,440,2611046,2611,3.0,3.0,0.0,0.0,0.0,0.0,0.0,2.0,2.0,0.0,0.0,0.0,4,0.0322710882462376,0,2,2,0.2742707331138763,0.599289844343614,-0.6995916337886435,-0.6217802276769422
441,441,441,2611049,2611,0.0,0.0,0.0,0.0,0.0,0.0,0.0,3.0,1.0,0.0,0.0,0.0,2,-0.8897600045034108,0,1,1,-0.7415467969375173,-0.3735832795908241,-0.6995916337886435,-0.6217802276769422
442,442,442,2611051,2611,1.0,0.0,0.0,1.0,1.0,0.0,0.0,2.0,1.0,0.0,0.0,2.0,6,0.954302180995886,1,4,1,2.3059057932166636,-0.3735832795908241,1.0988444427888462,1.0958447106571523
443,443,443,2611052,2611,0.0,0.0,0.0,0.0,0.0,0.0,0.0,4.0,4.0,0.0,0.0,0.0,2,-0.8897600045034108,0,1,1,-0.7415467969375173,-0.3735832795908241,-0.6995916337886435,-0.6217802276769422
444,444,444,2611053,2611,0.0,0.0,0.0,0.0,0.0,0.0,0.0,4.0,4.0,0.0,0.0,0.0,2,-0.8897600045034108,0,1,1,-0.7415467969375173,-0.3735832795908241,-0.6995916337886435,-0.6217802276769422
445,445,445,2611054,2611,0.0,3.0,0.0,0.0,0.0,0.0,0.0,3.0,3.0,0.0,0.0,3.0,4,0.0322710882462376,0,1,2,-0.7415467969375173,0.599289844343614,-0.6995916337886435,-0.6217802276769422
446,446,446,2611056,2611,3.0,3.0,3.0,1.0,2.0,3.0,1.0,4.0,4.0,1.0,0.0,2.0,11,3.259379912870007,1,4,4,2.3059057932166636,2.54503609221249,3.7964985576550805,2.8134696489912465
447,447,447,2611058,2611,4.0,4.0,0.0,2.0,1.0,0.0,1.0,4.0,2.0,0.0,0.0,0.0,7,1.41531772737071,1,4,2,2.3059057932166636,0.599289844343614,1.998062481077591,2.8134696489912465
448,448,448,2611060,2611,1.0,2.0,0.0,0.0,0.0,0.0,0.0,3.0,3.0,0.0,0.0,0.0,4,0.0322710882462376,0,2,2,0.2742707331138763,0.599289844343614,-0.6995916337886435,-0.6217802276769422
449,449,449,2611061,2611,0.0,0.0,0.0,0.0,0.0,0.0,0.0,3.0,0.0,0.0,0.0,0.0,1,-1.3507755508782349,0,1,0,-0.7415467969375173,-1.3464564035252622,-0.6995916337886435,-0.6217802276769422
450,450,450,2611062,2611,0.0,0.0,0.0,0.0,0.0,0.0,0.0,3.0,2.0,0.0,0.0,0.0,2,-0.8897600045034108,0,1,1,-0.7415467969375173,-0.3735832795908241,-0.6995916337886435,-0.6217802276769422
451,451,451,2611063,2611,0.0,0.0,0.0,0.0,0.0,0.0,0.0,3.0,0.0,0.0,0.0,0.0,1,-1.3507755508782349,0,1,0,-0.7415467969375173,-1.3464564035252622,-0.6995916337886435,-0.6217802276769422
452,452,452,2611064,2611,3.0,3.0,1.0,0.0,2.0,3.0,0.0,3.0,3.0,0.0,0.0,4.0,8,1.8763332737455345,0,3,4,1.29008826316527,2.54503609221249,1.0988444427888462,-0.6217802276769422
453,453,453,2611065,2611,4.0,4.0,0.0,0.0,0.0,0.0,2.0,3.0,2.0,3.0,0.0,4.0,7,1.41531772737071,1,2,2,0.2742707331138763,0.599289844343614,1.0988444427888462,1.0958447106571523
454,454,454,2611067,2611,1.0,2.0,1.0,2.0,2.0,1.0,1.0,3.0,3.0,0.0,0.0,2.0,10,2.798364366495183,1,4,4,2.3059057932166636,2.54503609221249,2.897280519366336,2.8134696489912465
455,455,455,2611068,2611,2.0,0.0,0.0,2.0,0.0,0.0,0.0,2.0,2.0,0.0,0.0,4.0,5,0.4932866346210617,1,3,1,1.29008826316527,-0.3735832795908241,0.19962640450010133,1.0958447106571523
456,456,456,2611069,2611,0.0,3.0,3.0,0.0,0.0,0.0,0.0,3.0,0.0,0.0,0.0,3.0,4,0.0322710882462376,0,1,2,-0.7415467969375173,0.599289844343614,-0.6995916337886435,-0.6217802276769422
457,457,457,2611070,2611,0.0,0.0,0.0,2.0,0.0,0.0,0.0,1.0,1.0,0.0,0.0,0.0,3,-0.4287444581285865,1,2,1,0.2742707331138763,-0.3735832795908241,0.19962640450010133,1.0958447106571523
458,458,458,2611071,2611,1.0,1.0,0.0,1.0,0.0,0.0,0.0,1.0,0.0,0.0,0.0,2.0,5,0.4932866346210617,1,3,1,1.29008826316527,-0.3735832795908241,0.19962640450010133,1.0958447106571523
459,459,459,2611072,2611,3.0,0.0,0.0,1.0,1.0,0.0,0.0,4.0,0.0,0.0,0.0,3.0,5,0.4932866346210617,1,4,0,2.3059057932166636,-1.3464564035252622,1.0988444427888462,1.0958447106571523
460,460,460,2611073,2611,3.0,0.0,1.0,0.0,1.0,0.0,0.0,4.0,4.0,0.0,0.0,4.0,6,0.954302180995886,0,3,2,1.29008826316527,0.599289844343614,0.19962640450010133,-0.6217802276769422
461,461,461,2611074,2611,0.0,0.0,0.0,0.0,0.0,0.0,0.0,2.0,2.0,0.0,0.0,3.0,3,-0.4287444581285865,0,1,1,-0.7415467969375173,-0.3735832795908241,-0.6995916337886435,-0.6217802276769422
462,462,462,2611075,2611,3.0,4.0,1.0,1.0,0.0,0.0,0.0,3.0,0.0,0.0,0.0,4.0,6,0.954302180995886,1,3,2,1.29008826316527,0.599289844343614,0.19962640450010133,1.0958447106571523
463,463,463,2611076,2611,2.0,2.0,0.0,1.0,0.0,0.0,0.0,4.0,0.0,0.0,0.0,4.0,5,0.4932866346210617,1,3,1,1.29008826316527,-0.3735832795908241,0.19962640450010133,1.0958447106571523
464,464,464,2611077,2611,4.0,0.0,0.0,0.0,0.0,0.0,0.0,2.0,3.0,0.0,0.0,1.0,4,0.0322710882462376,0,2,1,0.2742707331138763,-0.3735832795908241,-0.6995916337886435,-0.6217802276769422
465,465,465,2611078,2611,1.0,4.0,0.0,2.0,2.0,0.0,1.0,4.0,2.0,0.0,0.0,4.0,8,1.8763332737455345,1,4,2,2.3059057932166636,0.599289844343614,1.998062481077591,2.8134696489912465
466,466,466,2611080,2611,4.0,2.0,0.0,0.0,0.0,0.0,0.0,2.0,0.0,0.0,0.0,0.0,3,-0.4287444581285865,0,2,1,0.2742707331138763,-0.3735832795908241,-0.6995916337886435,-0.6217802276769422
467,467,467,2611081,2611,3.0,2.0,0.0,0.0,0.0,0.0,0.0,3.0,0.0,0.0,0.0,4.0,4,0.0322710882462376,0,2,1,0.2742707331138763,-0.3735832795908241,-0.6995916337886435,-0.6217802276769422
468,468,468,2611083,2611,4.0,2.0,0.0,0.0,0.0,0.0,0.0,4.0,3.0,0.0,0.0,4.0,5,0.4932866346210617,0,2,2,0.2742707331138763,0.599289844343614,-0.6995916337886435,-0.6217802276769422
469,469,469,2611084,2611,4.0,0.0,0.0,0.0,0.0,0.0,0.0,2.0,2.0,0.0,0.0,0.0,3,-0.4287444581285865,0,2,1,0.2742707331138763,-0.3735832795908241,-0.6995916337886435,-0.6217802276769422
470,470,470,2611085,2611,0.0,0.0,0.0,1.0,1.0,0.0,0.0,3.0,0.0,0.0,0.0,0.0,3,-0.4287444581285865,1,3,0,1.29008826316527,-1.3464564035252622,1.0988444427888462,1.0958447106571523
471,471,471,2611086,2611,0.0,0.0,0.0,0.0,0.0,0.0,0.0,0.0,0.0,0.0,0.0,0.0,0,-1.811791097253059,0,0,0,-1.757364326988911,-1.3464564035252622,-0.6995916337886435,-0.6217802276769422
472,472,472,2611087,2611,3.0,3.0,2.0,2.0,2.0,0.0,2.0,2.0,3.0,0.0,0.0,1.0,9,2.3373488201203587,1,4,3,2.3059057932166636,1.572162968278052,1.998062481077591,2.8134696489912465
473,473,473,2611088,2611,0.0,0.0,0.0,0.0,0.0,0.0,0.0,3.0,3.0,0.0,0.0,3.0,3,-0.4287444581285865,0,1,1,-0.7415467969375173,-0.3735832795908241,-0.6995916337886435,-0.6217802276769422
474,474,474,2611089,2611,0.0,4.0,0.0,1.0,0.0,0.0,0.0,4.0,0.0,0.0,0.0,0.0,3,-0.4287444581285865,1,2,1,0.2742707331138763,-0.3735832795908241,0.19962640450010133,1.0958447106571523
475,475,475,2611090,2611,0.0,1.0,0.0,1.0,1.0,1.0,0.0,3.0,2.0,1.0,1.0,3.0,9,2.3373488201203587,1,3,3,1.29008826316527,1.572162968278052,3.7964985576550805,1.0958447106571523
476,476,476,2611091,2611,0.0,3.0,0.0,0.0,1.0,0.0,0.0,3.0,3.0,0.0,0.0,3.0,5,0.4932866346210617,0,2,2,0.2742707331138763,0.599289844343614,0.19962640450010133,-0.6217802276769422
477,477,477,2611092,2611,0.0,4.0,0.0,0.0,0.0,0.0,0.0,4.0,2.0,0.0,0.0,0.0,3,-0.4287444581285865,0,1,2,-0.7415467969375173,0.599289844343614,-0.6995916337886435,-0.6217802276769422
478,478,478,2611093,2611,4.0,4.0,3.0,3.0,2.0,0.0,2.0,4.0,2.0,0.0,0.0,0.0,8,1.8763332737455345,1,4,3,2.3059057932166636,1.572162968278052,1.998062481077591,2.8134696489912465
479,479,479,2611094,2611,4.0,4.0,4.0,4.0,2.0,2.0,2.0,4.0,4.0,1.0,0.0,4.0,11,3.259379912870007,1,4,4,2.3059057932166636,2.54503609221249,3.7964985576550805,2.8134696489912465
480,480,480,2611095,2611,4.0,4.0,2.0,0.0,0.0,1.0,0.0,4.0,3.0,0.0,0.0,4.0,7,1.41531772737071,0,2,4,0.2742707331138763,2.54503609221249,0.19962640450010133,-0.6217802276769422
481,481,481,2611096,2611,0.0,3.0,0.0,0.0,1.0,0.0,0.0,3.0,1.0,0.0,0.0,0.0,4,0.0322710882462376,0,2,2,0.2742707331138763,0.599289844343614,0.19962640450010133,-0.6217802276769422
482,482,482,2611097,2611,4.0,1.0,0.0,0.0,0.0,0.0,0.0,1.0,0.0,0.0,0.0,3.0,4,0.0322710882462376,0,2,1,0.2742707331138763,-0.3735832795908241,-0.6995916337886435,-0.6217802276769422
483,483,483,2611098,2611,0.0,0.0,0.0,0.0,0.0,0.0,0.0,4.0,3.0,0.0,0.0,4.0,3,-0.4287444581285865,0,1,1,-0.7415467969375173,-0.3735832795908241,-0.6995916337886435,-0.6217802276769422
484,484,484,2611099,2611,3.0,3.0,0.0,0.0,0.0,0.0,0.0,4.0,3.0,0.0,0.0,4.0,5,0.4932866346210617,0,2,2,0.2742707331138763,0.599289844343614,-0.6995916337886435,-0.6217802276769422
485,485,485,2611100,2611,4.0,3.0,3.0,0.0,0.0,4.0,0.0,4.0,3.0,2.0,0.0,4.0,8,1.8763332737455345,0,2,4,0.2742707331138763,2.54503609221249,1.0988444427888462,-0.6217802276769422
486,486,486,2611101,2611,0.0,0.0,0.0,0.0,0.0,0.0,0.0,3.0,0.0,0.0,0.0,0.0,1,-1.3507755508782349,0,1,0,-0.7415467969375173,-1.3464564035252622,-0.6995916337886435,-0.6217802276769422
487,487,487,2611102,2611,4.0,4.0,0.0,0.0,0.0,0.0,0.0,2.0,3.0,0.0,0.0,3.0,5,0.4932866346210617,0,2,2,0.2742707331138763,0.599289844343614,-0.6995916337886435,-0.6217802276769422
488,488,488,2611103,2611,2.0,0.0,2.0,0.0,2.0,0.0,0.0,3.0,3.0,0.0,0.0,4.0,6,0.954302180995886,0,3,2,1.29008826316527,0.599289844343614,0.19962640450010133,-0.6217802276769422
489,489,489,2611104,2611,0.0,0.0,0.0,0.0,0.0,0.0,0.0,3.0,3.0,0.0,0.0,0.0,2,-0.8897600045034108,0,1,1,-0.7415467969375173,-0.3735832795908241,-0.6995916337886435,-0.6217802276769422
490,490,490,2611105,2611,0.0,0.0,0.0,0.0,0.0,0.0,1.0,4.0,2.0,0.0,0.0,3.0,4,0.0322710882462376,1,1,1,-0.7415467969375173,-0.3735832795908241,0.19962640450010133,1.0958447106571523
491,491,491,2611106,2611,0.0,0.0,0.0,0.0,0.0,0.0,0.0,0.0,0.0,0.0,0.0,0.0,0,-1.811791097253059,0,0,0,-1.757364326988911,-1.3464564035252622,-0.6995916337886435,-0.6217802276769422
492,492,492,2611109,2611,0.0,1.0,1.0,2.0,0.0,0.0,1.0,2.0,1.0,1.0,0.0,2.0,8,1.8763332737455345,1,2,3,0.2742707331138763,1.572162968278052,1.998062481077591,2.8134696489912465
493,493,493,2611110,2611,1.0,1.0,0.0,0.0,0.0,0.0,0.0,2.0,1.0,0.0,0.0,0.0,4,0.0322710882462376,0,2,2,0.2742707331138763,0.599289844343614,-0.6995916337886435,-0.6217802276769422
494,494,494,2611111,2611,0.0,0.0,0.0,0.0,0.0,0.0,0.0,3.0,0.0,0.0,0.0,0.0,1,-1.3507755508782349,0,1,0,-0.7415467969375173,-1.3464564035252622,-0.6995916337886435,-0.6217802276769422
495,495,495,2611114,2611,3.0,2.0,0.0,0.0,0.0,0.0,0.0,3.0,3.0,0.0,0.0,3.0,5,0.4932866346210617,0,2,2,0.2742707331138763,0.599289844343614,-0.6995916337886435,-0.6217802276769422
496,496,496,2611115,2611,0.0,0.0,0.0,0.0,0.0,0.0,0.0,4.0,0.0,0.0,0.0,0.0,1,-1.3507755508782349,0,1,0,-0.7415467969375173,-1.3464564035252622,-0.6995916337886435,-0.6217802276769422
497,497,497,2611117,2611,0.0,1.0,0.0,0.0,0.0,0.0,0.0,1.0,2.0,0.0,0.0,0.0,3,-0.4287444581285865,0,1,2,-0.7415467969375173,0.599289844343614,-0.6995916337886435,-0.6217802276769422
498,498,498,2611118,2611,0.0,0.0,0.0,0.0,2.0,0.0,0.0,2.0,2.0,0.0,0.0,0.0,3,-0.4287444581285865,0,2,1,0.2742707331138763,-0.3735832795908241,0.19962640450010133,-0.6217802276769422
499,499,499,2611119,2611,0.0,4.0,0.0,0.0,1.0,0.0,1.0,4.0,3.0,0.0,0.0,2.0,6,0.954302180995886,1,2,2,0.2742707331138763,0.599289844343614,1.0988444427888462,1.0958447106571523
