HHID,IWTime,Age,Gender,M_Status,Class,Occupation,livedOutside,WhenMove,MoveHereYear,Caste
2301006,0:10,10,1,0,3,4,0,-1,-1,1
2301006,0:10,40,1,1,9,5,0,-1,2069-02,1
2301006,0:10,43,0,1,9,2,1,-1,-1,1
2301006,0:10,17,0,0,10,4,0,-1,-1,1
2301007,0:10,55,1,1,3,5,1,-1,2059-01,1
2301007,0:10,57,0,1,3,5,1,-1,2059-01,1
2301007,0:10,22,1,1,12,6,0,-1,2076-10,1
2301007,0:10,24,0,0,12,5,0,-1,2059-01,1
2301007,0:10,26,0,1,12,1,0,-1,2059-01,1
2301013,0:06,49,1,1,0,6,0,-1,-1,3
2301013,0:06,51,0,1,7,5,1,-1,-1,3
2301016,0:15,55,1,1,0,5,0,-1,-1,1
2301016,0:15,7,0,0,1,4,0,2072,2076-12,1
2301016,0:15,8,0,0,1,4,0,-1,2076-12,1
2301016,0:15,11,1,0,5,4,0,-1,2076-12,1
2301016,0:15,60,0,1,5,5,0,-1,2029,1
2301016,0:15,14,0,0,8,4,0,2069-01,2076-12,1
2301016,0:15,37,0,1,9,1,0,2069-01,-1,1
2301016,0:15,29,1,1,12,6,0,-1,2068-01,1
2301016,0:15,34,1,1,12,1,0,2069-01,2064-08,1
2301016,0:15,34,0,1,10,5,0,-1,-1,1
2301017,0:05,25,0,0,12,2,0,-1,-1,1
2301017,0:05,47,1,1,10,5,0,-1,2049-06,1
2301021,0:10,1,0,0,0,0,1,2078,0,1
2301021,0:10,51,1,1,5,5,0,-1,2062-11,1
2301021,0:10,27,1,1,12,6,1,2077-06,2071-03,1
2301021,0:10,65,0,1,10,5,0,-1,2018,1
2301021,0:10,6,1,0,NS,4,1,2077-06,-1,1
2301021,0:10,37,0,1,14,2,1,2069-11,-1,1
2301029,0:03,39,1,1,0,5,0,-1,2057-11,1
2301029,0:03,44,0,1,5,2,1,-1,-1,1
2301029,0:03,15,0,0,9,4,0,-1,-1,1
2301029,0:03,20,0,0,12,0,0,-1,-1,1
2301037,0:15,1,1,0,0,0,0,-1,-1,1
2301037,0:15,9,1,0,2,4,0,-1,-1,1
2301037,0:15,65,1,1,5,6,1,-1,2066-02,1
2301037,0:15,77,0,1,8,5,1,-1,2066-02,1
2301037,0:15,29,1,1,12,6,0,-1,2071-11,1
2301037,0:15,31,1,1,12,5,0,-1,2069-11,1
2301037,0:15,36,0,1,12,1,1,-1,2066-02,1
2301037,0:15,32,0,1,16,2,0,-1,2066-02,1
2301037,0:15,6,1,0,KG,4,0,-1,-1,1
2301037,0:15,5,0,0,NS,4,0,-1,-1,1
2301038,0:05,71,1,3,0,6,0,-1,2040-03,3
2301038,0:05,32,0,1,5,2,1,2075-03,-1,3
2301038,0:05,28,1,1,7,5,0,-1,2072- 3,3
2301038,0:05,5,0,0,NS,4,0,-1,-1,3
2301038,0:05,6,1,0,KG,4,0,-1,-1,3
2301041,0:05,50,1,1,3,5,0,-1,2051-05,2
2301041,0:05,60,0,1,6,5,1,-1,2051-05,2
2301041,0:05,30,0,1,10,2,0,-1,2051-05,2
2301041,0:05,30,1,1,10,6,1,2075-02,2070-04,2
2301041,0:05,5,1,0,KG,4,0,-1,-1,2
2301043,0:06,11,1,0,4,4,0,-1,-1,1
2301043,0:06,30,1,1,9,5,0,-1,2068-11,1
2301043,0:06,40,0,1,10,2,1,2078-08,-1,1
2301044,0:05,56,1,3,0,5,0,-1,2030-02,1
2301044,0:05,14,0,0,7,4,0,-1,2073-02,1
2301044,0:05,28,0,1,12,2,1,2070-02,2073-02,1
2301044,0:05,23,1,1,14,6,0,-1,2074-06,1
2301046,0:10,1,0,0,0,0,0,-1,-1,1
2301046,0:10,66,0,3,0,5,0,-1,2036-04,1
2301046,0:10,18,1,0,12,5,0,-1,-1,1
2301046,0:10,26,1,1,12,6,0,-1,2072-08,1
2301046,0:10,27,0,0,12,2,1,2074-05,-1,1
2301046,0:10,31,0,1,10,2,1,2079-01,-1,1
2301046,0:10,6,0,0,NS,4,0,-1,-1,1
2301047,0:07,38,1,3,3,5,0,-1,2064-01,2
2301047,0:07,12,1,0,6,4,0,-1,-1,2
2301047,0:07,20,0,0,12,4,0,-1,2064-01,2
2301047,0:07,18,0,0,10,4,0,-1,2064-01,2
2301048,0:08,45,1,1,0,5,0,-1,2070-01,2
2301048,0:08,46,0,1,5,2,1,2076-11,2070-01,2
2301048,0:08,14,1,0,7,4,0,-1,2070-01,2
2301048,0:08,22,1,0,10,4,0,-1,2070-01,2
2301053,0:10,50,1,1,0,5,0,-1,2034-01,3
2301053,0:10,57,0,1,4,3,0,-1,-1,3
2301053,0:10,31,0,1,5,0,1,-1,-1,3
2301053,0:10,27,1,1,10,6,0,-1,2078-06,3
2301056,0:05,50,1,1,0,5,0,-1,2046-11,3
2301056,0:05,51,0,1,0,3,1,-1,-1,3
2301056,0:05,24,0,0,10,5,1,-1,-1,3
2301057,0:07,2,0,0,0,0,0,-1,-1,3
2301057,0:07,60,1,3,0,5,0,-1,-1,3
2301057,0:07,23,0,0,5,2,0,2072-01,-1,3
2301057,0:07,22,1,1,7,5,0,-1,2073-11,3
2301057,0:07,34,0,1,7,2,1,2078-09,-1,3
2301058,0:05,38,1,1,7,5,0,-1,2056-02,3
2301058,0:05,45,0,1,8,3,1,-1,-1,3
2301058,0:05,16,1,0,9,4,0,-1,-1,3
2301058,0:05,21,0,0,12,2,1,2078-08,-1,3
2301059,0:05,54,0,1,2,5,0,-1,-1,3
2301059,0:05,45,1,1,9,5,0,-1,2053-05,3
2301059,0:05,19,0,0,10,5,0,-1,-1,3
2301059,0:05,24,0,0,10,2,1,2076-10,-1,3
2301060,0:07,14,1,0,7,4,0,-1,-1,3
2301060,0:07,39,1,1,7,5,0,-1,2055-01,3
2301060,0:07,18,0,0,10,4,0,-1,-1,3
2301060,0:07,42,0,1,10,2,1,2074-05,-1,3
2301068,0:04,1,1,0,0,0,0,-1,-1,2
2301068,0:04,7,1,0,1,4,0,-1,-1,2
2301068,0:04,30,1,1,9,5,0,-1,2079-08,2
2301068,0:04,38,0,1,10,5,1,2070-05,2058-09,2
2301069,0:06,52,1,1,0,5,0,-1,2041-11,1
2301069,0:06,60,0,1,9,0,0,-1,2024-05,1
2301069,0:06,20,0,0,10,2,0,-1,-1,1
2301070,0:11,1,1,0,0,0,0,-1,-1,2
2301070,0:11,62,1,1,0,5,0,-1,2072-01,2
2301070,0:11,70,0,1,7,5,1,-1,2072-01,2
2301070,0:11,26,0,0,12,2,1,2075-10,2072-01,2
2301070,0:11,28,1,1,10,5,1,-1,2072-01,2
2301070,0:11,32,0,1,10,2,1,2064-09,2072-01,2
2301070,0:11,6,0,0,NS,4,0,-1,2075-10,2
2301071,0:08,35,1,1,2,5,0,-1,2066-01,2
2301071,0:08,11,0,0,4,4,0,-1,-1,2
2301071,0:08,28,0,1,10,2,1,2075-09,2066-01,2
2301071,0:08,39,0,1,10,5,1,-1,2066-01,2
2301071,0:08,28,1,1,12,5,0,-1,2078-05,2
2301072,0:06,41,1,1,0,5,0,-1,2067-09,2
2301072,0:06,12,0,0,6,4,0,-1,2067-09,2
2301072,0:06,13,1,0,7,4,0,-1,2067-09,2
2301072,0:06,40,0,1,8,5,1,-1,2067-09,2
2301072,0:06,20,0,0,12,4,0,-1,2067-09,2
2301072,0:06,21,0,0,12,4,0,-1,2067-09,2
2301073,0:07,68,1,1,0,6,0,-1,2071-01,1
2301073,0:07,45,1,1,4,5,1,-1,2071-01,1
2301073,0:07,79,0,1,8,0,0,-1,2071-01,1
2301073,0:07,46,0,1,9,1,1,-1,2071-01,1
2301073,0:07,19,0,0,11,4,0,-1,2071-01,1
2301074,0:07,52,1,1,0,5,0,-1,2043-08,3
2301074,0:07,14,0,0,7,4,0,-1,-1,3
2301074,0:07,30,1,1,7,5,0,-1,2064-05,3
2301074,0:07,35,0,1,10,2,1,2077-08,-1,3
2301074,0:07,59,0,1,10,5,1,-1,2043-01,3
2301075,0:07,58,1,1,0,3,0,-1,2037-03,3
2301075,0:07,67,0,1,0,1,0,-1,2020-12,3
2301075,0:07,8,1,0,2,4,0,-1,-1,3
2301075,0:07,37,0,1,5,5,1,2071-05,-1,3
2301075,0:07,24,1,1,8,5,0,-1,2071-06,3
2301086,0:04,49,1,1,0,5,1,-1,2053-08,2
2301086,0:04,55,0,1,4,1,1,-1,-1,2
2301086,0:04,25,1,0,14,2,1,-1,-1,2
2301087,0:06,46,1,1,7,5,0,-1,2058-06,2
2301087,0:06,51,0,1,10,5,1,-1,2058-06,2
2301087,0:06,20,1,0,12,4,0,-1,-1,2
2301087,0:06,26,1,0,14,4,0,-1,-1,2
2301092,0:09,82,0,1,0,5,0,-1,2063-01,1
2301092,0:09,82,1,1,0,5,0,-1,2063-01,1
2301092,0:09,7,0,0,1,4,0,-1,-1,1
2301092,0:09,50,1,1,6,5,0,-1,2063-01,1
2301092,0:09,21,0,0,11,2,1,2078-01,2063-01,1
2301092,0:09,23,1,0,12,2,0,-1,2063-01,1
2301092,0:09,30,1,1,10,5,0,-1,2063-01,1
2301092,0:09,31,0,1,10,5,0,-1,2063-01,1
2301092,0:09,55,0,1,10,5,0,-1,2063-01,1
2301092,0:09,5,1,0,NS,4,0,-1,-1,1
2301093,0:05,71,1,1,0,5,0,-1,2057-02,1
2301093,0:05,75,0,1,10,5,0,-1,2057-02,1
2301093,0:05,33,1,1,12,5,0,-1,2070-08,1
2301093,0:05,43,0,1,12,5,0,-1,2057-02,1
2301093,0:05,7,0,0,KG,4,0,-1,-1,1
2301094,0:07,15,1,0,8,4,0,-1,-1,1
2301094,0:07,41,1,1,9,5,0,-1,2058-03,1
2301094,0:07,19,1,0,11,4,0,-1,-1,1
2301094,0:07,5,0,0,KG,4,0,-1,-1,1
2301094,0:07,45,0,1,10,5,0,-1,2057-03,1
2301096,0:06,70,1,3,0,0,0,-1,2014-09,1
2301096,0:06,7,1,0,1,4,0,-1,-1,1
2301096,0:06,27,1,1,9,5,0,-1,2072-03,1
2301096,0:06,30,0,1,9,2,1,2078-08,-1,1
2301096,0:06,5,1,0,NS,4,0,-1,-1,1
2301099,0:10,41,1,1,2,5,0,-1,-1,2
2301099,0:10,14,0,0,6,4,0,-1,-1,2
2301099,0:10,52,0,1,8,2,1,-1,2032-10,2
2301099,0:10,16,1,0,9,4,0,-1,-1,2
2301099,0:10,19,1,0,12,5,0,-1,-1,2
2301099,0:10,17,1,0,10,4,0,-1,-1,2
2301099,0:10,21,1,0,10,4,0,-1,-1,2
2301100,0:06,89,1,3,0,0,0,-1,2036-10,2
2301100,0:06,13,0,0,7,4,0,-1,-1,2
2301100,0:06,37,1,1,7,5,0,-1,2062-03,2
2301100,0:06,48,0,1,9,5,1,-1,2037-10,2
2301100,0:06,16,1,0,10,4,0,-1,-1,2
2301104,0:04,43,1,1,0,5,1,-1,2072-02,3
2301104,0:04,52,0,1,0,3,1,-1,2072-02,3
2301104,0:04,24,0,0,12,3,0,-1,2072- 02,3
2301105,0:05,40,1,1,4,5,0,-1,2061-02,2
2301105,0:05,10,0,0,5,4,0,-1,-1,2
2301105,0:05,12,1,0,6,4,0,-1,-1,2
2301105,0:05,52,0,1,10,5,1,-1,2061-02,2
2301105,0:05,18,1,0,11,4,0,-1,-1,2
2301108,0:06,50,1,2,0,5,0,-1,2049-01,2
2301108,0:06,18,0,0,9,4,0,-1,-1,2
2301111,0:05,11,0,0,4,4,0,-1,-1,1
2301111,0:05,12,0,0,5,4,0,-1,-1,1
2301111,0:05,31,1,1,7,5,0,-1,2066-06,1
2301111,0:05,36,0,1,11,2,1,2078-09,-1,1
2301113,0:15,1,0,0,0,0,0,-1,-1,2
2301113,0:15,60,1,1,0,5,0,-1,2036-01,2
2301113,0:15,69,0,1,0,5,0,-1,2035-08,2
2301113,0:15,6,1,0,1,4,0,-1,-1,2
2301113,0:15,33,1,1,1,6,0,-1,-1,2
2301113,0:15,9,1,0,3,4,0,-1,-1,2
2301113,0:15,31,0,1,4,2,0,-1,-1,2
2301113,0:15,15,0,0,9,4,0,-1,2064-04,1
2301113,0:15,26,0,0,10,2,0,-1,-1,2
2301113,0:15,30,0,0,12,0,1,-1,-1,2
2301113,0:15,4,1,0,NS,4,0,-1,-1,2
2301116,0:10,30,1,1,0,5,0,-1,2064-01,2
2301116,0:10,69,0,3,0,5,0,-1,2026-07,2
2301116,0:10,28,1,0,2,2,1,2069-02,-1,2
2301116,0:10,11,0,0,3,4,0,-1,-1,2
2301116,0:10,35,0,1,3,2,1,-1,-1,2
2301116,0:10,14,1,0,8,4,0,-1,-1,2
2301116,0:10,18,1,0,11,4,0,-1,-1,2
2301122,0:04,3,0,0,0,0,0,-1,-1,2
2301122,0:04,23,1,1,9,5,0,-1,-1,2
2301122,0:04,34,0,1,10,3,1,2078-09,-1,2
2301124,0:06,42,0,1,5,2,1,2075-04,-1,2
2301124,0:06,34,1,1,7,5,0,-1,2060-02,2
2301124,0:06,16,1,0,10,4,0,-1,-1,2
2301124,0:06,4,0,0,NS,4,0,-1,-1,2
2301125,0:07,47,1,1,4,5,1,-1,2057-01,1
2301125,0:07,22,0,0,12,0,0,-1,2057-01,1
2301125,0:07,28,1,0,12,5,1,-1,2057-01,1
2301125,0:07,25,1,0,10,2,1,2075-08,2057-01,1
2301126,0:07,4,0,0,1,4,0,-1,-1,2
2301126,0:07,85,0,1,4,0,0,-1,2035-01,2
2301126,0:07,44,0,1,8,5,1,-1,2035-01,2
2301126,0:07,16,0,0,9,4,0,-1,-1,2
2301126,0:07,29,1,1,10,2,1,2078-10,2070-11,2
2301127,0:07,14,1,0,8,4,0,-1,2077-01,1
2301127,0:07,43,1,1,9,5,0,-1,2077-01,1
2301127,0:07,54,0,1,11,5,0,-1,2077-01,1
2301127,0:07,25,0,0,14,2,0,-1,2077-01,1
2301128,0:06,40,0,1,2,3,0,-1,2061-06,3
2301128,0:06,9,1,0,3,4,0,-1,-1,3
2301128,0:06,45,1,1,6,5,0,-1,2061-06,3
2301128,0:06,14,1,0,8,4,0,-1,-1,3
2301128,0:06,18,1,0,11,4,0,-1,-1,3
2301129,0:13,43,1,1,0,5,0,2074-02,2064-02,1
2301129,0:13,52,0,1,4,5,0,-1,2064-02,1
2301129,0:13,23,0,1,5,3,0,-1,2064-02,1
2301129,0:13,18,0,0,6,3,0,-1,2064-02,1
2301129,0:13,17,0,0,9,4,0,2077-12,2064-02,1
2301129,0:13,19,1,1,10,6,0,-1,2077-08,1
2301130,0:06,9,1,0,3,4,0,-1,2072-06,1
2301130,0:06,29,1,1,10,5,0,-1,2072-06,1
2301130,0:06,39,0,1,10,2,0,2075-02,2072-06,1
2301130,0:06,3,0,0,PG,4,0,-1,-1,1
2301132,0:10,49,1,3,0,5,0,-1,2052-01,1
2301132,0:10,15,0,0,8,4,0,-1,-1,1
2301132,0:10,22,1,0,12,0,0,-1,-1,1
2301132,0:10,25,0,2,10,2,0,2072-06,-1,1
2304001,0:05,37,0,1,0,5,0,-1,-1,1
2304001,0:05,73,1,1,0,5,0,-1,2022-11,1
2304001,0:05,75,0,1,0,5,0,-1,2022-11,1
2304001,0:05,43,1,1,7,5,1,-1,-1,1
2304002,0:04,50,1,1,0,5,0,-1,2044-11,1
2304002,0:04,60,0,1,8,5,1,-1,-1,1
2304003,0:09,67,1,1,0,5,0,-1,2020-01,1
2304003,0:09,79,0,1,0,0,0,-1,2009-02,1
2304003,0:09,14,1,0,7,4,0,-1,-1,1
2304003,0:09,41,0,1,8,2,1,2078-08,-1,1
2304003,0:09,37,1,1,10,5,0,-1,2059-10,1
2304003,0:09,18,1,0,11,4,0,-1,-1,1
2304004,0:04,47,1,1,8,5,0,-1,2049-03,1
2304004,0:04,53,0,1,8,5,1,-1,-1,1
2304006,0:09,75,1,1,0,0,0,-1,2011-01,3
2304006,0:09,82,0,1,0,0,0,-1,2011-01,3
2304006,0:09,10,1,0,3,4,0,-1,2070-10,3
2304006,0:09,31,1,1,5,5,1,-1,2070-10,3
2304006,0:09,14,1,0,7,4,0,-1,2070-10,3
2304006,0:09,34,0,1,7,2,1,2059-05,2070-10,3
2304006,0:09,5,0,0,NS,4,0,-1,-1,3
2304007,0:07,64,1,3,0,0,0,-1,2020-01,1
2304007,0:07,89,1,3,0,0,0,-1,2020-01,1
2304007,0:07,14,0,0,7,4,0,-1,-1,1
2304007,0:07,40,0,1,8,5,1,-1,-1,1
2304007,0:07,38,1,1,10,5,0,-1,2058-11,1
2304007,0:07,19,0,0,12,4,0,-1,-1,1
2304009,0:06,65,1,1,0,5,0,-1,2037-10,1
2304009,0:06,70,0,1,0,5,0,-1,2030-06,1
2304009,0:06,27,1,1,10,6,0,-1,2072-02,1
2304009,0:06,35,0,1,12,2,0,-1,-1,1
2304009,0:06,6,0,0,NS,4,0,-1,-1,1
2304010,0:10,56,1,1,0,5,0,-1,2048-11,4
2304010,0:10,57,0,1,6,5,0,-1,-1,4
2304010,0:10,21,0,0,12,4,0,-1,-1,4
2304010,0:10,23,1,0,12,4,0,-1,-1,4
2304010,0:10,27,1,0,12,4,0,-1,-1,4
2304010,0:10,30,1,0,14,4,0,-1,-1,4
2304011,0:09,2,0,0,0,0,0,-1,-1,1
2304011,0:09,64,1,1,0,5,0,-1,2023-06,1
2304011,0:09,66,0,1,0,5,0,-1,2030-11,1
2304011,0:09,9,1,0,1,4,0,-1,-1,1
2304011,0:09,13,1,0,7,4,0,-1,2067-05,1
2304011,0:09,36,1,1,12,2,0,-1,2069-03,1
2304011,0:09,40,0,1,12,2,0,-1,-1,1
2304014,0:07,55,1,1,8,5,0,-1,2043-10,1
2304014,0:07,31,0,0,12,2,1,2074-05,-1,1
2304014,0:07,59,0,1,12,5,0,-1,-1,1
2304014,0:07,33,0,1,14,2,0,2068-05,-1,1
2304014,0:07,30,1,1,16,2,0,2078-01,2077-08,1
2304015,0:07,65,1,3,0,5,0,-1,2030-11,1
2304015,0:07,12,0,0,6,4,0,-1,-1,1
2304015,0:07,17,1,0,12,4,0,-1,-1,1
2304015,0:07,38,1,1,10,5,0,-1,2059-11,1
2304015,0:07,42,0,1,10,2,1,2066-09,-1,1
2304020,0:10,61,1,1,0,5,0,-1,2038-02,3
2304020,0:10,65,0,1,0,5,0,-1,2019,3
2304020,0:10,31,0,2,6,2,0,-1,-1,3
2304020,0:10,6,0,0,NS,4,0,-1,-1,3
2304021,0:05,38,0,1,3,2,1,2075-04,-1,3
2304021,0:05,11,1,0,6,4,0,-1,-1,3
2304021,0:05,37,1,1,6,5,0,-1,-1,3
2304021,0:05,13,0,0,7,4,0,-1,-1,3
2304021,0:05,18,0,0,9,4,0,-1,-1,3
2304022,0:06,4,0,0,0,0,0,-1,-1,3
2304022,0:06,43,1,1,0,5,0,-1,2049-04,3
2304022,0:06,50,0,1,0,5,1,-1,-1,3
2304022,0:06,20,0,0,10,4,0,-1,-1,3
2304024,0:05,36,0,1,7,2,1,-1,-1,5
2304024,0:05,35,1,1,8,5,0,-1,2065-01,5
2304025,0:03,1,1,0,0,0,0,-1,-1,5
2304025,0:03,28,1,1,10,6,0,-1,2072-05,5
2304025,0:03,30,0,1,10,5,1,-1,-1,5
2304025,0:03,7,1,0,KG,4,0,-1,-1,5
2304026,0:07,40,0,1,0,3,0,-1,2045-02,5
2304026,0:07,36,1,1,6,5,0,-1,2058-03,5
2304026,0:07,18,0,0,7,3,0,-1,-1,5
2304027,0:07,12,0,0,5,4,0,-1,-1,1
2304027,0:07,15,0,0,8,4,0,-1,-1,1
2304027,0:07,33,1,1,9,5,0,-1,2063-03,1
2304027,0:07,39,0,1,9,2,1,-1,-1,1
2304028,0:06,39,1,1,4,5,0,-1,2060-11,1
2304028,0:06,15,0,0,8,4,0,-1,-1,1
2304028,0:06,17,0,0,9,4,0,-1,-1,1
2304028,0:06,44,0,1,10,1,1,-1,-1,1
2304029,0:04,7,1,0,1,4,0,-1,-1,1
2304029,0:04,10,1,0,5,4,0,-1,-1,1
2304029,0:04,30,1,1,10,5,0,-1,2059-02,1
2304029,0:04,32,0,1,10,1,0,-1,-1,1
2304030,0:10,40,1,1,6,6,0,-1,2048-10,1
2304030,0:10,49,0,1,7,5,0,-1,-1,1
2304030,0:10,26,0,0,12,2,0,-1,-1,1
2304031,0:05,2,1,0,0,0,0,-1,-1,5
2304031,0:05,29,1,1,3,5,0,-1,2076-11,5
2304031,0:05,29,0,1,7,2,0,-1,-1,5
2304032,0:06,38,0,3,0,2,0,-1,-1,5
2304032,0:06,15,1,0,8,4,0,-1,-1,5
2304032,0:06,19,0,0,10,2,0,-1,-1,5
2304033,0:08,58,1,1,0,5,0,-1,2035-11,1
2304033,0:08,72,0,1,0,5,0,-1,2017-10,1
2304033,0:08,31,0,1,16,2,0,-1,-1,1
2304033,0:08,27,0,0,10,2,1,2078-05,-1,1
2304033,0:08,29,0,0,14,2,0,-1,-1,1
2304034,0:04,55,1,1,7,5,1,-1,2048-02,1
2304034,0:04,58,0,1,10,5,1,-1,2048-02,1
2304034,0:04,18,0,0,11,4,0,-1,-1,1
2304034,0:04,28,0,0,14,4,1,2073-01,-1,1
2304035,0:06,48,1,1,4,5,0,-1,2047-11,1
2304035,0:06,50,0,1,9,5,0,-1,2046-10,1
2304035,0:06,27,0,0,14,4,0,-1,-1,1
2304035,0:06,28,0,0,14,4,0,-1,-1,1
2304036,0:04,47,1,3,0,5,0,-1,2046-01,1
2304036,0:04,22,1,1,10,5,0,-1,2073-06,1
2304036,0:04,26,0,1,12,5,0,-1,-1,1
2304036,0:04,4,1,0,NS,4,0,-1,-1,1
2304037,0:05,45,1,1,7,5,0,-1,-1,1
2304037,0:05,48,0,1,10,5,1,-1,-1,1
2304037,0:05,21,0,0,12,4,0,-1,-1,1
2304037,0:05,25,0,0,12,4,0,-1,-1,1
2304038,0:08,62,0,1,3,1,0,-1,2022-11,1
2304038,0:08,57,1,1,8,5,0,-1,2041-08,1
2304039,0:07,60,1,3,0,5,0,-1,2020-02,1
2304039,0:07,9,0,0,4,4,0,-1,-1,1
2304039,0:07,13,0,0,7,4,0,-1,-1,1
2304039,0:07,41,0,1,9,1,1,-1,-1,1
2304039,0:07,40,1,1,10,6,0,-1,2064-10,1
2304040,0:08,60,1,1,5,6,0,-1,2032-01,1
2304040,0:08,62,0,1,12,5,0,-1,2018-02,1
2304040,0:08,26,1,1,14,2,0,-1,2076-11,1
2304040,0:08,32,0,1,14,2,0,-1,-1,1
2304041,0:07,64,1,1,0,5,0,-1,2066-12,1
2304041,0:07,73,0,1,5,5,1,-1,2066-12,1
2304041,0:07,31,0,1,11,2,1,2075-10,2066-12,1
2304041,0:07,31,1,1,11,2,1,2077-09,2071-06,1
2304041,0:07,26,0,0,12,2,1,2076-10,2066-12,1
2304043,0:09,12,0,0,5,4,0,-1,-1,1
2304043,0:09,37,1,1,8,5,0,-1,2057-10,1
2304043,0:09,18,1,0,12,4,0,-1,-1,1
2304043,0:09,47,0,1,10,5,0,-1,-1,1
2304044,0:07,92,1,3,0,0,0,-1,2022,1
2304044,0:07,8,0,0,2,4,0,-1,-1,1
2304044,0:07,11,1,0,6,4,0,-1,-1,1
2304044,0:07,28,0,1,9,1,1,-1,-1,1
2304044,0:07,38,0,1,9,2,0,-1,2069-01,6
2304044,0:07,39,1,1,9,5,0,-1,2055-10,1
2304044,0:07,47,0,1,9,1,1,-1,-1,1
2304044,0:07,22,1,1,12,6,0,-1,2078-10,1
2304044,0:07,17,1,0,10,4,0,-1,-1,1
2304045,0:07,2,1,0,0,0,0,-1,-1,1
2304045,0:07,45,1,0,5,5,0,-1,2048-11,1
2304045,0:07,52,0,0,6,5,0,-1,-1,1
2304045,0:07,28,0,1,8,5,1,-1,-1,1
2304045,0:07,29,0,0,10,5,1,-1,-1,1
2304045,0:07,22,1,0,11,5,0,-1,2075-10,1
2304045,0:07,22,1,0,12,5,0,-1,2077-10,1
2304046,0:06,13,1,0,9,4,0,-1,-1,1
2304046,0:06,19,0,0,12,4,0,-1,-1,1
2304046,0:06,22,0,0,12,4,0,-1,-1,1
2304046,0:06,42,1,1,10,5,0,-1,2058-02,1
2304046,0:06,45,0,1,10,5,0,-1,-1,1
2304049,0:10,66,1,1,0,5,0,-1,2030-08,1
2304049,0:10,79,0,1,0,5,0,-1,2019-12,1
2304049,0:10,16,0,0,10,4,0,-1,-1,1
2304049,0:10,20,1,0,10,4,0,-1,-1,1
2304049,0:10,44,1,1,10,6,0,-1,2055-01,1
2304049,0:10,45,0,1,10,3,1,-1,-1,1
2304050,0:04,61,1,1,0,5,0,-1,2042-01,1
2304050,0:04,68,0,1,8,5,0,-1,2042-01,1
2304051,0:08,9,0,0,3,4,0,-1,-1,4
2304051,0:08,38,1,1,7,5,0,-1,-1,4
2304051,0:08,50,0,1,9,2,1,-1,2060-08,4
2304052,0:06,7,0,0,1,4,0,-1,-1,1
2304052,0:06,16,0,0,9,4,0,-1,2070-01,1
2304052,0:06,38,0,1,9,2,0,2072-03,2070-01,1
2304052,0:06,35,1,1,10,5,0,-1,-1,1
2304053,0:10,56,1,1,0,0,0,-1,-1,1
2304053,0:10,60,0,1,0,5,0,-1,2024,1
2304053,0:10,11,0,0,5,4,0,-1,-1,1
2304053,0:10,30,0,1,7,3,0,-1,-1,1
2304053,0:10,27,1,1,10,6,0,-1,2067-03,1
2304053,0:10,5,1,0,NS,4,0,-1,-1,1
2304055,0:06,49,0,1,0,3,0,-1,-1,1
2304055,0:06,38,1,1,3,5,0,-1,-1,1
2304055,0:06,18,1,0,11,4,0,-1,-1,1
2304055,0:06,20,0,0,12,0,0,-1,-1,1
2304056,0:06,60,0,1,5,5,0,-1,-1,1
2304056,0:06,40,1,1,8,5,1,-1,2056-08,1
2304056,0:06,16,0,0,10,4,1,-1,2065-01,1
2304056,0:06,18,1,0,10,4,1,-1,2065-01,1
2304059,0:10,69,1,1,0,5,0,-1,2017-08,1
2304059,0:10,79,0,1,0,5,0,-1,2030-11,1
2304059,0:10,15,0,0,9,4,0,-1,-1,1
2304059,0:10,19,1,0,12,4,0,-1,-1,1
2304059,0:10,40,1,1,10,1,0,-1,2059-02,1
2304059,0:10,43,0,1,10,1,0,2075-01,-1,1
2304064,0:08,2,0,0,0,0,0,-1,-1,2
2304064,0:08,48,1,1,7,5,0,-1,2051-08,3
2304064,0:08,49,0,1,8,2,1,2065-01,-1,2
2304064,0:08,17,1,0,12,4,0,-1,-1,2
2304064,0:08,21,1,1,12,6,0,-1,2074-06,1
2304064,0:08,22,0,1,12,0,0,-1,-1,2
2304065,0:09,1,1,0,0,0,0,-1,-1,1
2304065,0:09,31,1,1,3,5,0,-1,-1,1
2304065,0:09,14,1,0,8,4,0,-1,-1,1
2304065,0:09,46,0,1,8,2,1,-1,-1,1
2304065,0:09,20,0,1,12,2,0,-1,-1,1
2304065,0:09,20,1,1,10,6,0,-1,2077-09,1
2304070,0:15,56,1,1,0,5,1,-1,2038-10,3
2304070,0:15,67,0,1,0,5,1,-1,2021-11,3
2304070,0:15,32,1,1,5,2,1,2076-03,2061-06,3
2304070,0:15,13,1,0,8,4,0,-1,-1,3
2304070,0:15,40,0,1,8,2,1,2055-10,-1,3
2304070,0:15,16,0,0,10,4,0,-1,-1,3
2304070,0:15,31,1,1,12,2,1,2069-02,0,3
2304070,0:15,32,0,1,10,2,1,2069-02,-1,3
2304071,0:07,76,1,1,0,5,0,-1,2030-11,1
2304071,0:07,77,0,1,0,5,1,-1,2030-11,1
2304072,0:06,62,1,1,0,0,0,-1,2035-10,3
2304072,0:06,37,1,1,5,5,0,-1,2058-01,3
2304072,0:06,41,0,1,6,2,1,2064-10,-1,3
2304072,0:06,15,1,0,9,4,0,-1,-1,3
2304072,0:06,18,0,0,10,4,0,-1,-1,3
2304075,0:10,60,1,1,0,5,0,-1,2030-08,3
2304075,0:10,63,0,1,0,5,0,-1,2024-01,3
2304075,0:10,36,0,1,5,0,0,-1,-1,3
2304075,0:10,12,0,0,7,4,0,-1,-1,3
2304075,0:10,16,1,0,9,4,0,-1,-1,3
2304076,0:06,1,0,0,0,0,0,-1,-1,5
2304076,0:06,35,0,1,6,2,1,2079-01,-1,5
2304076,0:06,14,0,0,7,4,0,-1,-1,5
2304076,0:06,14,0,0,7,4,0,-1,2076-11,2
2304076,0:06,32,1,1,7,5,0,-1,2076-11,2
2304083,0:07,57,1,1,0,6,0,-1,2037-10,1
2304083,0:07,7,0,0,3,4,0,-1,-1,1
2304083,0:07,66,0,1,3,5,0,-1,2027-11,1
2304083,0:07,10,1,0,5,4,0,-1,-1,1
2304083,0:07,32,1,1,10,6,0,-1,2067-03,1
2304083,0:07,49,0,1,10,2,1,-1,-1,1
2304084,0:05,10,1,0,6,4,0,-1,-1,1
2304084,0:05,35,1,1,8,5,0,-1,2068-11,1
2304084,0:05,30,0,1,10,2,1,2071-06,-1,1
2304085,0:10,2,0,0,0,0,0,-1,-1,5
2304085,0:10,61,1,1,0,5,0,-1,-1,5
2304085,0:10,64,0,1,0,5,0,-1,-1,5
2304085,0:10,38,1,1,4,2,0,-1,2055-02,5
2304085,0:10,22,0,1,8,2,1,-1,-1,5
2304085,0:10,40,0,1,8,2,1,2062-02,-1,5
2304085,0:10,22,1,1,9,6,0,-1,2075-08,5
2304085,0:10,24,1,0,12,2,0,-1,-1,5
2304086,0:07,12,1,0,5,4,0,-1,-1,5
2304086,0:07,38,1,1,5,5,0,-1,2058-01,5
2304086,0:07,14,1,0,6,4,0,-1,-1,5
2304086,0:07,19,0,0,8,2,0,-1,-1,5
2304086,0:07,43,0,1,8,5,1,-1,-1,5
2304086,0:07,17,0,0,11,4,0,-1,-1,5
2304087,0:13,55,1,3,0,5,0,-1,2040-11,5
2304087,0:13,5,1,0,1,4,1,2075-10,-1,5
2304087,0:13,12,1,0,6,4,0,2067-09,2067-09,5
2304087,0:13,12,0,0,6,4,0,-1,2078-01,5
2304087,0:13,35,0,1,7,2,1,2069-10,-1,5
2304087,0:13,33,0,1,10,5,1,-1,-1,5
2304087,0:13,27,1,1,12,2,1,2075-10,2073-06,5
2304087,0:13,30,1,1,12,2,0,2066-08,2066-08,5
2304089,0:09,75,1,3,0,0,0,-1,2018-08,5
2304089,0:09,12,0,0,5,4,0,-1,-1,5
2304089,0:09,37,1,3,6,2,0,-1,2058-06,5
2304089,0:09,15,1,0,7,4,0,-1,-1,5
2304089,0:09,18,1,0,10,4,0,-1,-1,5
2304090,0:08,1,0,0,0,0,0,-1,-1,5
2304090,0:08,70,1,3,0,0,0,-1,2017-02,5
2304090,0:08,21,0,1,6,3,1,-1,-1,5
2304090,0:08,42,1,1,7,2,1,2074-04,2057-02,5
2304090,0:08,48,0,1,7,5,1,-1,-1,5
2304090,0:08,19,0,0,8,3,1,-1,-1,5
2304090,0:08,20,1,1,9,5,0,-1,2078-08,5
2304091,0:08,3,1,0,0,0,0,-1,-1,5
2304091,0:08,28,1,0,0,2,1,2078-02,-1,5
2304091,0:08,45,1,1,0,5,0,-1,2050-03,5
2304091,0:08,28,0,1,6,3,0,-1,-1,5
2304091,0:08,50,0,1,7,2,0,-1,2045-02,5
2304091,0:08,28,1,1,12,5,0,-1,2075-12,5
2304092,0:04,48,1,1,4,5,0,-1,2054-10,5
2304092,0:04,52,0,1,7,5,1,-1,-1,5
2304092,0:04,16,0,0,9,4,0,-1,-1,5
2304092,0:04,22,1,0,12,0,0,-1,-1,5
2304094,0:05,1,0,0,0,0,0,-1,-1,5
2304094,0:05,50,1,1,0,5,0,-1,2038-11,5
2304094,0:05,60,0,1,8,5,0,-1,-1,5
2304094,0:05,16,0,0,9,4,0,-1,-1,5
2304094,0:05,21,1,1,12,6,0,-1,2077-10,5
2304094,0:05,30,0,1,12,2,1,2077-10,-1,5
2304098,0:05,48,1,1,0,5,0,-1,2064-06,4
2304098,0:05,15,1,0,10,4,0,-1,-1,4
2304098,0:05,64,0,1,10,5,0,-1,2064-06,4
2304103,0:07,59,0,1,0,5,0,-1,-1,1
2304103,0:07,59,1,1,0,5,0,-1,-1,1
2304103,0:07,12,1,0,7,4,0,-1,-1,1
2304103,0:07,31,1,1,10,5,0,-1,2062-01,1
2304103,0:07,37,0,1,10,2,1,2067-03,-1,1
2304103,0:07,17,0,0,11,4,0,-1,-1,1
2304105,0:05,34,0,1,6,2,1,2079-01,-1,1
2304105,0:05,33,1,1,7,5,1,-1,2073-08,1
2304105,0:05,3,0,0,KG,4,0,-1,-1,1
2304110,0:12,61,0,1,0,5,0,-1,2020-03,3
2304110,0:12,63,0,1,0,5,0,-1,2020-03,3
2304110,0:12,40,1,0,5,5,0,-1,-1,3
2304110,0:12,12,0,0,6,4,0,-1,2071-12,3
2304110,0:12,26,1,0,9,3,0,-1,-1,3
2304110,0:12,20,0,0,10,0,0,-1,-1,3
2304110,0:12,22,0,0,12,3,0,-1,-1,3
2304110,0:12,29,0,0,12,3,0,-1,-1,3
2304111,0:10,52,1,1,0,5,1,-1,2042-06,3
2304111,0:10,8,0,0,2,4,0,-1,-1,3
2304111,0:10,59,0,1,4,2,1,2072-02,-1,3
2304111,0:10,13,1,0,6,4,0,-1,-1,3
2304111,0:10,26,1,1,9,5,0,-1,-1,3
2304111,0:10,32,0,1,12,2,1,2074-05,-1,3
2304112,0:06,6,1,0,1,4,0,-1,-1,3
2304112,0:06,27,1,1,8,2,1,2078-06,-1,3
2304112,0:06,33,0,1,9,5,0,-1,2071,3
2304118,0:05,1,0,0,0,0,0,-1,-1,1
2304118,0:05,27,1,1,12,5,0,-1,2071-11,1
2304118,0:05,33,0,1,12,2,0,2077-03,-1,1
2304118,0:05,6,0,0,NS,4,0,-1,-1,1
2304119,0:08,60,1,3,0,5,0,-1,-1,5
2304119,0:08,21,0,0,5,0,0,-1,-1,5
2304119,0:08,28,1,0,9,1,0,-1,-1,5
2304119,0:08,18,0,0,12,4,0,-1,-1,5
2304121,0:10,72,1,3,0,0,1,-1,2066-01,1
2304121,0:10,8,0,0,3,4,0,-1,-1,1
2304121,0:10,12,0,0,6,4,0,-1,-1,1
2304121,0:10,15,1,0,9,4,0,-1,2066-01,1
2304121,0:10,47,1,1,10,6,0,-1,2066-01,1
2304121,0:10,49,0,1,10,5,1,-1,2066-01,1
2304121,0:10,21,1,0,14,4,0,2077-10,2066-01,1
2304122,0:05,59,1,1,0,5,0,-1,2020-05,4
2304122,0:05,29,0,0,12,5,0,-1,-1,4
2304122,0:05,59,0,1,10,5,0,-1,2020-05,4
2304123,0:05,26,0,0,12,5,0,-1,-1,1
2304123,0:05,57,0,1,12,5,0,-1,2065-07,1
2304123,0:05,55,1,1,10,6,0,-1,2065-07,1
2304124,0:11,70,1,3,0,0,0,-1,2075-07,1
2304124,0:11,12,0,0,6,4,0,-1,2075-07,1
2304124,0:11,36,1,1,9,5,0,-1,2075-07,1
2304124,0:11,40,0,1,10,2,1,2064-03,2075-07,1
2304124,0:11,17,0,0,11,4,0,-1,2075-07,1
2304126,0:11,53,1,3,3,5,0,-1,2058-10,1
2304126,0:11,24,1,1,12,6,0,-1,2078-10,1
2304126,0:11,24,0,0,12,4,1,2072-01,2058-10,1
2304126,0:11,27,0,1,12,2,0,2078-09,2058-10,1
2304130,0:08,8,0,0,1,4,0,-1,-1,1
2304130,0:08,12,0,0,6,4,0,-1,-1,1
2304130,0:08,35,1,1,14,1,0,-1,2065-08,1
2304130,0:08,43,0,1,10,5,1,-1,-1,1
2304131,0:12,71,1,1,0,5,0,-1,2039-10,1
2304131,0:12,11,0,0,5,4,0,-1,-1,1
2304131,0:12,82,0,1,5,5,0,-1,2039-10,1
2304131,0:12,15,0,0,9,4,1,2064-03,2066-02,1
2304131,0:12,35,1,1,10,2,1,2072-10,2066-11,1
2304131,0:12,40,1,1,10,1,1,2062-08,2062-07,1
2304131,0:12,40,0,1,10,2,1,2066-02,-1,1
2304131,0:12,42,0,1,12,2,1,2060-11,2039-10,1
2304132,0:04,48,0,1,3,2,1,2057-02,2039-10,1
2304132,0:04,40,1,1,4,5,0,-1,2058-11,1
2304132,0:04,17,0,0,9,4,0,-1,-1,1
2304133,0:07,1,1,0,0,0,0,-1,-1,1
2304133,0:07,62,1,1,0,5,0,-1,2035-10,1
2304133,0:07,78,1,3,0,0,0,-1,2035-10,1
2304133,0:07,65,0,1,8,5,1,-1,2035-10,1
2304133,0:07,28,1,1,14,6,0,-1,2071-06,1
2304133,0:07,33,0,1,10,1,1,-1,-1,1
2304134,0:07,10,0,0,3,4,0,-1,-1,1
2304134,0:07,14,1,0,7,4,0,-1,-1,1
2304134,0:07,37,1,1,8,5,0,-1,2065-10,1
2304134,0:07,37,0,1,8,2,1,2071-08,-1,1
2304134,0:07,17,1,0,9,4,0,-1,-1,1
2304135,0:05,19,0,0,0,0,0,-1,-1,1
2304135,0:05,15,0,0,9,4,0,-1,-1,1
2304135,0:05,43,1,1,16,2,0,-1,2056-03,1
2304135,0:05,49,0,1,16,2,0,-1,-1,1
2304136,0:18,2,0,0,0,0,0,-1,-1,1
2304136,0:18,2,0,0,0,0,0,-1,-1,1
2304136,0:18,10,1,0,4,4,0,-1,-1,1
2304136,0:18,60,1,1,4,0,1,-1,2039-01,1
2304136,0:18,11,1,0,5,4,0,-1,-1,1
2304136,0:18,34,1,1,12,4,0,-1,2065-11,1
2304136,0:18,35,0,1,12,2,1,-1,-1,1
2304136,0:18,39,0,1,12,2,1,-1,2040-02,1
2304136,0:18,34,1,1,16,6,0,-1,2066-08,1
2304136,0:18,62,0,1,10,0,1,-1,2017-09,1
2304139,0:05,26,0,0,12,2,1,2076-11,-1,1
2304139,0:05,50,1,1,10,5,0,-1,2044-11,1
2304139,0:05,52,0,1,10,5,0,-1,-1,1
2304140,0:09,54,1,1,0,5,0,-1,2042-08,1
2304140,0:09,63,0,1,0,5,1,-1,2042-08,1
2304140,0:09,5,0,0,1,4,0,-1,-1,1
2304140,0:09,32,1,1,16,6,0,-1,2070-10,1
2304140,0:09,36,0,1,16,2,0,-1,-1,1
2304140,0:09,3,0,0,NS,4,0,-1,-1,1
2304141,0:10,2,1,0,0,0,0,-1,-1,1
2304141,0:10,60,1,1,0,5,0,-1,2040-01,1
2304141,0:10,65,0,1,3,5,0,-1,2040-01,1
2304141,0:10,28,1,1,14,6,0,-1,2073-08,1
2304141,0:10,31,0,1,14,2,0,-1,-1,1
2304141,0:10,4,0,0,NS,4,0,-1,-1,1
2304146,0:08,2,0,0,0,0,0,-1,-1,1
2304146,0:08,61,0,1,2,1,0,-1,-1,1
2304146,0:08,53,1,1,4,5,0,-1,-1,1
2304146,0:08,30,1,1,12,5,0,-1,2073-01,1
2304146,0:08,31,0,1,12,2,1,-1,-1,1
2304146,0:08,6,1,0,KG,4,0,-1,-1,1
2304147,0:06,14,1,0,7,4,0,-1,-1,1
2304147,0:06,44,0,1,10,5,1,-1,-1,1
2304147,0:06,18,0,0,10,4,0,2077-02,-1,1
2304147,0:06,39,1,1,10,5,0,-1,2059-10,1
2304148,0:05,9,0,0,3,4,0,-1,-1,1
2304148,0:05,45,0,1,8,5,0,-1,-1,1
2304148,0:05,42,1,1,10,5,0,-1,2053-11,1
2304149,0:05,50,0,1,9,5,1,-1,-1,1
2304149,0:05,21,0,0,12,4,0,-1,-1,1
2304149,0:05,44,1,1,10,5,0,-1,2052-11,1
2304150,0:10,58,1,1,0,5,0,-1,2036-02,1
2304150,0:10,9,1,0,2,4,0,-1,-1,1
2304150,0:10,65,0,1,4,5,1,-1,2021-09,1
2304150,0:10,37,0,1,8,2,1,2075-07,-1,1
2304150,0:10,30,1,1,12,2,1,2076-07,2067-06,1
2304151,0:03,13,1,0,7,4,0,-1,-1,1
2304151,0:03,35,1,1,10,5,0,-1,2064-08,1
2304151,0:03,40,0,1,10,2,1,2059-03,-1,1
2304152,0:06,62,1,3,0,5,0,-1,2045-10,1
2304152,0:06,6,1,0,1,4,0,-1,-1,1
2304152,0:06,36,0,1,12,5,0,-1,-1,1
2304152,0:06,28,1,1,10,5,0,-1,2071-11,1
2304154,0:07,9,1,0,3,4,0,-1,-1,1
2304154,0:07,15,0,0,8,4,0,-1,-1,1
2304154,0:07,34,1,1,8,5,0,-1,2063-08,1
2304154,0:07,47,0,1,8,5,0,-1,-1,1
2304155,0:07,33,1,1,0,5,0,-1,2056-11,3
2304155,0:07,44,0,1,3,5,1,-1,-1,3
2304155,0:07,18,0,0,7,0,0,-1,-1,3
2304155,0:07,15,0,0,8,4,0,-1,-1,3
2304155,0:07,22,0,0,8,3,0,-1,-1,3
2304155,0:07,20,1,0,11,4,0,-1,-1,3
2304157,0:13,70,1,1,0,5,0,-1,2030-11,4
2304157,0:13,12,1,0,6,4,1,2077-10,-1,4
2304157,0:13,68,0,1,7,5,0,-1,2023-11,4
2304157,0:13,18,0,0,12,4,0,-1,-1,4
2304157,0:13,46,1,1,10,6,0,-1,-1,4
2304157,0:13,5,1,0,NS,4,1,2077-10,-1,4
2304157,0:13,36,1,1,14,2,1,2077-10,2065-08,4
2304157,0:13,47,0,1,14,2,1,2075-08,-1,4
2304158,0:11,1,0,0,0,0,0,-1,-1,5
2304158,0:11,38,1,1,2,5,0,-1,2053-02,5
2304158,0:11,10,1,0,4,4,0,-1,-1,5
2304158,0:11,38,0,1,5,5,1,-1,2052-04,5
2304158,0:11,23,1,1,7,5,0,-1,2073-04,5
2304158,0:11,25,0,1,9,5,0,-1,-1,5
2304158,0:11,22,1,0,12,5,0,-1,-1,5
2304158,0:11,5,1,0,KG,4,0,-1,-1,5
2304158,0:11,4,0,0,NS,4,0,-1,-1,5
2304162,0:07,33,1,1,4,5,0,-1,2063-08,3
2304162,0:07,12,0,0,6,4,0,-1,-1,3
2304162,0:07,36,0,1,8,2,0,2062-09,-1,3
2304162,0:07,15,0,0,9,4,0,-1,-1,3
2304162,0:07,4,1,0,NS,4,0,-1,-1,3
2304163,0:08,8,1,0,3,4,0,-1,-1,3
2304163,0:08,44,0,1,4,5,0,-1,-1,3
2304163,0:08,26,1,1,7,5,0,-1,2068-04,3
2304164,0:08,60,1,3,0,5,1,-1,2036-01,3
2304164,0:08,99,1,3,0,0,0,-1,2040-02,3
2304164,0:08,14,1,0,8,4,0,-1,-1,3
2304164,0:08,29,1,1,8,5,1,-1,2068-02,3
2304164,0:08,35,0,1,8,2,1,2071-02,-1,3
2304164,0:08,5,0,0,NS,4,0,-1,-1,3
2304166,0:11,76,1,3,0,0,1,-1,2020-04,3
2304166,0:11,11,1,0,4,4,0,-1,-1,3
2304166,0:11,37,1,1,4,5,0,-1,2057-03,3
2304166,0:11,42,0,1,4,5,1,-1,-1,3
2304166,0:11,20,0,0,11,4,0,-1,-1,3
2304166,0:11,23,0,1,11,5,1,-1,-1,3
2304166,0:11,23,1,1,12,5,0,-1,2079-01,3
2304167,0:08,3,0,0,0,0,0,-1,-1,3
2304167,0:08,18,1,1,0,6,0,-1,2075-08,3
2304167,0:08,45,1,1,0,5,0,-1,2049-10,3
2304167,0:08,55,0,1,0,5,0,-1,-1,3
2304167,0:08,12,1,0,4,4,0,-1,2077-12,3
2304167,0:08,13,1,0,5,4,0,-1,2077-12,3
2304167,0:08,22,0,1,9,0,0,-1,-1,3
2304167,0:08,7,0,0,NS,4,0,-1,2077-12,3
2304170,0:12,14,0,0,0,3,0,-1,-1,3
2304170,0:12,33,1,1,1,5,0,-1,-1,3
2304170,0:12,16,0,0,2,3,0,-1,-1,3
2304170,0:12,13,0,0,3,4,0,-1,-1,3
2304170,0:12,16,0,0,4,3,0,-1,-1,3
2304170,0:12,40,0,1,4,3,1,-1,-1,3
2304173,0:09,69,1,3,0,5,0,-1,2059-06,3
2304173,0:09,36,1,1,3,6,1,2067-05,2060-05,3
2304173,0:09,16,0,0,8,4,1,2067-05,-1,3
2304173,0:09,38,0,1,8,2,1,2065-10,2059-06,3
2304173,0:09,18,1,0,11,4,0,-1,-1,3
2304174,0:12,24,0,0,12,2,0,-1,-1,1
2304174,0:12,57,0,1,12,5,1,-1,2046-10,1
2304174,0:12,48,1,1,10,6,0,-1,2050-08,1
2304174,0:12,24,1,1,14,4,0,-1,2077-10,1
2304174,0:12,27,0,1,14,2,0,-1,-1,1
2304175,0:06,46,1,1,0,5,1,-1,-1,3
2304175,0:06,46,0,1,7,5,1,-1,2054-10,3
2304175,0:06,23,0,0,12,2,1,2075-06,-1,3
2304175,0:06,25,1,1,12,5,0,-1,-1,3
2304175,0:06,3,0,0,NS,4,0,-1,-1,3
2304176,0:06,50,1,3,0,1,1,-1,2066-01,1
2304176,0:06,26,0,0,12,2,1,-1,2066-01,1
2304176,0:06,28,1,1,12,1,0,-1,2071-10,1
2304176,0:06,4,1,0,PG,4,0,-1,-1,1
2304176,0:06,34,0,1,10,2,1,2068-01,2066-01,1
2304177,0:10,46,1,1,8,5,0,-1,2049-01,1
2304177,0:10,24,1,0,12,4,0,2076-01,-1,1
2304177,0:10,29,0,0,12,4,1,2075-07,-1,1
2304177,0:10,50,0,1,10,2,1,2068-05,2030,1
2309002,0:05,40,1,1,3,5,0,-1,2065-05,3
2309002,0:05,46,0,1,4,1,0,-1,2065-05,3
2309002,0:05,15,1,0,9,4,0,-1,2065-05,3
2309002,0:05,18,0,0,12,5,0,-1,2065-05,3
2309002,0:05,20,1,0,12,5,0,-1,2065-05,3
2309002,0:05,22,1,0,12,5,0,-1,2065-05,3
2309004,0:07,21,1,0,12,4,0,-1,-1,1
2309004,0:07,23,0,0,12,4,0,-1,-1,1
2309004,0:07,54,0,1,12,5,0,-1,-1,1
2309004,0:07,48,1,1,10,5,1,-1,2052-08,1
2309014,0:05,12,1,0,7,4,0,-1,-1,1
2309014,0:05,20,0,0,12,0,0,-1,-1,1
2309014,0:05,38,1,1,14,1,0,-1,2058-11,1
2309014,0:05,42,0,1,14,2,0,-1,-1,1
2309016,0:05,40,1,1,10,5,0,-1,2054-07,1
2309016,0:05,46,0,1,10,1,0,-1,-1,1
2309016,0:05,19,0,0,12,4,0,-1,-1,1
2309016,0:05,21,0,0,12,4,0,-1,-1,1
2309021,0:03,13,0,0,7,4,0,-1,-1,1
2309021,0:03,15,1,0,9,4,0,-1,-1,1
2309021,0:03,40,1,1,10,1,0,-1,2060-03,1
2309021,0:03,42,0,1,10,5,1,-1,-1,1
2309022,0:04,35,1,1,9,1,0,-1,2061-06,1
2309022,0:04,17,0,0,11,4,0,-1,-1,1
2309022,0:04,42,0,1,10,0,1,-1,-1,1
2309029,0:06,90,0,3,0,0,0,-1,2070-01,1
2309029,0:06,45,1,1,5,5,0,-1,2070-01,1
2309029,0:06,50,0,1,9,5,1,-1,2070-01,1
2309029,0:06,18,0,0,10,4,0,-1,2070-01,1
2309029,0:06,21,0,0,12,4,0,-1,2070-01,1
2309030,0:05,68,0,3,8,5,0,-1,2018,1
2309030,0:05,36,0,1,10,5,1,-1,-1,1
2309030,0:05,25,1,1,12,2,0,-1,-1,1
2309030,0:05,5,1,0,KG,4,0,-1,-1,1
2309032,0:07,68,1,3,0,6,0,-1,2017-11,1
2309032,0:07,21,0,0,12,4,0,-1,-1,1
2309032,0:07,14,0,0,7,4,0,-1,-1,1
2309032,0:07,42,0,1,10,2,1,2076-06,-1,1
2309032,0:07,42,1,1,10,5,0,-1,2057-11,1
2309033,0:05,52,0,1,9,5,0,-1,-1,1
2309033,0:05,52,1,1,9,5,0,-1,2042-01,1
2309033,0:05,27,1,1,12,2,0,-1,2078-06,1
2309033,0:05,29,0,1,12,1,0,-1,-1,1
2309036,0:08,27,1,1,12,2,1,2074-08,2073-10,1
2309036,0:08,54,1,1,5,5,0,-1,2038-02,1
2309036,0:08,59,0,1,10,5,0,-1,2021-01,1
2309036,0:08,33,0,0,16,0,0,-1,-1,1
2309036,0:08,36,0,1,14,2,1,2073-11,-1,1
2309037,0:05,50,1,1,10,5,0,-1,2043-11,1
2309037,0:05,56,0,1,10,5,1,-1,-1,1
2309039,0:05,14,0,0,8,4,0,-1,-1,2
2309039,0:05,43,1,1,12,1,0,-1,2060-12,2
2309039,0:05,17,1,0,10,4,0,-1,-1,2
2309039,0:05,48,0,1,10,5,1,-1,2060-12,2
2309041,0:07,83,0,1,0,0,0,-1,2020-06,1
2309041,0:07,83,1,1,0,0,0,-1,2020-06,1
2309041,0:07,16,0,0,9,4,0,-1,-1,1
2309041,0:07,20,1,0,12,4,0,-1,-1,1
2309041,0:07,40,1,1,12,5,0,-1,2056-10,1
2309041,0:07,44,0,1,14,1,0,-1,-1,1
2309042,0:12,21,1,0,12,4,1,2079-01,-1,1
2309042,0:12,27,0,0,12,0,0,-1,-1,1
2309042,0:12,57,0,1,16,5,0,-1,2030-03,1
2309042,0:12,30,0,0,16,2,0,2078-09,-1,1
2309042,0:12,56,1,1,10,5,0,-1,2043-03,1
2309045,0:04,58,1,1,0,5,0,-1,2072-01,1
2309045,0:04,10,1,0,4,4,0,-1,2072-01,1
2309045,0:04,34,1,1,11,5,0,-1,2072-01,1
2309045,0:04,35,0,1,10,3,1,-1,2072-01,1
2309045,0:04,5,0,0,NS,4,0,-1,-1,1
2309053,0:10,35,1,1,0,5,0,-1,2066-11,2
2309053,0:10,69,1,3,0,0,0,-1,2036-10,2
2309053,0:10,9,0,0,3,4,0,-1,-1,2
2309053,0:10,11,1,0,6,4,0,-1,-1,2
2309053,0:10,15,0,0,6,4,0,-1,2077-01,3
2309053,0:10,40,0,1,8,2,0,-1,-1,2
2309054,0:07,55,0,3,0,3,0,-1,-1,5
2309054,0:07,12,1,0,6,4,0,-1,-1,5
2309054,0:07,24,0,1,8,3,0,-1,-1,5
2309054,0:07,25,1,1,12,5,0,-1,2076-10,5
2309055,0:10,13,0,0,5,4,0,-1,-1,1
2309055,0:10,74,0,1,5,5,0,-1,2036-02,1
2309055,0:10,29,0,1,12,1,1,-1,-1,1
2309055,0:10,18,1,0,10,4,0,-1,-1,1
2309055,0:10,63,1,1,0,5,0,-1,2036-02,1
2309055,0:10,25,1,1,14,2,0,-1,-1,1
2309056,0:08,79,0,3,0,0,0,-1,2036-02,6
2309056,0:08,36,1,1,3,5,0,-1,-1,6
2309056,0:08,38,0,1,7,5,1,-1,-1,6
2309056,0:08,19,0,0,12,0,0,-1,-1,6
2309056,0:08,17,0,0,10,4,0,-1,-1,6
2309057,0:07,13,1,0,7,4,0,-1,-1,2
2309057,0:07,15,0,0,7,4,0,-1,-1,2
2309057,0:07,38,1,1,14,2,0,-1,2067-08,2
2309057,0:07,39,0,1,10,3,0,-1,-1,2
2309059,0:04,9,0,0,4,4,0,-1,-1,1
2309059,0:04,12,1,0,6,4,0,-1,-1,1
2309059,0:04,36,1,1,7,5,0,-1,-1,1
2309059,0:04,37,0,1,12,1,0,-1,-1,1
2309067,0:05,42,1,1,0,5,0,-1,2065-07,5
2309067,0:05,72,0,1,0,1,0,-1,2065-07,5
2309067,0:05,16,1,0,8,1,0,-1,2078-09,5
2309068,0:04,55,1,1,0,5,0,-1,2050-02,3
2309068,0:04,58,0,1,3,3,1,-1,-1,3
2309068,0:04,20,0,0,7,3,0,-1,-1,3
2309070,0:03,49,0,1,4,1,0,-1,2072-09,1
2309070,0:03,47,1,1,5,5,0,-1,2072-09,1
2309070,0:03,26,0,0,12,2,1,2076-03,2072-09,1
2309071,0:10,50,1,3,0,5,0,-1,2047-01,6
2309071,0:10,8,0,0,2,4,0,-1,-1,6
2309071,0:10,12,0,0,4,4,0,-1,-1,6
2309071,0:10,24,1,1,5,5,0,-1,-1,6
2309071,0:10,14,1,0,6,4,0,-1,-1,6
2309074,0:07,1,0,0,0,0,0,-1,-1,6
2309074,0:07,28,1,1,0,5,0,-1,2073-06,6
2309074,0:07,71,1,3,0,5,0,-1,-1,6
2309074,0:07,31,0,1,9,2,0,-1,-1,6
2309074,0:07,4,1,0,NS,4,0,-1,-1,6
2309075,0:05,90,1,3,0,0,0,-1,2043-02,1
2309075,0:05,55,1,2,5,5,0,-1,2043-02,1
2309075,0:05,32,0,0,11,2,1,-1,-1,1
2309079,0:08,55,1,1,0,5,0,-1,2036-01,5
2309079,0:08,60,0,1,0,5,0,-1,2036-01,5
2309079,0:08,72,0,3,0,0,0,-1,2036-01,5
2309079,0:08,29,0,0,8,2,0,2078-12,-1,5
2309079,0:08,38,0,1,8,3,1,-1,-1,5
2309079,0:08,31,1,1,10,5,0,-1,2078-08,5
2309080,0:04,1,0,0,0,0,0,-1,-1,6
2309080,0:04,67,0,1,0,0,0,-1,-1,6
2309080,0:04,9,1,0,2,4,0,-1,-1,6
2309080,0:04,30,1,1,9,5,0,-1,2071-01,6
2309080,0:04,30,0,1,9,2,1,2077-12,-1,6
2309081,0:08,43,1,1,4,5,0,-1,2052-01,6
2309081,0:08,50,0,1,5,3,1,-1,-1,6
2309081,0:08,19,0,1,9,3,0,-1,-1,6
2309081,0:08,18,1,1,11,6,0,-1,2078-10,6
2309081,0:08,22,0,0,12,0,0,-1,-1,6
2309082,0:06,8,0,0,2,4,0,-1,-1,6
2309082,0:06,43,1,1,7,5,0,-1,2054-11,6
2309082,0:06,43,0,1,7,2,1,2075-10,-1,6
2309082,0:06,20,0,0,8,0,0,-1,-1,6
2309083,0:08,38,1,1,3,5,0,-1,2061-08,6
2309083,0:08,11,1,0,6,4,0,-1,-1,6
2309083,0:08,12,1,0,7,4,0,-1,-1,6
2309083,0:08,40,0,1,7,5,0,-1,-1,6
2309083,0:08,15,1,0,10,4,0,-1,-1,6
2309083,0:08,6,0,0,NS,4,0,-1,-1,6
2309084,0:06,51,1,1,0,5,0,-1,2036-01,6
2309084,0:06,55,0,1,0,3,0,-1,2036-01,6
2309084,0:06,20,0,0,5,3,0,-1,-1,6
2309085,0:10,47,1,1,0,5,0,-1,2036-01,6
2309085,0:10,57,0,1,0,5,0,-1,2036-01,6
2309085,0:10,9,0,0,4,4,0,-1,-1,6
2309085,0:10,24,1,1,6,5,0,-1,-1,6
2309086,0:06,8,1,0,1,4,0,-1,2072-08,1
2309086,0:06,49,0,1,4,2,0,-1,2045-08,1
2309086,0:06,42,1,1,5,5,0,-1,2045-08,1
2309086,0:06,27,1,2,14,2,0,-1,-1,1
2309087,0:09,40,1,3,0,2,0,-1,2045-01,6
2309087,0:09,18,1,1,5,5,0,-1,2078-01,6
2309087,0:09,23,0,1,8,5,0,-1,-1,6
2309087,0:09,26,0,0,14,2,0,2075-01,-1,6
2309088,0:11,85,1,3,0,0,0,-1,2036-01,1
2309088,0:11,10,0,0,3,4,0,-1,-1,2
2309088,0:11,55,0,1,5,5,1,-1,2045-10,2
2309088,0:11,45,1,1,8,1,0,-1,2036-01,2
2309088,0:11,26,1,0,14,2,0,-1,-1,2
2309088,0:11,29,1,3,14,2,0,-1,-1,1
2309089,0:07,62,1,1,0,5,0,-1,2033-11,6
2309089,0:07,64,0,1,0,0,0,-1,2033-11,6
2309089,0:07,20,1,0,12,5,0,-1,-1,5
2309092,0:04,50,1,1,0,5,0,-1,2036-01,6
2309092,0:04,65,0,1,1,5,0,-1,2036-01,6
2309093,0:04,64,1,1,0,1,0,-1,2036-09,4
2309093,0:04,67,0,1,0,5,0,-1,2036-09,4
2309094,0:10,63,1,3,0,5,0,-1,2031,2
2309094,0:10,8,0,0,3,4,0,-1,-1,2
2309094,0:10,29,1,0,6,2,1,2076-09,-1,2
2309094,0:10,26,1,1,9,5,0,-1,-1,2
2309094,0:10,32,0,1,12,5,0,-1,-1,2
2309097,0:07,1,0,0,0,0,0,-1,-1,1
2309097,0:07,3,0,0,0,0,0,-1,-1,1
2309097,0:07,60,1,1,0,5,0,-1,2066-12,1
2309097,0:07,65,0,1,0,5,0,-1,2066-12,1
2309097,0:07,33,0,1,12,2,1,-1,2066-12,1
2309097,0:07,28,1,1,10,6,0,-1,2066-12,1
2309098,0:10,8,0,0,3,4,0,-1,-1,1
2309098,0:10,36,0,1,12,3,1,-1,2068-12,1
2309098,0:10,28,1,1,10,5,0,-1,2070-01,1
2309098,0:10,4,1,0,NS,4,0,-1,-1,1
2309100,0:10,40,1,1,3,1,1,-1,-1,1
2309100,0:10,19,0,0,12,0,0,-1,-1,1
2309100,0:10,22,0,0,12,1,0,-1,-1,1
2309100,0:10,44,0,1,10,2,1,2061-05,2061-01,1
2309101,0:07,44,1,1,0,1,0,-1,2066-10,3
2309101,0:07,42,0,1,8,2,1,2078-04,2066-10,3
2309101,0:07,19,0,0,12,4,0,-1,2066-10,3
2309101,0:07,21,1,0,12,4,0,-1,2066-10,3
2309102,0:05,56,1,3,0,0,0,-1,-1,3
2309102,0:05,24,1,0,5,2,1,2078-11,-1,3
2309102,0:05,21,1,0,8,3,0,-1,-1,3
2309102,0:05,18,1,0,12,5,0,-1,-1,3
2309127,0:06,99,0,3,0,0,0,-1,2036-02,2
2309127,0:06,39,1,1,5,5,0,-1,-1,2
2309127,0:06,42,0,1,5,3,1,-1,2058-04,2
2309127,0:06,20,0,0,12,3,0,-1,-1,2
2309127,0:06,17,0,0,10,4,0,-1,-1,2
2309128,0:10,1,0,0,0,0,0,-1,-1,2
2309128,0:10,33,0,2,0,5,0,-1,-1,2
2309128,0:10,48,1,1,0,5,0,-1,2036-10,2
2309128,0:10,10,0,0,2,4,0,-1,-1,2
2309128,0:10,51,0,1,3,2,1,-1,2036-10,2
2309128,0:10,13,0,0,5,4,0,-1,-1,2
2309128,0:10,27,1,1,12,6,0,-1,2075-11,2
2309128,0:10,28,0,1,12,5,1,-1,-1,2
2309128,0:10,30,0,1,12,2,1,2078-06,-1,2
2309128,0:10,28,1,1,10,2,1,2078-06,2078-03,2
2309133,0:06,44,1,1,0,5,0,-1,2050-11,3
2309133,0:06,46,0,1,4,3,0,-1,-1,3
2309133,0:06,24,0,0,12,5,1,-1,-1,3
2309133,0:06,26,0,0,12,2,0,-1,-1,3
2309134,0:09,56,1,1,0,5,0,-1,-1,2
2309134,0:09,7,1,0,2,4,0,-1,-1,2
2309134,0:09,9,0,0,3,4,0,-1,-1,2
2309134,0:09,65,0,1,4,5,0,-1,-1,2
2309134,0:09,36,1,1,5,5,0,-1,-1,2
2309134,0:09,28,1,0,6,5,0,-1,-1,2
2309134,0:09,14,1,0,8,4,0,-1,-1,2
2309134,0:09,40,0,1,10,5,1,-1,2056-10,2
2309139,0:05,45,1,1,0,5,0,-1,2052-12,1
2309139,0:05,51,0,1,4,3,1,-1,-1,1
2309140,0:12,49,1,1,0,5,0,-1,2036-03,2
2309140,0:12,54,0,1,0,5,0,-1,2040-10,2
2309140,0:12,7,1,0,1,4,0,-1,-1,2
2309140,0:12,27,0,1,2,0,0,-1,2075-01,2
2309140,0:12,12,1,0,7,4,0,-1,-1,2
2309140,0:12,14,1,0,7,4,0,-1,-1,2
2309140,0:12,25,1,1,7,3,0,-1,-1,2
2309141,0:06,2,0,0,0,0,0,-1,-1,2
2309141,0:06,75,1,3,0,0,0,-1,2036-01,2
2309141,0:06,46,0,1,5,3,0,-1,-1,2
2309141,0:06,29,1,1,8,5,0,-1,2074-11,2
2309141,0:06,5,1,0,NS,4,0,-1,-1,2
2309147,0:04,52,1,3,0,5,0,-1,2049-08,2
2309147,0:04,20,1,0,12,4,0,-1,-1,2
2309150,0:05,50,0,1,0,5,0,-1,2036-03,2
2309150,0:05,47,1,1,2,2,0,-1,2049-04,2
2309151,0:04,3,1,0,0,0,0,-1,-1,2
2309151,0:04,59,1,3,0,5,0,-1,-1,2
2309151,0:04,8,1,0,1,4,0,-1,-1,2
2309151,0:04,29,1,1,5,6,0,-1,-1,2
2309151,0:04,33,0,1,10,3,1,-1,-1,2
2309152,0:04,37,1,1,5,5,0,-1,2058-08,2
2309152,0:04,12,0,0,6,4,0,-1,-1,2
2309152,0:04,38,0,1,6,1,1,-1,-1,2
2309152,0:04,16,1,0,9,4,0,-1,-1,2
2309152,0:04,19,1,0,11,4,0,-1,-1,2
2309154,0:05,2,1,0,0,0,0,-1,-1,2
2309154,0:05,53,1,1,0,5,0,-1,2045-08,2
2309154,0:05,55,0,1,0,5,0,-1,2045-08,2
2309154,0:05,9,1,0,2,4,0,-1,-1,2
2309154,0:05,27,1,1,9,5,0,-1,-1,2
2309154,0:05,28,0,1,9,3,1,-1,-1,2
2309155,0:04,57,1,1,0,5,0,-1,-1,4
2309155,0:04,59,0,1,3,5,0,-1,-1,4
2309158,0:13,65,0,1,0,3,0,-1,2036-04,5
2309158,0:13,56,1,1,2,5,0,-1,2036-04,5
2309158,0:13,23,0,0,5,2,0,2076-10,-1,5
2309158,0:13,16,0,0,6,3,0,-1,-1,5
2309158,0:13,12,1,0,7,4,0,-1,-1,5
2309158,0:13,18,1,0,12,4,0,-1,-1,5
2309159,0:08,1,1,0,0,0,0,-1,-1,5
2309159,0:08,40,1,1,0,5,0,-1,-1,5
2309159,0:08,56,1,1,0,5,0,-1,2038-10,5
2309159,0:08,66,0,1,0,5,0,-1,2038-10,5
2309159,0:08,20,0,1,8,3,0,-1,-1,5
2309159,0:08,42,0,1,8,2,1,2074-11,2038-10,5
2309159,0:08,18,1,1,9,6,0,-1,2077-09,5
2309159,0:08,22,0,0,9,2,0,2073-07,-1,5
2309160,0:06,9,1,0,3,4,0,-1,-1,5
2309160,0:06,33,1,1,5,3,0,-1,2069-06,5
2309160,0:06,33,0,1,8,2,1,2066-02,-1,5
2309163,0:07,78,0,3,0,0,0,-1,-1,5
2309163,0:07,8,1,0,3,4,0,-1,-1,5
2309163,0:07,35,1,1,8,3,0,-1,2065-11,5
2309163,0:07,12,1,0,5,4,0,-1,-1,5
2309163,0:07,39,0,1,10,3,1,-1,-1,5
2309165,0:05,39,1,1,0,5,0,-1,2058-10,5
2309165,0:05,7,1,0,2,4,0,-1,-1,5
2309165,0:05,44,0,1,5,5,1,-1,2053-10,5
2309170,0:03,45,1,1,0,5,0,-1,2049-06,5
2309170,0:03,60,0,1,0,5,0,-1,2040-04,5
2309171,0:06,1,0,0,0,0,0,-1,-1,5
2309171,0:06,57,1,3,0,5,0,-1,2036-08,5
2309171,0:06,6,1,0,1,4,0,-1,-1,5
2309171,0:06,28,1,1,12,5,0,-1,-1,5
2309171,0:06,31,0,1,12,3,1,-1,-1,5
2309174,0:05,9,0,0,3,4,0,-1,-1,6
2309174,0:05,35,0,1,3,5,0,-1,-1,6
2309174,0:05,10,0,0,4,4,0,-1,-1,6
2309174,0:05,30,1,1,0,3,1,-1,-1,6
2309183,0:08,42,1,1,0,3,0,-1,2057-08,5
2309183,0:08,60,1,1,0,5,0,-1,2036,5
2309183,0:08,62,0,1,0,3,0,-1,2036,5
2309183,0:08,7,1,0,1,4,0,-1,-1,5
2309183,0:08,42,0,1,1,3,1,-1,-1,5
2309183,0:08,15,0,0,4,0,0,-1,-1,5
2309183,0:08,18,1,0,4,3,0,-1,-1,5
2309183,0:08,4,1,0,NS,4,0,-1,-1,5
2309184,0:08,19,0,0,10,0,0,-1,-1,3
2309184,0:08,22,0,0,10,3,0,-1,-1,3
2309184,0:08,45,0,1,0,5,1,-1,-1,3
2309184,0:08,45,1,1,0,5,0,-1,-1,3
2309185,0:04,35,0,1,0,5,1,-1,-1,3
2309185,0:04,6,0,0,1,4,0,-1,-1,3
2309185,0:04,26,1,1,6,2,1,2078-03,2071-12,3
2309187,0:10,2,1,0,0,0,0,-1,-1,3
2309187,0:10,70,0,3,0,0,0,-1,2038-01,3
2309187,0:10,18,0,0,4,3,0,-1,-1,3
2309187,0:10,14,1,0,6,4,0,-1,-1,3
2309187,0:10,22,1,1,8,5,0,-1,2074-01,3
2309187,0:10,26,0,1,14,2,0,-1,-1,3
2309189,0:10,2,0,0,0,0,0,-1,-1,5
2309189,0:10,45,0,3,0,2,1,2074-07,-1,5
2309189,0:10,17,0,0,5,3,0,-1,-1,5
2309189,0:10,20,1,0,8,5,0,-1,-1,5
2309189,0:10,22,0,1,10,2,1,2078-07,-1,5
2309189,0:10,25,1,1,12,5,0,-1,2076-01,5
2309191,0:05,45,1,1,5,5,0,-1,2069-01,1
2309191,0:05,47,0,1,9,2,1,2077-01,2069-01,1
2309191,0:05,23,0,0,12,4,0,-1,2069-01,1
2309191,0:05,28,0,0,12,2,1,2076-10,2069-01,1
2309192,0:05,40,1,1,7,5,0,-1,2062-08,1
2309192,0:05,14,1,0,8,4,0,-1,-1,1
2309192,0:05,47,0,1,9,1,1,-1,2062-08,1
2309192,0:05,24,0,0,14,4,0,-1,2062-08,1
2309196,0:07,58,1,1,0,5,0,-1,2035-02,1
2309196,0:07,65,0,1,0,5,0,-1,2017-03,1
2309196,0:07,7,1,0,1,4,0,-1,-1,1
2309196,0:07,23,1,1,11,5,0,-1,2072-10,1
2309196,0:07,30,0,1,12,2,0,2078-03,-1,1
2309196,0:07,4,0,0,NS,4,0,-1,-1,1
2309197,0:09,60,1,1,0,5,0,-1,2019-03,1
2309197,0:09,7,0,0,1,4,0,-1,-1,1
2309197,0:09,10,1,0,3,4,0,-1,-1,1
2309197,0:09,80,0,1,7,5,0,-1,2052-02,1
2309197,0:09,15,1,0,9,4,0,-1,-1,1
2309197,0:09,27,1,1,12,5,0,-1,2070-11,1
2309197,0:09,42,0,1,12,5,1,-1,-1,1
2309197,0:09,42,1,1,10,5,0,-1,2061-03,1
2309197,0:09,45,0,1,10,1,1,-1,-1,1
2309198,0:11,1,1,0,0,0,0,-1,-1,1
2309198,0:11,43,1,1,0,5,0,-1,2048-10,1
2309198,0:11,52,0,1,0,5,0,-1,2027-12,1
2309198,0:11,25,1,1,10,6,0,-1,2074-04,1
2309198,0:11,21,1,1,12,6,0,-1,2077-08,1
2309198,0:11,31,0,1,12,2,1,2076-01,-1,1
2309198,0:11,21,0,0,10,2,1,2078-09,-1,1
2309198,0:11,30,0,1,10,3,0,-1,-1,1
2309198,0:11,4,0,0,NS,4,0,-1,-1,1
2309199,0:08,41,1,1,3,5,0,-1,2055-01,2
2309199,0:08,43,0,1,10,3,0,-1,2038-12,2
2309199,0:08,20,0,0,12,0,0,-1,-1,2
2309199,0:08,21,1,1,12,6,0,-1,2078-10,2
2309199,0:08,22,0,1,12,2,0,-1,-1,2
2309204,0:05,12,0,0,7,4,0,-1,-1,1
2309204,0:05,35,1,1,7,5,0,-1,2060-11,1
2309204,0:05,14,1,0,8,4,0,-1,-1,1
2309204,0:05,18,1,0,9,4,0,-1,-1,1
2309204,0:05,48,0,1,10,2,0,-1,2035-02,1
2309205,0:06,23,0,0,12,4,0,2074-08,-1,1
2309205,0:06,13,0,0,7,4,0,-1,-1,1
2309205,0:06,48,0,1,7,5,0,-1,2036-04,1
2309205,0:06,45,1,1,10,5,0,-1,2054-01,1
2309207,0:06,80,1,3,0,0,0,-1,2022-01,2
2309207,0:06,45,0,1,6,5,1,-1,-1,2
2309207,0:06,16,1,0,8,4,0,-1,-1,2
2309207,0:06,18,1,0,11,4,0,-1,-1,2
2309207,0:06,44,1,1,10,5,0,-1,-1,2
2309208,0:07,14,1,0,8,4,0,-1,2077-08,1
2309208,0:07,41,1,1,9,5,0,-1,2077-08,1
2309208,0:07,19,1,0,11,4,0,-1,2077-08,1
2309208,0:07,47,0,1,10,5,1,-1,2077-08,1
2309211,0:08,75,1,1,0,0,0,-1,2019-01,1
2309211,0:08,48,1,1,10,5,0,-1,2051-01,1
2309211,0:08,50,0,1,10,5,0,-1,-1,1
2309211,0:08,24,0,1,14,4,1,2078-09,-1,1
2309211,0:08,24,1,1,14,4,1,2078-09,2077-08,1
2309211,0:08,25,1,0,14,4,0,-1,-1,1
2309212,0:09,2,1,0,0,0,0,-1,-1,1
2309212,0:09,84,1,3,0,0,0,-1,2060-08,1
2309212,0:09,54,1,1,3,5,1,-1,2060-08,1
2309212,0:09,55,0,1,8,5,1,-1,2060-08,1
2309212,0:09,25,1,1,12,6,0,-1,2074-10,1
2309212,0:09,32,0,1,14,2,1,-1,2060-08,1
2309214,0:06,52,0,1,5,5,1,-1,2060-02,1
2309214,0:06,45,1,1,7,5,0,-1,2060-02,1
2309214,0:06,21,1,1,12,2,1,2077-05,2076-08,1
2309214,0:06,24,0,0,12,5,0,-1,2060-02,1
2309214,0:06,27,0,1,12,5,0,-1,2060-02,1
2309217,0:05,50,1,1,0,5,0,-1,2049-11,1
2309217,0:05,60,0,1,3,5,0,-1,2049-11,1
2309217,0:05,30,0,3,14,2,0,-1,2049-11,1
2309217,0:05,5,1,0,KG,4,0,-1,-1,1
2309218,0:07,51,0,1,0,2,1,2077-02,-1,5
2309218,0:07,52,1,1,0,5,0,-1,2043-10,5
2309218,0:07,8,0,0,1,4,0,-1,-1,5
2309218,0:07,30,0,1,14,2,1,2076-12,-1,5
2309218,0:07,24,0,0,10,2,0,-1,-1,5
2309218,0:07,26,0,0,10,2,0,-1,-1,5
2309218,0:07,28,1,1,10,6,0,-1,2070-11,5
2309219,0:05,12,0,0,4,4,0,-1,2074-01,1
2309219,0:05,40,0,1,7,3,1,-1,2074-01,1
2309219,0:05,40,1,1,8,5,0,-1,2074-01,1
2309222,0:10,2,1,0,0,0,0,-1,-1,5
2309222,0:10,55,1,1,0,5,0,-1,2045-01,5
2309222,0:10,58,0,1,0,5,1,-1,-1,5
2309222,0:10,28,0,0,7,2,1,-1,-1,5
2309222,0:10,25,1,1,9,6,0,-1,2076-07,5
2309222,0:10,26,0,1,12,3,0,-1,-1,5
2309227,0:05,52,1,1,8,5,0,-1,2062-10,1
2309227,0:05,57,0,1,9,5,0,-1,2062-10,1
2309227,0:05,22,0,0,12,4,0,-1,2062-10,1
2309227,0:05,24,1,0,12,4,0,-1,2062-10,1
2309227,0:05,26,0,0,14,2,0,-1,2062-10,1
2309227,0:05,29,1,0,14,5,0,-1,2062-10,1
2309228,0:05,47,1,1,0,5,0,-1,2049-11,5
2309228,0:05,49,0,1,0,5,1,-1,-1,5
2309228,0:05,19,0,0,12,4,0,-1,-1,1
2309229,0:07,34,1,1,0,2,0,-1,2064-06,5
2309229,0:07,10,0,0,3,4,0,-1,-1,5
2309229,0:07,13,0,0,5,4,0,-1,-1,5
2309229,0:07,45,0,1,6,3,1,-1,-1,5
2309232,0:13,59,1,1,0,5,0,-1,2051-01,1
2309232,0:13,7,1,0,2,4,0,-1,-1,1
2309232,0:13,67,0,1,5,5,0,-1,2051-01,1
2309232,0:13,31,1,1,12,1,0,-1,2065,1
2309232,0:13,41,0,1,12,1,1,-1,2051-01,1
2309232,0:13,26,1,1,16,2,1,2075-12,2074-03,1
2309232,0:13,30,0,1,16,2,1,2073-08,2051-01,1
2309233,0:05,19,1,0,12,4,0,-1,-1,1
2309233,0:05,46,0,1,12,5,0,-1,2049-12,1
2309233,0:05,17,0,0,10,4,0,-1,-1,1
2309233,0:05,42,1,1,10,5,0,-1,2056-08,1
2605003,0:09,56,1,1,10,6,1,-1,2040-11,1
2605003,0:09,60,0,1,10,5,1,-1,2030-01,1
2605003,0:09,30,1,1,14,2,1,2076-06,2075-11,1
2605003,0:09,31,0,1,14,2,1,2072-05,-1,1
2605004,0:08,61,1,1,0,5,1,-1,2066-10,1
2605004,0:08,68,0,1,1,5,1,-1,2066-10,1
2605004,0:08,10,1,0,4,4,0,-1,-1,1
2605004,0:08,32,1,1,12,6,0,-1,2068-02,1
2605004,0:08,35,0,1,12,2,0,2069-05,2066-10,1
2605004,0:08,4,0,0,NS,4,0,-1,-1,1
2605005,0:04,45,1,1,6,5,0,-1,2050,1
2605005,0:04,51,0,1,8,1,0,-1,-1,1
2605005,0:04,25,0,0,14,4,1,2078-05,-1,1
2605009,0:09,57,1,3,0,5,0,-1,2069-09,1
2605009,0:09,35,1,1,14,2,0,-1,2069-09,1
2605009,0:09,38,0,1,14,2,1,2073-03,2077-04,1
2605009,0:09,6,1,0,KG,4,0,-1,-1,1
2605016,0:08,50,1,1,5,5,0,-1,-1,2
2605016,0:08,23,1,1,9,5,0,-1,2073-01,2
2605016,0:08,24,0,1,12,2,1,2073-09,2061-10,2
2605016,0:08,5,1,0,PG,4,0,-1,-1,2
2605016,0:08,50,0,1,10,2,1,-1,-1,2
2605017,0:10,43,1,1,0,5,0,-1,2050-08,2
2605017,0:10,23,1,1,12,6,0,-1,2075-05,2
2605017,0:10,26,0,0,12,2,0,-1,-1,2
2605017,0:10,3,0,0,PG,4,0,-1,-1,2
2605017,0:10,4,1,0,PG,4,0,-1,-1,2
2605017,0:10,25,0,1,10,5,0,-1,-1,2
2605017,0:10,46,0,1,10,2,1,2070-09,-1,2
2605018,0:04,70,1,1,0,5,0,-1,2028-12,2
2605018,0:04,75,0,1,0,5,0,-1,2022-11,2
2605018,0:04,40,1,0,10,5,0,-1,-1,2
2605019,0:14,61,1,1,0,6,0,-1,2032-01,2
2605019,0:14,69,0,1,5,5,0,-1,2021-01,2
2605019,0:14,41,1,1,7,5,0,-1,2057-02,2
2605019,0:14,44,0,1,7,2,1,2076-10,-1,2
2605019,0:14,17,1,0,9,4,0,-1,-1,2
2605019,0:14,21,0,0,12,0,0,-1,-1,2
2605021,0:05,15,0,0,9,4,0,-1,-1,2
2605021,0:05,49,0,1,10,1,1,-1,2040-09,2
2605021,0:05,19,1,0,12,4,0,-1,-1,2
2605021,0:05,39,1,1,12,2,0,-1,2060-01,2
2605022,0:05,69,1,0,0,5,0,-1,2060-04,2
2605022,0:05,10,1,0,3,4,0,-1,-1,2
2605022,0:05,39,0,1,8,2,1,2065-05,-1,2
2605022,0:05,31,1,1,10,5,0,-1,2069-03,2
2605023,0:04,8,0,0,2,4,0,-1,2076-01,1
2605023,0:04,12,1,0,6,4,0,-1,2076-01,1
2605023,0:04,30,1,1,10,5,0,-1,2076-01,1
2605023,0:04,32,0,1,10,3,1,-1,2076-01,1
2605024,0:06,10,0,0,3,4,0,-1,-1,2
2605024,0:06,40,1,1,4,5,0,-1,2068-08,2
2605024,0:06,56,0,1,5,5,1,-1,2025-12,2
2605025,0:05,12,0,0,5,4,0,-1,-1,1
2605025,0:05,40,1,1,10,5,0,-1,2063-10,1
2605025,0:05,42,0,1,10,2,1,-1,2049-12,1
2605025,0:05,4,0,0,NS,4,0,-1,-1,1
2605026,0:06,14,1,0,9,4,0,-1,2075-01,1
2605026,0:06,17,1,0,11,4,0,-1,2075-01,1
2605026,0:06,20,0,0,12,4,0,-1,2075-01,1
2605026,0:06,42,0,1,10,2,1,2069-07,2075-01,1
2605026,0:06,44,1,1,10,5,0,-1,2075-01,1
2605027,0:04,66,1,1,0,5,1,-1,2049-12,1
2605027,0:04,82,0,1,0,5,1,-1,2049-12,1
2605029,0:04,63,1,1,0,5,0,-1,2061-07,1
2605029,0:04,68,0,1,10,5,1,-1,2061-07,1
2605030,0:08,88,1,3,0,0,0,-1,2057-06,1
2605030,0:08,19,0,0,11,4,0,-1,-1,1
2605030,0:08,21,1,0,12,4,0,-1,-1,1
2605030,0:08,42,1,1,10,5,0,-1,2058-02,1
2605030,0:08,52,0,1,10,1,1,-1,2057-06,1
2605031,0:08,73,0,0,0,0,0,-1,2022-01,2
2605031,0:08,97,1,3,0,0,1,-1,2022-01,2
2605031,0:08,57,0,1,12,5,0,-1,2022-01,2
2605031,0:08,27,1,0,10,2,0,-1,-1,2
2605031,0:08,52,1,1,10,5,0,-1,2049-10,2
2605031,0:08,25,0,0,14,4,0,2077-06,-1,2
2605032,0:09,2,0,0,0,0,0,-1,-1,2
2605032,0:09,55,1,1,0,5,0,-1,2048-04,2
2605032,0:09,55,0,1,4,5,1,-1,-1,2
2605032,0:09,24,1,1,10,5,0,-1,2075-06,2
2605032,0:09,4,0,0,PG,4,0,-1,-1,2
2605032,0:09,24,1,1,10,5,0,-1,2076-08,2
2605032,0:09,25,0,1,10,5,0,-1,-1,2
2605032,0:09,29,0,1,10,5,0,-1,-1,2
2605033,0:10,38,1,1,4,5,0,-1,2055-07,1
2605033,0:10,50,0,1,5,1,1,-1,-1,1
2605033,0:10,15,0,0,9,4,0,-1,-1,1
2605033,0:10,19,1,0,12,4,0,-1,-1,1
2605042,0:05,1,1,0,0,0,0,-1,-1,1
2605042,0:05,65,1,1,0,5,0,-1,2035-06,1
2605042,0:05,71,0,1,0,5,0,-1,2030-05,1
2605042,0:05,95,1,3,0,0,0,-1,2035-06,1
2605042,0:05,33,0,1,10,5,1,-1,-1,1
2605042,0:05,26,1,1,14,4,0,-1,2077-04,1
2605045,0:09,43,1,1,10,5,0,-1,2067-01,3
2605045,0:09,53,0,1,10,2,1,2060-01,2067-01,3
2605045,0:09,17,1,0,11,4,0,-1,2067-01,3
2605045,0:09,20,1,0,12,4,0,-1,2067-01,3
2605045,0:09,24,1,0,12,2,1,2073-01,2067-01,3
2605045,0:09,23,1,0,14,4,0,-1,2067-01,3
2605046,0:05,2,1,0,0,0,0,2078-03,-1,1
2605046,0:05,70,1,1,3,5,0,-1,2060-07,1
2605046,0:05,75,0,1,9,5,0,-1,2060-07,1
2605046,0:05,30,1,1,12,6,0,2077-03,2077-03,1
2605046,0:05,37,0,1,14,2,0,2071-03,2060-07,1
2605048,0:05,43,1,1,3,2,0,-1,2062,1
2605048,0:05,50,0,1,8,5,0,-1,2062,1
2605048,0:05,20,0,0,12,4,0,-1,2062,1
2605048,0:05,22,0,0,12,4,0,-1,2062,1
2605049,0:10,49,1,1,0,5,0,-1,2057-01,2
2605049,0:10,51,0,1,1,1,1,-1,2057-01,2
2605049,0:10,20,1,1,6,6,0,-1,2078-10,2
2605049,0:10,22,1,1,6,5,0,-1,2076-01,2
2605049,0:10,23,0,1,6,5,0,-1,2057-01,2
2605049,0:10,22,0,0,9,5,0,-1,2057-01,2
2605049,0:10,30,0,1,9,2,1,2078-05,2057-01,2
2605050,0:05,63,1,3,0,5,0,-1,2035,1
2605050,0:05,28,0,1,8,5,1,-1,-1,1
2605050,0:05,26,1,1,12,5,0,-1,-1,1
2605050,0:05,4,1,0,NS,4,0,-1,-1,1
2605050,0:05,3,0,0,PG,4,0,-1,-1,1
2605051,0:03,54,1,1,0,5,0,-1,2038,1
2605051,0:03,65,0,1,0,5,0,-1,2037,1
2605051,0:03,8,0,0,0,0,0,-1,-1,1
2605051,0:03,30,1,1,12,1,0,-1,2071,1
2605051,0:03,36,0,1,12,1,1,-1,-1,1
2605052,0:10,47,1,1,0,6,0,-1,2070-01,2
2605052,0:10,18,1,0,12,4,0,-1,2070-01,2
2605052,0:10,23,0,0,12,2,1,2077-05,2070-01,2
2605052,0:10,25,1,0,12,4,0,-1,2070-01,2
2605052,0:10,28,1,0,12,4,0,-1,2070-01,2
2605052,0:10,48,0,1,8,5,0,-1,2070-01,2
2605053,0:03,61,1,3,0,5,1,-1,2051,1
2605053,0:03,35,0,1,12,2,1,-1,2051,1
2605053,0:03,27,1,1,14,5,0,-1,2077,1
2605055,0:03,12,1,0,4,4,1,-1,2067-03,2
2605055,0:03,33,1,1,7,5,1,-1,2064-08,2
2605055,0:03,36,0,1,7,2,1,2065-05,2063-01,2
2605055,0:03,5,0,0,NS,4,0,-1,-1,2
2605056,0:06,82,0,3,0,5,0,-1,-1,1
2605056,0:06,7,1,0,2,4,0,-1,-1,1
2605056,0:06,16,1,0,11,4,0,-1,-1,1
2605056,0:06,40,1,1,10,5,0,-1,2061-01,1
2605056,0:06,41,0,1,10,2,1,2063-08,-1,1
2605058,0:08,7,0,0,2,4,0,-1,-1,1
2605058,0:08,13,0,0,8,4,0,-1,-1,1
2605058,0:08,77,0,3,8,0,0,-1,2038-01,1
2605058,0:08,40,1,1,12,6,0,-1,2063-11,1
2605058,0:08,42,0,1,12,2,1,-1,2038-01,1
2605059,0:10,69,1,1,0,0,0,-1,2076-06,1
2605059,0:10,79,0,1,0,0,0,-1,2076-06,1
2605059,0:10,12,1,0,6,4,1,-1,2072-03,1
2605059,0:10,44,0,1,9,5,1,-1,2072-04,1
2605059,0:10,18,1,0,10,4,1,-1,2072-04,1
2605059,0:10,44,1,1,10,5,1,-1,2072-04,1
2605059,0:10,22,0,0,11,4,1,-1,2072-04,1
2605061,0:12,68,1,1,0,5,0,-1,2075-11,1
2605061,0:12,72,0,1,0,5,0,-1,2075-11,1
2605061,0:12,10,0,0,4,4,0,-1,2073-01,1
2605061,0:12,40,1,1,7,5,0,-1,2073-01,1
2605061,0:12,17,0,0,9,4,0,-1,2073-01,1
2605061,0:12,46,0,1,10,5,1,-1,2073-01,1
2605061,0:12,21,0,0,12,4,0,-1,2075-01,1
2605062,0:08,12,0,0,5,4,0,-1,2068-01,1
2605062,0:08,47,1,1,5,5,0,-1,2068-01,1
2605062,0:08,53,0,1,8,5,1,-1,2068-01,1
2605062,0:08,16,1,0,10,4,0,-1,2068-01,1
2605064,0:05,38,1,1,7,5,0,-1,2066-12,1
2605064,0:05,43,0,1,8,5,1,-1,2066-12,1
2605064,0:05,18,0,0,10,4,0,-1,2066-12,1
2605065,0:05,13,0,0,6,4,0,-1,2069-11,1
2605065,0:05,30,1,1,8,5,0,-1,2069-11,1
2605065,0:05,33,0,1,10,2,1,2077-12,2069-11,1
2605065,0:05,4,1,0,NS,4,0,-1,-1,1
2605066,0:07,45,1,3,0,5,1,-1,2068-10,1
2605066,0:07,27,0,0,7,5,1,-1,2068-10,1
2605066,0:07,21,0,0,11,4,0,-1,2068-10,1
2605067,0:06,9,1,0,2,4,0,-1,2072-01,1
2605067,0:06,14,0,0,6,4,0,-1,2072-01,1
2605067,0:06,35,1,1,10,5,0,-1,2072-01,1
2605067,0:06,39,0,1,10,2,0,2062-10,2072-01,1
2605068,0:12,2,0,0,0,0,0,-1,-1,1
2605068,0:12,64,0,1,0,5,0,2015,0,1
2605068,0:12,64,1,1,0,5,0,2015,0,1
2605068,0:12,13,0,0,6,4,0,-1,0,1
2605068,0:12,40,1,1,7,5,0,-1,2068-02,1
2605068,0:12,40,0,1,8,5,1,-1,2068-02,1
2605076,0:14,47,1,1,5,6,0,-1,-1,1
2605076,0:14,23,1,1,12,2,1,2060,0,1
2605076,0:14,24,0,1,12,2,1,2075-11,-1,1
2605076,0:14,57,0,1,12,5,0,-1,-1,1
2605076,0:14,28,0,0,16,2,1,2072-10,-1,1
2605078,0:09,9,1,0,1,4,0,-1,-1,1
2605078,0:09,40,1,1,5,5,1,-1,2062-09,1
2605078,0:09,49,0,1,5,1,1,-1,2062-09,1
2605078,0:09,15,1,0,9,4,1,-1,2065-04,1
2605078,0:09,17,1,0,11,4,1,-1,2062-09,1
2605080,0:03,11,1,0,6,4,0,-1,-1,1
2605080,0:03,40,1,1,10,5,1,-1,2068-09,1
2605080,0:03,43,0,1,12,2,1,2055-07,2068-09,1
2605080,0:03,16,1,0,10,4,0,-1,-1,1
2605081,0:04,66,1,1,0,5,0,-1,2017-02,2
2605081,0:04,70,0,1,0,5,0,-1,2017-02,2
2605081,0:04,24,0,0,9,2,1,2078-07,-1,2
2605083,0:09,1,1,0,0,0,0,-1,-1,1
2605083,0:09,57,1,1,5,5,0,-1,2048-08,1
2605083,0:09,15,1,0,9,4,0,-1,-1,1
2605083,0:09,31,0,1,12,0,1,-1,2048-08,1
2605083,0:09,23,1,1,14,4,0,-1,2076-10,1
2605083,0:09,24,1,0,14,4,0,-1,2078-08,1
2605083,0:09,58,0,1,10,5,1,-1,2048-08,1
2605084,0:05,46,1,1,4,5,0,-1,2069-01,2
2605084,0:05,47,0,1,7,5,1,-1,2069-01,2
2605084,0:05,16,0,0,10,4,0,-1,-1,2
2605084,0:05,21,0,0,12,4,0,-1,-1,2
2605085,0:04,1,0,0,0,0,0,-1,-1,2
2605085,0:04,3,0,0,0,0,0,-1,-1,2
2605085,0:04,30,1,1,4,5,0,-1,2072-10,2
2605085,0:04,45,0,1,5,5,1,-1,2072-10,2
2605086,0:07,1,0,0,0,0,0,-1,-1,3
2605086,0:07,63,1,1,0,5,0,-1,2073-02,3
2605086,0:07,9,1,0,3,4,0,-1,2073-02,3
2605086,0:07,30,0,1,7,2,0,-1,2073-02,3
2605086,0:07,22,0,0,12,4,0,-1,2073-02,3
2605086,0:07,25,1,1,10,5,0,-1,2073-02,3
2605089,0:06,8,1,0,1,4,0,-1,-1,1
2605089,0:06,13,0,0,6,4,0,-1,2069-03,1
2605089,0:06,36,1,1,10,5,0,-1,2069-03,1
2605089,0:06,38,0,1,10,2,1,2071-03,2069-03,1
2610001,0:04,54,1,1,0,5,0,-1,-1,3
2610001,0:04,59,0,1,5,5,1,-1,-1,3
2610001,0:04,29,0,0,10,3,0,-1,-1,3
2610002,0:06,38,1,1,0,5,0,-1,2057-11,3
2610002,0:06,12,0,0,5,4,0,-1,-1,3
2610002,0:06,45,0,1,5,2,0,-1,-1,3
2610002,0:06,25,0,0,11,4,0,-1,-1,3
2610002,0:06,17,1,0,10,4,0,-1,-1,3
2610003,0:04,83,1,1,0,5,0,-1,2019-08,3
2610003,0:04,87,0,1,0,0,0,-1,2019-08,3
2610003,0:04,40,1,0,8,5,0,-1,-1,3
2610004,0:03,72,1,1,0,5,0,-1,2042-01,2
2610004,0:03,85,0,1,0,5,0,-1,2042-01,2
2610005,0:07,62,1,3,0,5,0,-1,2040-02,5
2610005,0:07,34,0,1,3,3,1,-1,-1,5
2610005,0:07,9,1,0,4,4,0,-1,2078-12,5
2610005,0:07,37,1,1,6,5,0,-1,2066-10,5
2610007,0:05,7,1,0,2,4,0,-1,-1,5
2610007,0:05,31,1,1,4,5,0,-1,2066-01,5
2610007,0:05,12,1,0,5,4,0,-1,-1,5
2610007,0:05,31,0,1,5,5,1,-1,-1,5
2610009,0:06,50,1,1,0,5,0,-1,2047-03,5
2610009,0:06,52,0,1,6,5,0,-1,-1,5
2610009,0:06,23,0,0,10,5,0,-1,-1,5
2610010,0:06,75,0,3,0,0,0,-1,-1,5
2610010,0:06,26,0,1,7,3,0,-1,-1,5
2610010,0:06,26,1,1,12,5,0,-1,2073-02,5
2610010,0:06,5,1,0,NS,4,0,-1,-1,5
2610011,0:07,74,1,1,0,5,0,-1,2032-02,2
2610011,0:07,79,0,1,0,0,0,-1,2032-02,2
2610011,0:07,47,1,1,5,5,0,-1,2049-03,2
2610011,0:07,50,0,1,8,5,0,-1,2032-02,2
2610011,0:07,21,1,1,12,6,0,-1,2075-05,2
2610011,0:07,28,0,0,12,5,1,-1,-1,2
2610011,0:07,26,0,1,10,5,1,-1,-1,2
2610012,0:08,42,1,1,3,5,0,-1,-1,5
2610012,0:08,18,0,0,6,3,0,-1,2071-12,5
2610012,0:08,46,0,1,6,3,1,-1,2071-12,5
2610013,0:07,3,0,0,0,0,0,-1,-1,5
2610013,0:07,60,1,3,0,5,0,-1,2033-03,5
2610013,0:07,10,0,0,3,4,0,-1,-1,5
2610013,0:07,35,0,1,5,3,0,-1,-1,5
2610013,0:07,36,1,1,8,5,0,-1,2069-01,5
2610014,0:06,36,0,1,6,2,1,2071-01,2071-01,5
2610014,0:06,13,1,0,7,4,0,-1,2071-01,5
2610014,0:06,34,1,1,7,5,0,-1,2071-01,5
2610014,0:06,15,0,0,9,4,0,-1,2071-01,5
2610015,0:10,38,1,1,0,5,0,-1,2067-03,5
2610015,0:10,48,0,1,5,5,0,-1,-1,5
2610015,0:10,26,0,0,10,1,0,-1,-1,5
2610015,0:10,29,0,0,10,2,1,2073-06,-1,5
2610017,0:06,40,1,1,8,5,0,-1,-1,5
2610017,0:06,19,1,0,12,4,0,-1,-1,5
2610017,0:06,17,0,0,10,4,0,-1,-1,5
2610017,0:06,43,0,1,10,5,1,-1,-1,5
2610018,0:08,46,1,1,4,5,0,-1,2051-01,5
2610018,0:08,19,0,0,9,5,0,-1,-1,5
2610018,0:08,51,0,0,10,2,1,2069-05,-1,5
2610018,0:08,24,0,0,12,2,1,2076-11,-1,5
2610019,0:07,76,1,3,0,0,0,-1,-1,5
2610019,0:07,10,1,0,3,4,0,-1,-1,5
2610019,0:07,35,1,1,6,5,0,-1,2062-11,5
2610019,0:07,39,0,1,8,5,0,-1,-1,5
2610019,0:07,16,0,0,10,4,0,-1,-1,5
2610020,0:13,73,1,1,0,0,0,-1,2025-01,5
2610020,0:13,74,0,1,0,0,0,-1,-1,5
2610020,0:13,8,0,0,2,4,0,-1,-1,5
2610020,0:13,10,1,0,4,4,0,-1,-1,5
2610020,0:13,30,1,1,4,5,0,-1,2063-08,5
2610020,0:13,13,1,0,7,4,0,-1,-1,5
2610020,0:13,38,0,1,7,0,1,-1,-1,5
2610020,0:13,15,1,0,8,4,0,-1,-1,5
2610021,0:05,59,1,1,0,5,0,-1,2040-01,5
2610021,0:05,65,0,1,0,5,0,-1,-1,5
2610022,0:03,9,0,0,3,0,0,-1,-1,5
2610022,0:03,35,0,1,7,3,0,-1,-1,5
2610022,0:03,30,1,1,9,5,0,-1,2068-11-12,5
2610023,0:07,1,1,0,0,0,0,-1,-1,5
2610023,0:07,50,0,1,0,5,0,-1,-1,5
2610023,0:07,50,1,1,0,5,0,-1,2047-08,5
2610023,0:07,27,1,1,9,6,0,-1,2077-10,5
2610023,0:07,29,0,1,10,2,1,2078-11,-1,5
2610024,0:05,50,1,1,0,5,0,-1,2049-11,5
2610024,0:05,8,0,0,1,4,0,-1,-1,5
2610024,0:05,55,0,1,6,5,0,-1,-1,5
2610025,0:10,13,0,0,7,4,0,-1,-1,5
2610025,0:10,33,1,1,7,5,0,-1,2064-07,5
2610025,0:10,40,0,1,7,5,1,-1,-1,5
2610025,0:10,5,1,0,KG,4,0,-1,-1,5
2610026,0:03,35,1,1,0,5,0,-1,-1,5
2610026,0:03,38,0,1,8,1,1,-1,-1,5
2610026,0:03,19,0,0,10,4,0,-1,-1,5
2610027,0:05,35,1,1,0,5,0,-1,2057-06,5
2610027,0:05,11,0,0,5,4,0,-1,-1,5
2610027,0:05,36,0,1,8,2,1,2078-06,-1,5
2610027,0:05,17,1,0,12,4,0,-1,-1,5
2610028,0:03,46,1,1,0,6,0,-1,2075-02,5
2610028,0:03,64,0,1,10,5,0,-1,-1,5
2610029,0:05,1,0,0,0,0,0,-1,-1,1
2610029,0:05,63,1,1,0,0,0,-1,2035,1
2610029,0:05,64,0,1,0,0,0,-1,-1,1
2610029,0:05,10,0,0,3,4,0,-1,-1,1
2610029,0:05,45,0,2,5,0,0,-1,-1,1
2610029,0:05,31,1,1,8,5,0,-1,2068-08,1
2610029,0:05,16,0,0,10,4,0,-1,-1,1
2610029,0:05,34,0,1,10,1,1,-1,-1,1
2610031,0:10,66,1,1,0,5,0,-1,2033-08,5
2610031,0:10,70,0,1,3,5,0,-1,-1,5
2610031,0:10,34,1,1,5,6,0,-1,2060-02,5
2610031,0:10,12,1,0,6,4,0,-1,-1,5
2610031,0:10,16,1,0,9,4,0,-1,-1,5
2610031,0:10,35,0,1,10,5,1,-1,-1,5
2610032,0:04,12,0,0,5,4,0,-1,-1,5
2610032,0:04,38,1,1,8,6,0,-1,2060-03,5
2610032,0:04,17,0,0,10,4,0,-1,-1,5
2610032,0:04,38,0,1,10,1,1,-1,-1,5
2610033,0:07,49,1,1,0,5,0,-1,2067-05,5
2610033,0:07,15,0,0,8,0,0,-1,2067-05,5
2610033,0:07,48,0,1,9,2,0,-1,-1,5
2610034,0:15,60,1,1,0,5,0,-1,2031-10,5
2610034,0:15,12,1,0,5,4,0,-1,-1,5
2610034,0:15,28,0,1,12,1,0,-1,-1,5
2610034,0:15,65,0,1,10,0,0,-1,-1,5
2610034,0:15,5,1,0,NS,4,1,-1,2078-11,5
2610034,0:15,21,1,1,14,4,0,-1,2078-08,5
2610035,0:10,60,1,1,0,5,0,-1,-1,5
2610035,0:10,33,1,1,7,5,0,-1,2061-01,5
2610035,0:10,40,0,1,7,5,1,-1,-1,5
2610035,0:10,17,1,0,11,4,0,-1,-1,5
2610035,0:10,5,0,0,NS,4,0,-1,-1,5
2610036,0:13,2,0,0,0,0,0,-1,-1,5
2610036,0:13,61,1,1,1,6,0,-1,-1,5
2610036,0:13,72,0,1,2,5,0,-1,-1,5
2610036,0:13,37,1,1,6,5,0,-1,2065-01,5
2610036,0:13,13,1,0,8,4,0,-1,-1,5
2610036,0:13,39,0,1,9,5,0,-1,-1,5
2610036,0:13,6,1,0,KG,4,0,-1,-1,5
2610037,0:05,3,0,0,0,0,0,-1,-1,5
2610037,0:05,36,1,1,9,5,0,-1,2061-01,5
2610037,0:05,42,0,1,9,5,1,-1,-1,5
2610037,0:05,16,1,0,10,4,0,-1,-1,5
2610038,0:13,4,1,0,0,0,0,-1,-1,5
2610038,0:13,37,1,1,9,5,0,-1,2050-01,5
2610038,0:13,27,0,1,10,2,1,2075-03,-1,5
2610038,0:13,25,1,1,12,6,0,-1,2074-06,5
2610038,0:13,48,0,1,10,5,1,-1,-1,5
2610040,0:06,37,1,1,5,5,0,-1,2059-01,5
2610040,0:06,18,0,0,12,4,0,-1,-1,5
2610040,0:06,45,0,1,10,5,1,-1,-1,5
2610040,0:06,48,0,0,10,5,0,-1,-1,5
2610041,0:06,21,0,0,12,4,0,-1,-1,5
2610041,0:06,27,0,0,12,1,0,-1,-1,5
2610041,0:06,46,1,1,10,5,0,-1,-1,5
2610041,0:06,53,0,1,14,5,0,-1,-1,5
2610042,0:08,3,0,0,0,0,0,-1,-1,5
2610042,0:08,47,1,1,8,5,0,-1,2052-01,5
2610042,0:08,23,1,1,12,6,0,-1,2075-08,5
2610042,0:08,25,0,1,12,1,0,-1,-1,5
2610042,0:08,20,0,0,10,4,0,-1,-1,5
2610042,0:08,53,0,1,14,5,1,-1,-1,5
2610043,0:05,64,0,1,12,1,0,-1,-1,5
2610043,0:05,4,1,0,NS,4,0,-1,-1,5
2610043,0:05,57,1,1,0,5,0,-1,2039-08,5
2610043,0:05,30,1,1,14,5,0,-1,2072-11,5
2610043,0:05,36,0,1,14,5,0,-1,-1,5
2610044,0:06,50,1,1,0,5,0,-1,-1,5
2610044,0:06,53,0,1,6,5,0,-1,2042-10,5
2610044,0:06,18,0,0,8,2,0,-1,-1,5
2610045,0:06,9,0,0,2,4,0,-1,-1,5
2610045,0:06,41,1,1,5,5,0,-1,2055-10,5
2610045,0:06,47,0,1,10,2,1,-1,-1,5
2610045,0:06,17,1,0,11,4,0,-1,-1,5
2610046,0:05,1,1,0,0,0,0,-1,-1,5
2610046,0:05,41,0,1,10,5,1,-1,-1,5
2610046,0:05,37,1,1,12,5,0,-1,2066-11,5
2610046,0:05,5,1,0,NS,4,0,-1,-1,5
2610047,0:04,72,0,3,3,5,0,-1,-1,5
2610047,0:04,33,1,1,10,5,0,-1,2067-03,5
2610047,0:04,40,0,1,10,5,1,-1,-1,5
2610048,0:12,50,1,1,0,5,0,-1,2044-11,5
2610048,0:12,62,1,1,0,5,0,-1,2032-10,5
2610048,0:12,64,0,1,0,5,0,-1,-1,5
2610048,0:12,31,0,0,12,2,1,2073-05,-1,5
2610049,0:05,1,0,0,0,0,0,-1,-1,5
2610049,0:05,53,1,1,0,5,0,-1,2040,5
2610049,0:05,54,0,1,8,5,0,-1,-1,5
2610049,0:05,22,1,1,10,5,0,-1,2076-01,5
2610049,0:05,29,0,1,10,3,0,-1,-1,5
2610050,0:11,60,1,1,0,5,0,-1,-1,5
2610050,0:11,69,0,1,7,5,0,-1,-1,5
2610050,0:11,27,1,1,10,5,0,-1,2071-08,5
2610050,0:11,36,0,1,10,5,1,-1,-1,5
2610050,0:11,7,0,0,KG,4,0,-1,-1,5
2610051,0:05,3,0,0,0,0,0,-1,-1,5
2610051,0:05,30,1,1,12,5,0,-1,-1,5
2610051,0:05,30,0,1,12,2,0,-1,-1,5
2610052,0:04,8,1,0,2,4,0,-1,-1,5
2610052,0:04,11,1,0,5,4,0,-1,-1,5
2610052,0:04,40,0,1,7,5,0,-1,-1,5
2610052,0:04,34,1,1,12,5,0,-1,2063-11,5
2610053,0:07,1,0,0,0,0,0,-1,-1,5
2610053,0:07,32,1,1,0,5,0,-1,2067-01,5
2610053,0:07,36,0,1,3,3,0,-1,-1,5
2610053,0:07,5,0,0,NS,4,0,-1,-1,5
2610054,0:06,98,0,0,0,0,0,-1,-1,5
2610054,0:06,33,1,1,6,5,0,-1,-1,5
2610054,0:06,18,0,0,10,4,0,-1,-1,5
2610054,0:06,44,0,1,10,5,1,-1,-1,5
2610054,0:06,20,1,0,14,4,0,-1,-1,5
2610055,0:05,55,1,1,0,5,0,-1,-1,5
2610055,0:05,11,0,0,5,4,0,-1,-1,5
2610055,0:05,30,1,1,9,6,0,-1,-1,5
2610055,0:05,66,0,1,9,5,0,-1,-1,5
2610055,0:05,16,0,0,10,4,0,-1,-1,5
2610055,0:05,40,0,1,10,5,0,-1,-1,5
2610056,0:05,45,1,1,0,5,0,-1,2044-11,5
2610056,0:05,21,1,0,6,5,0,-1,-1,5
2610056,0:05,51,0,1,7,5,0,-1,-1,5
2610056,0:05,27,0,0,12,5,0,-1,-1,5
2610056,0:05,30,1,0,10,5,0,-1,-1,5
2610057,0:08,73,1,1,0,0,0,-1,2018,5
2610057,0:08,8,1,0,2,4,0,-1,-1,5
2610057,0:08,33,0,1,10,3,0,-1,-1,5
2610057,0:08,6,1,0,KG,4,0,-1,-1,5
2610057,0:08,28,1,1,10,5,0,-1,2069-03,5
2610058,0:06,78,0,1,0,5,0,-1,-1,5
2610058,0:06,6,0,0,1,4,0,-1,-1,5
2610058,0:06,27,1,1,10,5,0,-1,2070-08,5
2610058,0:06,33,0,1,10,3,1,-1,-1,5
2610058,0:06,5,1,0,KG,4,0,-1,-1,5
2610059,0:09,66,1,3,0,5,0,-1,-1,5
2610059,0:09,24,1,1,8,5,0,-1,2074-11,5
2610059,0:09,31,1,0,9,5,0,-1,-1,5
2610059,0:09,30,0,1,11,5,1,-1,-1,5
2610059,0:09,4,0,0,NS,4,0,-1,-1,5
2610060,0:10,3,0,0,0,0,0,-1,-1,5
2610060,0:10,45,1,1,0,5,0,-1,2049-03,5
2610060,0:10,55,0,1,0,5,0,-1,2026-12,5
2610060,0:10,22,0,0,7,5,0,-1,-1,5
2610060,0:10,25,1,1,9,5,0,-1,2074-10,5
2610060,0:10,26,0,1,9,3,0,-1,-1,5
2610061,0:11,50,1,1,0,5,0,-1,2048-01,5
2610061,0:11,50,0,1,6,5,0,-1,-1,5
2610061,0:11,26,1,1,12,6,0,-1,2074-11,5
2610061,0:11,24,0,0,10,3,0,-1,-1,5
2610061,0:11,30,0,1,10,2,0,2070-04,-1,5
2610062,0:08,60,1,1,0,5,0,-1,-1,5
2610062,0:08,67,0,1,0,5,0,-1,2026-11,5
2610062,0:08,22,1,0,12,2,1,-1,-1,5
2610062,0:08,28,1,0,12,2,1,2073-08,-1,5
2610063,0:10,58,1,1,0,5,0,-1,2068-08,5
2610063,0:10,67,0,1,0,5,0,-1,2026-11,5
2610063,0:10,24,1,1,3,2,0,2077-02,2077-02,5
2610063,0:10,26,0,1,8,2,0,2077-02,2068-08,5
2610063,0:10,29,0,1,10,2,0,-1,2068-08,5
2610063,0:10,26,1,1,12,6,0,-1,2075-08,5
2610064,0:09,49,1,1,0,5,0,-1,-1,5
2610064,0:09,59,0,0,0,1,1,2074-05,2021-04,5
2610064,0:09,40,1,1,5,5,0,-1,-1,5
2610064,0:09,11,0,0,6,4,0,-1,-1,5
2610064,0:09,15,0,0,9,4,0,-1,-1,5
2610064,0:09,21,1,0,12,4,0,-1,-1,5
2610066,0:08,53,1,1,0,5,0,-1,2045-02,5
2610066,0:08,56,0,1,7,5,0,-1,-1,5
2610066,0:08,22,0,0,14,4,1,2077-07,-1,5
2610067,0:07,53,1,1,0,5,0,-1,2046-01,5
2610067,0:07,56,0,1,0,5,0,-1,-1,5
2610067,0:07,20,0,0,12,4,0,-1,-1,5
2610067,0:07,18,0,0,10,4,0,-1,-1,5
2610068,0:08,12,1,0,6,4,0,-1,-1,5
2610068,0:08,14,0,0,8,4,0,-1,-1,5
2610068,0:08,35,1,1,12,1,0,-1,2061-01,2
2610068,0:08,41,0,1,10,5,1,-1,-1,5
2610070,0:06,49,1,1,0,5,0,-1,2050-01,5
2610070,0:06,17,0,0,11,4,0,-1,-1,5
2610070,0:06,54,0,1,10,2,0,2071-09,-1,5
2610071,0:05,38,1,1,3,5,0,-1,2060-02,5
2610071,0:05,14,1,0,9,4,0,-1,-1,5
2610071,0:05,18,1,0,10,4,0,-1,-1,5
2610071,0:05,50,0,1,10,5,0,-1,-1,5
2610072,0:07,8,0,0,2,4,0,-1,-1,5
2610072,0:07,12,1,0,6,4,0,-1,-1,5
2610072,0:07,39,0,1,11,1,1,-1,-1,5
2610072,0:07,36,1,1,14,2,0,-1,2058-11,5
2610073,0:06,2,0,0,0,0,0,-1,-1,5
2610073,0:06,11,1,0,4,4,0,-1,-1,5
2610073,0:06,34,0,1,10,5,1,-1,-1,5
2610073,0:06,30,1,1,12,6,0,-1,2066-01,5
2610073,0:06,65,1,1,0,5,0,-1,2035-01,5
2610074,0:08,53,1,1,0,5,0,-1,2040-10,5
2610074,0:08,55,0,1,0,5,0,-1,-1,5
2610074,0:08,15,1,0,9,4,0,-1,-1,5
2610074,0:08,40,1,0,10,0,0,-1,-1,5
2610074,0:08,20,1,0,12,4,0,-1,-1,5
2610074,0:08,16,1,0,10,4,0,-1,-1,5
2610075,0:05,75,1,3,0,0,0,-1,-1,5
2610075,0:05,9,0,0,2,4,0,-1,-1,5
2610075,0:05,30,1,1,10,5,0,-1,2068-08,5
2610075,0:05,35,0,1,10,2,1,2072-02,-1,5
2610076,0:08,2,0,0,0,0,0,-1,-1,5
2610076,0:08,55,1,3,0,5,0,-1,2042-10,5
2610076,0:08,34,1,1,10,2,0,-1,2070-08,5
2610076,0:08,34,0,1,10,2,0,-1,-1,5
2610076,0:08,4,1,0,NS,4,0,-1,-1,5
2610077,0:09,2,1,0,0,0,0,-1,-1,5
2610077,0:09,46,1,1,6,5,0,-1,-1,5
2610077,0:09,20,1,0,12,5,0,-1,-1,5
2610077,0:09,25,1,1,12,2,0,-1,-1,5
2610077,0:09,29,0,1,16,2,0,-1,-1,5
2610077,0:09,49,0,1,10,5,0,-1,-1,5
2610078,0:10,45,1,1,0,5,0,-1,2056-01,5
2610078,0:10,74,1,1,0,5,0,-1,2056-01,5
2610078,0:10,79,0,1,3,5,0,-1,-1,5
2610078,0:10,48,0,1,9,5,1,-1,-1,5
2610078,0:10,20,1,0,12,4,0,-1,-1,5
2610078,0:10,18,1,0,10,4,0,-1,-1,5
2610079,0:09,61,0,3,0,5,0,-1,2038,5
2610079,0:09,39,0,1,5,3,1,-1,-1,5
2610079,0:09,42,1,1,7,5,0,-1,2058-11,5
2610079,0:09,19,1,0,12,4,0,-1,-1,5
2610079,0:09,17,0,0,10,4,0,-1,-1,5
2610081,0:06,70,0,1,0,5,0,-1,-1,5
2610081,0:06,70,1,1,0,5,0,-1,-1,5
2610081,0:06,1,1,0,0,0,0,-1,-1,5
2610081,0:06,45,1,1,8,5,0,-1,-1,5
2610081,0:06,22,1,1,12,6,0,-1,2076-11,5
2610081,0:06,25,0,1,12,4,0,-1,-1,5
2610081,0:06,50,0,1,10,2,1,2068-09,-1,5
2610083,0:02,46,1,1,0,5,0,-1,2072-11,5
2610083,0:02,54,0,1,4,5,1,-1,2072-11,5
2610084,0:09,5,0,0,PG,4,0,2077-07,-1,1
2610084,0:09,55,1,1,0,5,0,-1,2036-11,1
2610084,0:09,66,0,1,6,5,0,-1,2036-11,1
2610084,0:09,25,0,0,12,2,1,2075-02,-1,1
2610084,0:09,28,0,0,10,5,1,-1,-1,1
2610084,0:09,29,1,1,10,1,0,2077-07,2073-10,1
2610084,0:09,39,1,1,10,2,1,2068-12,-1,1
2610085,0:07,55,1,1,0,5,0,-1,2039-01,3
2610085,0:07,61,0,1,10,5,1,-1,2018-01,3
2610085,0:07,29,1,1,12,5,0,-1,2069-11,3
2610085,0:07,38,0,1,10,2,1,2074-10,-1,3
2610085,0:07,5,0,0,NS,4,0,-1,-1,3
2610086,0:08,53,1,1,0,5,0,-1,-1,1
2610086,0:08,49,0,1,4,2,1,2067-09,2030-08,1
2610086,0:08,19,0,0,8,2,0,-1,-1,1
2610086,0:08,24,1,0,14,4,1,2079-01,-1,1
2610087,0:20,19,0,0,5,3,0,-1,-1,2
2610087,0:20,43,1,1,5,5,0,-1,2053-04,2
2610087,0:20,44,0,1,7,1,0,-1,2035-11,2
2610087,0:20,21,0,0,10,3,0,-1,-1,2
2610087,0:20,23,1,2,10,6,0,-1,-1,2
2610087,0:20,4,0,0,NS,4,0,-1,2079-01,5
2610088,0:05,40,0,1,0,5,1,-1,-1,3
2610088,0:05,39,1,1,1,5,0,-1,2060-11,3
2610088,0:05,14,1,0,4,5,0,-1,-1,3
2610088,0:05,18,0,0,4,5,1,-1,-1,3
2610090,0:05,58,1,1,0,5,1,-1,2052-09,2
2610090,0:05,62,0,1,4,5,0,-1,2052-09,2
2610090,0:05,13,0,0,6,4,0,-1,2078-05,2
2610090,0:05,19,1,0,8,4,0,-1,2078-05,2
2610091,0:07,36,1,1,2,6,0,-1,2067-05,3
2610091,0:07,56,0,1,2,5,0,-1,-1,3
2610091,0:07,11,1,0,5,4,0,-1,-1,3
2610091,0:07,20,0,0,7,2,1,2076-08,-1,3
2610091,0:07,23,1,0,7,2,1,2078-03,-1,3
2610092,0:05,48,1,1,0,5,0,-1,-1,5
2610092,0:05,53,0,1,0,5,0,-1,-1,5
2610092,0:05,6,0,0,2,4,0,-1,-1,5
2610092,0:05,24,0,2,10,3,1,-1,-1,5
2610093,0:10,28,0,1,7,3,0,-1,-1,6
2610093,0:10,26,1,1,8,5,0,-1,2075-08,6
2610093,0:10,26,0,1,8,2,0,-1,-1,6
2610093,0:10,29,1,1,9,5,0,-1,2070-06,6
2610093,0:10,3,1,0,NS,4,0,-1,-1,6
2610093,0:10,5,1,0,NS,4,0,-1,-1,6
2610095,0:03,50,0,1,0,3,1,-1,2050-03,2
2610095,0:03,39,1,1,4,2,0,-1,2050-02,2
2610095,0:03,12,0,0,7,4,0,-1,2077-11,2
2610095,0:03,13,0,0,7,4,0,-1,2077-11,2
2610100,0:06,32,1,1,4,6,0,-1,2068-09,6
2610100,0:06,32,0,1,5,3,1,-1,-1,6
2610101,0:09,45,1,3,2,5,0,-1,2045-08,3
2610101,0:09,14,0,0,5,4,0,-1,2065-02,3
2610101,0:09,21,1,1,6,2,0,2077-09,2077-04,3
2610101,0:09,29,1,1,6,6,0,-1,2073-03,3
2610101,0:09,27,0,1,7,3,0,2077-07,-1,3
2610101,0:09,29,0,1,7,3,0,-1,-1,3
2610101,0:09,26,0,0,8,3,0,-1,-1,3
2610101,0:09,5,1,0,NS,4,0,-1,-1,3
2610102,0:06,2,0,0,0,0,0,-1,-1,3
2610102,0:06,8,0,0,1,4,0,-1,-1,3
2610102,0:06,57,0,3,4,3,0,-1,-1,3
2610102,0:06,27,1,1,8,5,0,-1,2070-10,3
2610102,0:06,32,0,1,9,5,1,-1,-1,3
2610103,0:08,20,0,0,12,2,0,-1,-1,1
2610103,0:08,45,1,1,4,5,0,-1,2055-10,1
2610103,0:08,55,0,1,5,2,1,2069-01,-1,1
2610104,0:09,70,1,1,0,6,0,-1,2025-11,3
2610104,0:09,77,0,1,0,5,0,-1,2021-10,3
2610104,0:09,45,1,0,4,5,0,-1,2050-12,3
2610105,0:07,49,1,1,0,5,0,-1,2055-01,3
2610105,0:07,51,0,1,5,3,1,2079-01,-1,3
2610105,0:07,23,0,0,9,0,0,2078-02,-1,3
2610106,0:05,38,1,1,3,5,1,-1,-1,3
2610106,0:05,17,1,0,4,5,1,-1,2067-09,3
2610106,0:05,49,0,1,7,2,1,2053-09,-1,3
2610107,0:09,75,1,3,0,6,1,-1,2076-05,2
2610107,0:09,40,0,1,10,5,1,-1,2044-02,2
2610107,0:09,43,1,1,10,5,0,-1,-1,2
2610107,0:09,21,1,0,12,4,0,-1,-1,2
2610108,0:07,83,1,3,0,0,1,-1,2074-06,2
2610108,0:07,15,0,0,7,4,0,-1,-1,2
2610108,0:07,39,1,1,7,5,0,-1,-1,2
2610108,0:07,40,0,1,9,2,1,2076-06,2044,2
2610108,0:07,18,1,0,12,4,0,-1,-1,2
2610109,0:10,72,1,3,0,5,0,-1,2025-08,2
2610109,0:10,29,1,1,3,0,1,-1,2065-11,2
2610109,0:10,39,0,1,4,5,1,-1,-1,2
2610109,0:10,12,0,0,6,4,0,-1,-1,2
2610109,0:10,25,0,0,6,5,1,2074-03,-1,2
2610109,0:10,20,1,0,12,0,0,-1,-1,2
2610109,0:10,16,1,0,10,4,0,-1,-1,2
2610111,0:05,53,1,1,0,5,0,-1,2045-10,2
2610111,0:05,60,0,1,4,1,0,-1,2045-10,2
2610111,0:05,18,1,1,11,4,0,-1,2079-01,2
2610111,0:05,24,0,1,12,2,0,-1,-1,2
2610118,0:06,3,1,0,0,0,0,-1,-1,1
2610118,0:06,61,0,3,3,5,0,-1,2018-08,1
2610118,0:06,21,1,1,9,6,0,-1,2074-11,1
2610118,0:06,35,0,1,10,3,1,-1,-1,1
2610119,0:08,78,1,3,0,5,1,-1,2058-02,1
2610119,0:08,9,1,0,2,4,0,-1,2076-10,1
2610119,0:08,46,0,2,7,5,1,-1,2058-02,1
2610119,0:08,21,1,1,8,6,0,-1,2073-08,1
2610119,0:08,30,0,1,9,3,1,-1,2058-02,1
2610119,0:08,33,1,2,9,2,1,-1,2076-10,1
2610119,0:08,3,1,0,NS,4,0,-1,-1,1
2610123,0:05,12,0,0,4,4,0,-1,2076-06,3
2610123,0:05,36,1,1,5,5,0,-1,2076-06,3
2610123,0:05,39,0,1,9,5,0,-1,2076-06,3
2610124,0:07,39,1,1,0,2,0,-1,2067-12,3
2610124,0:07,12,0,0,5,4,0,-1,2067-12,3
2610124,0:07,13,0,0,6,4,0,-1,2067-12,3
2610124,0:07,19,1,0,11,4,0,-1,2067-12,3
2611001,0:06,8,1,0,2,4,0,-1,2073-02,4
2611001,0:06,11,1,0,6,4,0,-1,2073-02,4
2611001,0:06,35,1,1,12,5,0,-1,2073-02,4
2611001,0:06,37,0,1,12,5,0,-1,2073-02,4
2611001,0:06,5,0,0,NS,4,0,-1,-1,4
2611002,0:06,39,1,1,0,5,0,-1,2070-02,5
2611002,0:06,75,0,3,0,0,0,-1,-1,5
2611002,0:06,13,0,0,6,4,0,-1,-1,5
2611002,0:06,43,0,1,7,2,1,2062-06,-1,5
2611002,0:06,17,1,0,10,4,0,-1,-1,5
2611003,0:07,10,0,0,4,4,0,-1,-1,5
2611003,0:07,15,0,0,8,4,0,-1,-1,5
2611003,0:07,35,1,1,8,1,0,-1,2063-11,5
2611003,0:07,40,0,1,10,5,1,2064-12,-1,5
2611004,0:06,10,0,0,5,4,0,-1,-1,5
2611004,0:06,51,0,1,7,2,1,2059-01,-1,5
2611004,0:06,44,1,1,8,5,0,-1,-1,5
2611004,0:06,20,1,0,12,0,0,-1,-1,5
2611004,0:06,23,1,0,12,4,0,-1,-1,5
2611005,0:07,45,1,1,0,5,0,-1,2044-10,5
2611005,0:07,50,0,1,6,5,1,2064-02,-1,5
2611005,0:07,23,1,1,12,4,0,-1,2079-02,5
2611005,0:07,25,0,1,12,4,0,-1,-1,5
2611006,0:15,72,0,3,0,5,0,-1,2049-01,1
2611006,0:15,34,1,1,6,5,0,-1,-1,1
2611006,0:15,14,0,0,7,4,0,-1,-1,1
2611006,0:15,44,0,1,9,2,1,2076-11,-1,1
2611006,0:15,43,1,1,10,5,0,-1,-1,1
2611006,0:15,21,1,0,12,4,0,-1,-1,1
2611006,0:15,45,0,1,12,2,1,2077-01,-1,1
2611006,0:15,17,1,0,10,4,0,-1,-1,1
2611006,0:15,20,0,0,10,4,0,-1,-1,1
2611007,0:09,54,1,1,0,5,0,-1,2075-10,4
2611007,0:09,12,0,0,7,4,0,-1,2075-10,4
2611007,0:09,25,0,1,7,2,1,2078-09,2075-10,4
2611007,0:09,21,1,1,8,0,0,-1,2076-07,4
2611007,0:09,60,0,1,8,5,1,-1,2075-10,4
2611007,0:09,30,1,1,9,6,0,-1,2075-10,4
2611007,0:09,35,0,1,10,5,1,-1,2075-10,4
2611008,0:09,46,1,1,0,5,0,-1,-1,3
2611008,0:09,51,0,1,8,2,1,-1,2077-02,3
2611008,0:09,20,0,0,10,0,0,-1,2077-02,3
2611009,0:08,16,1,0,10,4,0,-1,2073-12,2
2611009,0:08,45,0,1,10,1,1,-1,2073-12,2
2611009,0:08,21,0,0,12,4,0,-1,2073-12,2
2611009,0:08,38,1,1,14,6,0,-1,2073-12,2
2611010,0:05,40,1,1,0,5,0,-1,2058-01,5
2611010,0:05,41,0,1,8,5,0,-1,-1,5
2611010,0:05,16,0,0,11,4,0,-1,-1,5
2611010,0:05,18,1,0,12,4,0,-1,-1,5
2611011,0:06,28,1,1,3,5,0,-1,-1,5
2611011,0:06,11,0,0,6,4,0,-1,-1,5
2611011,0:06,32,0,1,10,3,1,-1,-1,5
2611011,0:06,7,1,0,KG,4,0,-1,-1,5
2611012,0:05,74,1,1,0,0,0,-1,2018-12,3
2611012,0:05,55,1,1,5,5,0,-1,2044-11,3
2611012,0:05,56,0,1,10,5,1,-1,2036-04,3
2611013,0:07,2,1,0,0,0,0,-1,-1,5
2611013,0:07,48,1,1,0,5,0,-1,-1,5
2611013,0:07,57,0,1,0,5,1,-1,-1,5
2611013,0:07,8,1,0,2,4,0,-1,-1,5
2611013,0:07,25,1,1,7,5,0,-1,2070-01,5
2611013,0:07,27,0,1,10,2,1,2078-01,-1,5
2611013,0:07,26,1,1,10,5,0,-1,2077-08,5
2611013,0:07,30,0,1,10,2,0,-1,-1,5
2611014,0:06,68,1,3,0,5,0,-1,2068-02,3
2611014,0:06,5,1,0,KG,4,0,-1,-1,3
2611014,0:06,27,1,1,10,5,0,-1,2073-07,3
2611014,0:06,32,0,1,10,2,1,2075-06,2068-02,3
2611015,0:07,37,1,1,3,5,1,-1,2068-05,3
2611015,0:07,42,0,1,10,2,1,2070-12,2068-05,3
2611015,0:07,18,0,0,12,4,0,-1,2068-05,3
2611016,0:05,11,0,0,4,4,0,-1,-1,1
2611016,0:05,13,1,0,7,4,0,-1,-1,1
2611016,0:05,37,1,1,12,5,0,-1,2062-08,1
2611016,0:05,41,0,1,10,1,1,-1,-1,1
2611017,0:05,11,0,0,4,4,0,-1,-1,1
2611017,0:05,36,1,1,9,5,0,-1,2061-01,1
2611017,0:05,18,0,0,10,4,0,-1,-1,1
2611017,0:05,41,0,1,10,5,0,-1,-1,1
2611018,0:04,68,0,1,0,5,0,-1,-1,5
2611018,0:04,59,1,1,1,0,0,-1,2034-12,5
2611018,0:04,10,0,0,2,4,0,-1,-1,5
2611018,0:04,38,0,3,9,1,1,-1,-1,5
2611019,0:04,33,1,1,4,5,0,-1,2074-01,5
2611019,0:04,11,0,0,6,4,0,-1,-1,5
2611019,0:04,14,0,0,8,4,0,-1,-1,5
2611019,0:04,45,0,1,10,5,0,-1,-1,5
2611020,0:06,3,1,0,PG,4,0,-1,-1,5
2611020,0:06,56,1,1,0,6,0,-1,-1,5
2611020,0:06,58,0,1,0,5,0,-1,-1,5
2611020,0:06,23,0,1,6,2,1,2078-06,-1,5
2611020,0:06,22,1,1,9,6,0,-1,2075-07,5
2611021,0:07,45,1,1,0,5,0,-1,2050-08,5
2611021,0:07,50,0,1,0,5,0,-1,-1,5
2611021,0:07,85,0,3,0,0,0,-1,2013-10,5
2611021,0:07,14,0,0,8,4,0,-1,-1,5
2611021,0:07,33,1,3,8,5,0,-1,2062-01,5
2611021,0:07,21,0,0,10,3,0,-1,-1,5
2611024,0:07,11,1,0,5,4,0,-1,-1,3
2611024,0:07,32,1,1,7,2,1,2079-01,2063-02,3
2611024,0:07,40,0,1,7,5,1,-1,-1,3
2611024,0:07,8,0,0,KG,4,0,-1,-1,3
2611025,0:07,11,0,0,5,4,0,-1,-1,3
2611025,0:07,29,1,1,5,5,0,-1,-1,3
2611025,0:07,32,0,1,6,3,1,-1,-1,3
2611025,0:07,5,1,0,NS,4,0,-1,-1,3
2611026,0:08,40,1,1,1,5,0,-1,2060-11,3
2611026,0:08,16,0,0,7,4,0,-1,-1,3
2611026,0:08,47,0,1,10,2,1,2071-09,-1,3
2611026,0:08,18,0,0,10,4,0,-1,-1,3
2611027,0:10,40,1,1,0,5,0,-1,2054-11,3
2611027,0:10,43,0,1,5,2,1,2078-06,-1,3
2611027,0:10,22,0,0,10,3,0,-1,-1,3
2611027,0:10,16,1,0,10,4,0,-1,-1,3
2611027,0:10,17,1,0,10,4,0,-1,-1,3
2611028,0:07,62,1,1,0,5,1,-1,2031,3
2611028,0:07,64,0,1,3,5,1,-1,2020,3
2611028,0:07,24,1,0,10,2,1,2076-11,-1,3
2611030,0:05,59,0,1,0,3,1,-1,-1,3
2611030,0:05,51,1,1,1,5,0,-1,2046-03,3
2611030,0:05,21,0,0,8,2,1,2078-05,-1,3
2611030,0:05,17,0,0,10,4,0,-1,-1,3
2611032,0:07,2,0,0,0,0,0,-1,-1,5
2611032,0:07,59,0,1,0,5,0,-1,-1,5
2611032,0:07,60,1,1,0,5,0,-1,-1,5
2611032,0:07,28,1,1,12,6,0,-1,2076-08,5
2611032,0:07,30,0,1,12,2,1,2069-05,-1,5
2611033,0:03,38,1,1,7,1,0,-1,-1,5
2611033,0:03,44,0,1,10,5,1,-1,-1,5
2611033,0:03,20,0,0,12,4,0,-1,-1,5
2611033,0:03,17,0,0,10,4,0,-1,-1,5
2611034,0:08,69,0,1,3,5,0,-1,-1,5
2611034,0:08,13,0,0,6,4,0,-1,-1,5
2611034,0:08,37,1,1,7,5,0,-1,2072-01,5
2611034,0:08,37,0,1,7,5,1,-1,-1,5
2611034,0:08,65,1,1,7,5,0,-1,2030-01,5
2611036,0:06,63,1,1,0,5,0,-1,2035-01,1
2611036,0:06,52,1,1,3,5,0,-1,-1,1
2611036,0:06,64,0,1,5,1,1,-1,2020-01,1
2611036,0:06,22,0,0,12,4,0,-1,-1,1
2611037,0:08,62,1,1,0,5,0,-1,-1,5
2611037,0:08,9,1,0,2,4,0,-1,-1,5
2611037,0:08,65,0,1,7,5,0,-1,-1,5
2611037,0:08,30,1,1,8,5,0,-1,2069-08,5
2611037,0:08,37,0,1,8,2,1,-1,-1,5
2611037,0:08,4,0,0,NS,4,0,-1,-1,5
2611038,0:13,3,0,0,PG,4,0,-1,-1,5
2611038,0:13,46,1,1,0,5,0,-1,2051-08,5
2611038,0:13,50,0,1,0,5,0,-1,-1,5
2611038,0:13,24,1,1,6,5,0,-1,2074-01,5
2611038,0:13,18,1,1,8,0,0,-1,2077-02,5
2611038,0:13,20,0,1,9,3,0,-1,-1,5
2611038,0:13,25,0,1,9,2,0,-1,-1,5
2611038,0:13,24,1,1,12,6,0,-1,2074-06,5
2611038,0:13,27,0,1,10,2,1,2077-12,-1,5
2611038,0:13,4,0,0,NS,4,0,-1,-1,5
2611039,0:15,1,0,0,0,0,0,-1,-1,5
2611039,0:15,60,1,3,0,0,0,-1,-1,5
2611039,0:15,32,1,1,8,5,0,-1,2068-10,5
2611039,0:15,36,0,1,8,2,0,2063-10,-1,5
2611039,0:15,25,0,0,9,0,0,-1,-1,5
2611039,0:15,4,1,0,NS,4,0,-1,-1,5
2611040,0:03,30,1,0,0,5,0,-1,-1,5
2611040,0:03,70,0,3,0,5,0,-1,-1,5
2611041,0:12,62,1,1,1,5,0,-1,2047-03,1
2611041,0:12,75,0,1,5,5,0,-1,2025-02,1
2611041,0:12,19,1,0,9,5,0,-1,2074-02,1
2611041,0:12,27,0,0,12,0,0,-1,-1,1
2611041,0:12,30,0,0,12,2,1,2071-11,-1,1
2611042,0:17,73,1,3,0,0,0,-1,2020-10,5
2611042,0:17,9,1,0,3,4,0,-1,-1,5
2611042,0:17,36,1,1,8,5,0,-1,-1,5
2611042,0:17,17,1,0,9,4,0,-1,-1,5
2611042,0:17,40,0,1,10,5,1,-1,-1,5
2611044,0:09,32,1,1,0,2,1,2078-08,2070-04,5
2611044,0:09,57,1,1,0,5,0,-1,-1,5
2611044,0:09,60,0,1,0,0,0,-1,-1,5
2611044,0:09,30,0,1,7,2,1,2073-10,-1,5
2611044,0:09,6,1,0,KG,4,0,-1,-1,5
2611045,0:07,26,1,0,0,0,0,-1,-1,5
2611045,0:07,29,0,0,0,0,0,-1,-1,5
2611045,0:07,63,1,1,0,5,0,-1,-1,5
2611045,0:07,65,0,1,0,5,0,-1,-1,5
2611045,0:07,10,1,0,4,4,0,-1,2070-01,5
2611046,0:04,56,1,1,0,5,0,-1,2038,1
2611046,0:04,62,0,1,3,5,0,-1,2019,1
2611049,0:08,60,1,1,0,5,0,-1,2039-06,5
2611049,0:08,61,0,1,0,5,0,-1,-1,5
2611049,0:08,92,0,3,0,0,0,-1,-1,5
2611049,0:08,24,1,1,9,6,0,-1,2072-06,5
2611049,0:08,23,0,1,12,2,1,2077-07,-1,5
2611049,0:08,6,1,0,KG,4,0,-1,-1,5
2611051,0:05,14,1,0,7,4,0,-1,-1,5
2611051,0:05,40,0,1,10,2,1,2076-12,-1,5
2611051,0:05,36,1,1,10,5,0,-1,-1,5
2611051,0:05,7,1,0,KG,4,0,-1,-1,5
2611052,0:10,60,1,1,0,5,0,-1,2052-07,1
2611052,0:10,65,0,1,0,5,0,-1,2052-07,1
2611052,0:10,11,0,0,4,4,0,-1,-1,1
2611052,0:10,27,1,1,5,5,0,-1,2067-08,1
2611052,0:10,35,0,1,10,2,1,2078-06,2052-07,1
2611052,0:10,27,0,0,12,2,0,-1,2052-07,1
2611053,0:08,13,1,0,7,4,0,-1,-1,5
2611053,0:08,40,1,1,7,5,0,-1,2066-02,5
2611053,0:08,45,0,1,8,2,1,2070-02,-1,5
2611054,0:06,39,1,1,0,5,0,-1,2043-10,5
2611054,0:06,50,0,1,7,5,1,-1,-1,5
2611054,0:06,25,0,0,10,2,1,2075-09,-1,5
2611056,0:25,4,1,0,0,0,0,-1,-1,1
2611056,0:25,61,1,3,0,5,1,-1,2022-02,1
2611056,0:25,9,0,0,3,4,0,-1,-1,1
2611056,0:25,42,0,1,5,2,1,2076-09,-1,1
2611056,0:25,21,1,1,8,5,0,-1,2071-10,1
2611056,0:25,33,0,1,8,2,1,2078-08,-1,1
2611056,0:25,38,0,1,8,2,1,2078-01,-1,1
2611056,0:25,20,0,0,12,5,0,-1,-1,1
2611056,0:25,32,1,1,10,5,1,2076-07,2075-06,1
2611056,0:25,33,1,1,10,5,0,-1,2068-08,1
2611056,0:25,6,1,0,KG,4,0,-1,-1,1
2611058,0:04,58,1,1,0,5,0,-1,-1,3
2611058,0:04,59,0,1,8,5,1,-1,2020-03,3
2611060,0:10,53,0,1,0,5,0,-1,-1,3
2611060,0:10,54,1,1,0,5,0,-1,2042-11,3
2611060,0:10,26,1,1,7,5,0,-1,2074-02,3
2611060,0:10,26,0,1,7,2,0,-1,-1,3
2611060,0:10,4,1,0,NS,4,0,-1,-1,3
2611061,0:08,1,0,0,0,0,0,-1,-1,2
2611061,0:08,31,0,1,5,1,0,-1,2069-11,2
2611061,0:08,12,0,0,7,4,0,-1,-1,2
2611061,0:08,29,1,1,9,5,0,-1,-1,2
2611062,0:09,43,1,1,0,5,0,-1,2036-10,5
2611062,0:09,56,0,1,5,5,0,-1,-1,5
2611062,0:09,14,1,0,8,4,0,-1,-1,5
2611062,0:09,36,0,2,8,3,0,-1,-1,5
2611063,0:17,59,1,1,0,5,0,-1,2037-11,5
2611063,0:17,62,0,1,0,5,0,-1,-1,5
2611063,0:17,12,1,0,7,4,0,-1,-1,5
2611063,0:17,18,1,1,8,5,0,-1,2078-08,5
2611063,0:17,32,0,1,8,2,1,2075-11,-1,5
2611063,0:17,30,1,1,9,5,0,-1,-1,5
2611063,0:17,35,0,1,10,5,1,-1,-1,5
2611063,0:17,20,1,0,12,5,0,-1,-1,5
2611063,0:17,7,1,0,KG,4,0,-1,-1,5
2611064,0:07,45,1,1,0,5,0,-1,2072-10,5
2611064,0:07,57,1,1,0,5,0,-1,2040-10,5
2611064,0:07,6,0,0,1,4,0,-1,-1,5
2611064,0:07,37,0,1,8,2,0,-1,-1,5
2611064,0:07,57,0,1,9,5,0,-1,-1,5
2611064,0:07,24,0,0,10,4,0,-1,-1,5
2611064,0:07,29,1,1,12,4,0,-1,-1,5
2611064,0:07,5,0,0,KG,4,0,-1,-1,5
2611065,0:10,45,1,0,0,0,0,-1,-1,5
2611065,0:10,57,1,3,0,6,0,-1,-1,5
2611065,0:10,10,0,0,4,4,0,-1,-1,5
2611065,0:10,29,0,1,9,2,1,-1,-1,5
2611065,0:10,30,1,1,9,5,0,-1,2079-01,5
2611065,0:10,28,1,1,10,5,0,-1,2068-11,5
2611065,0:10,39,0,1,12,2,1,2065-10,-1,5
2611067,0:07,11,0,0,5,4,0,-1,-1,5
2611067,0:07,37,1,1,5,5,0,-1,2062-08,5
2611067,0:07,44,0,1,8,2,1,2077-10,-1,5
2611067,0:07,14,1,0,9,4,0,-1,-1,5
2611068,0:08,72,1,3,0,6,0,-1,-1,5
2611068,0:08,36,1,1,6,5,0,-1,2059-09,5
2611068,0:08,46,0,1,7,5,1,-1,-1,5
2611068,0:08,20,0,0,8,2,0,-1,2074-03,5
2611068,0:08,18,0,0,11,4,0,-1,-1,5
2611068,0:08,16,0,0,10,4,0,-1,-1,5
2611069,0:05,49,1,1,0,5,0,-1,-1,5
2611069,0:05,53,0,1,6,5,0,-1,-1,5
2611069,0:05,25,0,1,8,2,0,-1,-1,5
2611069,0:05,24,1,1,11,5,0,-1,2079-08,5
2611069,0:05,23,0,0,12,5,0,-1,-1,5
2611070,0:04,57,1,3,0,5,0,-1,2038-10,5
2611071,0:06,3,0,0,PG,4,0,-1,-1,5
2611071,0:06,23,0,0,8,2,0,-1,-1,5
2611071,0:06,25,0,1,8,2,1,2078-12,-1,5
2611071,0:06,22,1,1,11,5,0,-1,2075-10,5
2611072,0:06,10,0,0,3,4,0,-1,-1,5
2611072,0:06,37,1,1,5,5,0,-1,2063-02,5
2611072,0:06,14,0,0,6,4,0,-1,-1,5
2611072,0:06,40,0,1,7,5,1,-1,-1,5
2611073,0:10,51,1,1,0,6,0,-1,2040-11,5
2611073,0:10,11,0,0,4,4,0,-1,-1,5
2611073,0:10,53,0,1,5,5,1,-1,-1,5
2611073,0:10,30,1,1,8,6,0,-1,2066-08,5
2611073,0:10,30,0,1,8,2,1,-1,-1,5
2611073,0:10,4,1,0,NS,4,0,-1,-1,5
2611073,0:10,26,1,1,14,6,0,-1,2075-02,5
2611073,0:10,28,0,1,14,2,0,-1,-1,5
2611074,0:09,3,1,0,0,0,0,-1,2076-11,5
2611074,0:09,57,1,1,0,5,0,-1,2041-11,5
2611074,0:09,59,0,1,0,5,0,-1,-1,5
2611074,0:09,12,0,0,5,4,0,-1,2076-11,5
2611074,0:09,35,1,1,8,6,0,-1,2067-11,5
2611074,0:09,38,0,1,9,2,0,-1,2041-11,5
2611074,0:09,23,1,1,12,6,0,-1,2076-11,5
2611074,0:09,25,0,1,10,2,0,-1,2055-11,5
2611074,0:09,3,0,0,NS,4,0,-1,2076-11,5
2611075,0:03,40,0,1,5,5,0,-1,-1,5
2611075,0:03,35,1,1,10,5,0,-1,2072-07,5
2611075,0:03,4,1,0,KG,4,0,-1,-1,5
2611076,0:04,60,1,1,0,6,0,-1,-1,5
2611076,0:04,25,0,0,12,2,1,2075-06,-1,5
2611076,0:04,73,0,1,10,5,0,-1,-1,5
2611077,0:15,3,1,0,0,0,0,-1,-1,1
2611077,0:15,28,1,1,0,5,0,-1,2072-04,1
2611077,0:15,1,0,0,0,0,0,-1,-1,1
2611077,0:15,7,0,0,2,4,0,-1,-1,1
2611077,0:15,55,1,1,4,6,0,-1,0,1
2611077,0:15,55,0,1,7,5,0,-1,2048,1
2611077,0:15,39,0,1,9,2,1,-1,-1,1
2611077,0:15,14,1,0,10,4,0,-1,-1,1
2611077,0:15,17,1,0,12,4,1,2078-10,-1,1
2611078,0:13,1,1,0,0,0,0,-1,-1,1
2611078,0:13,51,1,1,0,6,0,-1,2042-11,1
2611078,0:13,59,0,1,3,5,0,-1,2024-02,1
2611078,0:13,32,0,1,9,5,1,-1,-1,1
2611078,0:13,20,1,1,10,6,0,-1,-1,1
2611078,0:13,28,1,1,10,6,0,-1,2071-01,1
2611078,0:13,29,0,1,10,0,1,2078-08,-1,1
2611078,0:13,7,0,0,KG,4,0,-1,-1,1
2611080,0:10,65,1,1,0,6,0,-1,2044-11,1
2611080,0:10,73,0,1,8,5,0,-1,2044-11,1
2611080,0:10,22,0,0,12,4,0,2074-08,-1,1
2611080,0:10,30,0,1,12,2,0,2070-06,-1,1
2611080,0:10,23,1,1,10,6,0,-1,2073-10,1
2611080,0:10,5,1,0,KG,4,0,-1,-1,1
2611081,0:05,1,0,0,0,0,0,-1,-1,1
2611081,0:05,9,0,0,3,4,0,-1,-1,1
2611081,0:05,29,1,1,12,6,0,-1,2069-08,1
2611081,0:05,35,0,1,12,2,1,2078-02,2046-11,1
2611083,0:06,36,1,1,12,5,0,-1,2070-08,1
2611083,0:06,49,0,1,10,5,1,-1,2070-08,1
2611083,0:06,6,0,0,KG,4,0,-1,-1,1
2611084,0:08,4,1,0,PG,4,1,-1,2077-04,1
2611084,0:08,41,1,1,0,2,1,-1,2077-04,1
2611084,0:08,9,1,0,2,4,1,-1,2077-04,1
2611084,0:08,61,0,1,7,2,1,-1,2077-04,1
2611084,0:08,6,0,0,NS,4,1,-1,2077-04,1
2611085,0:09,50,1,1,0,5,0,-1,2045-02,1
2611085,0:09,79,0,1,0,5,0,-1,2016-11,1
2611085,0:09,26,0,1,8,1,0,-1,-1,1
2611085,0:09,18,0,0,9,4,0,-1,-1,1
2611085,0:09,23,1,1,10,6,0,-1,-1,1
2611085,0:09,4,1,0,NS,4,0,-1,-1,1
2611086,0:06,34,1,1,5,5,0,-1,2060-09,5
2611086,0:06,38,0,1,5,2,1,2065-03,-1,5
2611086,0:06,14,1,0,9,4,0,-1,-1,5
2611086,0:06,17,0,0,10,4,0,-1,-1,5
2611087,0:04,7,1,0,3,4,0,-1,-1,5
2611087,0:04,42,1,1,5,5,0,-1,2052-03,5
2611087,0:04,28,0,1,9,1,1,-1,2070-04,1
2611087,0:04,43,0,1,9,5,1,-1,-1,5
2611087,0:04,26,1,1,12,4,0,-1,-1,5
2611088,0:05,64,1,1,0,5,0,-1,2032-03,5
2611088,0:05,74,0,1,0,5,0,-1,2016-04,5
2611088,0:05,12,1,0,7,4,0,-1,-1,5
2611088,0:05,30,1,1,7,5,0,-1,2066-01,5
2611088,0:05,45,0,1,9,5,0,-1,-1,5
2611088,0:05,6,0,0,KG,4,0,-1,-1,5
2611089,0:03,42,1,1,0,6,0,-1,-1,5
2611089,0:03,46,0,1,5,2,1,2078-08,-1,5
2611089,0:03,16,1,0,11,4,0,-1,-1,5
2611089,0:03,20,0,0,12,2,0,-1,-1,5
2611090,0:09,1,0,0,0,0,0,-1,-1,5
2611090,0:09,3,1,0,PG,4,0,-1,-1,5
2611090,0:09,35,1,1,0,5,0,-1,2059-08,5
2611090,0:09,55,1,1,0,5,0,-1,2037-05,5
2611090,0:09,58,0,1,0,5,0,-1,-1,5
2611090,0:09,90,1,3,0,0,0,-1,-1,5
2611090,0:09,40,0,1,2,5,1,-1,-1,5
2611090,0:09,33,0,1,5,2,1,-1,-1,5
2611090,0:09,13,1,0,6,4,0,-1,-1,5
2611090,0:09,14,0,0,7,4,0,-1,-1,5
2611090,0:09,19,1,1,7,6,0,-1,2076-03,5
2611090,0:09,35,0,1,8,2,1,2078-12,-1,5
2611090,0:09,18,1,0,10,4,0,-1,-1,5
2611090,0:09,29,1,1,10,5,0,-1,-1,5
2611091,0:04,45,0,1,8,5,0,-1,-1,5
2611091,0:04,37,1,1,9,5,0,-1,-1,5
2611091,0:04,19,0,0,11,4,0,-1,-1,5
2611091,0:04,5,0,0,KG,4,0,-1,-1,5
2611092,0:06,60,1,3,0,5,0,-1,-1,5
2611092,0:06,25,1,1,8,6,1,-1,2072-06,5
2611092,0:06,26,0,1,10,5,1,-1,-1,5
2611092,0:06,5,0,0,NS,4,0,-1,-1,5
2611093,0:03,1,1,0,0,0,0,-1,-1,5
2611093,0:03,12,1,0,4,4,0,-1,-1,5
2611093,0:03,27,1,1,9,6,0,-1,2052-10,5
2611093,0:03,31,0,1,9,5,0,-1,-1,5
2611094,0:07,2,1,0,0,0,0,-1,-1,5
2611094,0:07,53,1,1,0,5,0,-1,-1,5
2611094,0:07,55,0,1,8,5,0,-1,-1,5
2611094,0:07,18,1,1,9,6,0,-1,2077-11,5
2611094,0:07,30,0,1,9,2,1,-1,-1,5
2611095,0:09,1,1,0,0,0,0,-1,-1,5
2611095,0:09,12,0,0,5,4,0,-1,-1,5
2611095,0:09,35,1,0,8,5,0,-1,2065-02,5
2611095,0:09,28,1,1,10,5,0,-1,2065-02,5
2611095,0:09,34,0,1,10,5,1,-1,2065-02,5
2611095,0:09,38,0,1,10,5,1,-1,-1,5
2611095,0:09,21,1,1,12,5,0,-1,2074-01,5
2611095,0:09,5,0,0,KG,4,0,-1,-1,5
2611096,0:06,10,1,0,4,4,0,-1,-1,5
2611096,0:06,34,1,1,5,5,0,-1,2063-02,5
2611096,0:06,41,0,1,7,2,1,2055,-1,5
2611096,0:06,16,1,0,9,4,0,-1,-1,5
2611097,0:09,41,0,1,7,5,1,-1,-1,5
2611097,0:09,14,0,0,8,4,0,-1,-1,5
2611097,0:09,32,1,1,8,5,0,-1,-1,5
2611098,0:07,10,0,0,3,4,0,-1,-1,5
2611098,0:07,31,1,1,6,5,0,-1,-1,5
2611098,0:07,36,0,1,6,5,1,-1,-1,5
2611098,0:07,14,1,0,10,4,0,-1,-1,5
2611099,0:16,1,0,0,0,0,0,-1,-1,5
2611099,0:16,38,1,1,0,3,0,-1,2055,5
2611099,0:16,18,0,1,4,2,0,-1,-1,5
2611099,0:16,40,0,1,5,0,0,-1,-1,5
2611099,0:16,15,1,1,9,4,0,-1,-1,5
2611099,0:16,18,1,1,10,5,0,-1,-1,5
2611099,0:16,20,1,0,10,0,0,-1,-1,5
2611099,0:16,22,0,1,10,3,0,-1,-1,5
2611100,0:05,67,1,3,0,6,0,-1,2034-05,5
2611100,0:05,7,0,0,3,4,0,-1,-1,5
2611100,0:05,13,1,0,7,4,0,-1,-1,5
2611100,0:05,30,1,1,8,6,0,-1,2064-11,5
2611100,0:05,33,0,1,10,2,1,-1,-1,5
2611101,0:07,42,1,1,0,5,0,-1,2048-11,5
2611101,0:07,45,0,1,5,2,0,-1,-1,5
2611101,0:07,18,0,0,9,0,0,-1,-1,5
2611102,0:09,40,1,1,0,6,0,-1,2052-06,5
2611102,0:09,75,1,0,0,0,0,-1,2032-06,5
2611102,0:09,18,0,0,10,0,0,-1,-1,5
2611102,0:09,46,0,1,10,5,0,-1,-1,5
2611103,0:06,48,1,1,0,5,0,-1,-1,5
2611103,0:06,62,0,1,0,5,0,-1,-1,5
2611103,0:06,25,0,1,9,1,0,-1,-1,5
2611103,0:06,22,1,1,11,6,0,-1,-1,5
2611103,0:06,22,1,0,10,5,0,-1,-1,5
2611103,0:06,4,1,0,NS,4,0,-1,-1,5
2611104,0:07,26,1,1,8,5,0,-1,2069-12,3
2611104,0:07,29,0,1,10,2,1,-1,-1,3
2611104,0:07,7,0,0,KG,4,0,-1,-1,3
2611105,0:07,40,1,3,0,5,0,-1,2045-08,3
2611105,0:07,2,0,0,0,0,0,-1,-1,3
2611105,0:07,18,1,1,8,6,0,-1,2076-01,3
2611105,0:07,25,0,1,9,2,1,2076-10,-1,3
2611106,0:05,35,1,3,0,5,0,-1,2060-10,3
2611106,0:05,9,0,0,5,4,0,-1,-1,3
2611106,0:05,14,1,0,7,4,0,-1,-1,3
2611109,0:12,70,1,3,0,0,0,-1,2042-08,6
2611109,0:12,35,0,1,4,3,0,-1,-1,6
2611109,0:12,10,1,0,5,4,0,-1,-1,6
2611109,0:12,30,1,1,5,6,0,-1,2068-11,6
2611109,0:12,4,1,0,NS,4,0,-1,-1,6
2611110,0:05,11,0,0,3,4,0,-1,-1,3
2611110,0:05,28,1,1,4,5,0,-1,-1,3
2611110,0:05,29,0,1,7,3,1,-1,-1,3
2611110,0:05,8,0,0,KG,4,0,-1,-1,3
2611110,0:05,4,0,0,NS,4,0,-1,-1,3
2611111,0:11,33,1,1,0,5,0,-1,2064-03,3
2611111,0:11,10,0,0,3,4,0,-1,-1,3
2611111,0:11,33,0,0,4,0,1,-1,-1,3
2611111,0:11,14,0,0,9,4,0,-1,-1,3
2611111,0:11,7,1,0,NS,4,0,-1,-1,3
2611114,0:11,2,1,0,0,0,0,-1,-1,6
2611114,0:11,44,1,1,0,5,0,-1,-1,6
2611114,0:11,47,0,1,0,3,1,-1,2074-03,6
2611114,0:11,18,1,1,8,6,0,-1,2075-10,6
2611114,0:11,22,0,1,10,3,0,-1,2074-03,6
2611114,0:11,18,0,0,12,2,0,-1,2074-03,6
2611115,0:10,80,1,1,0,5,0,-1,2026,6
2611115,0:10,82,0,1,0,5,0,-1,2026,6
2611115,0:10,11,1,0,5,4,0,-1,-1,6
2611115,0:10,36,1,1,5,5,1,-1,-1,6
2611115,0:10,18,0,0,7,3,0,-1,2061-06,6
2611115,0:10,14,0,0,9,4,0,-1,-1,6
2611115,0:10,37,0,1,9,3,0,-1,-1,6
2611115,0:10,16,1,0,10,4,0,-1,-1,6
2611117,0:09,44,1,1,0,5,1,-1,2052,3
2611117,0:09,54,0,1,4,1,0,-1,-1,3
2611117,0:09,19,0,0,12,4,0,-1,-1,3
2611117,0:09,22,1,0,12,4,0,-1,-1,3
2611118,0:04,56,1,1,0,5,1,-1,2041-01,3
2611118,0:04,61,0,1,0,5,1,-1,2021-06,3
2611119,0:24,1,0,0,0,0,0,-1,-1,3
2611119,0:24,73,0,1,0,5,1,-1,2030-04,3
2611119,0:24,9,1,0,2,4,0,-1,-1,3
2611119,0:24,65,1,1,4,5,1,-1,2023,3
2611119,0:24,14,1,0,7,4,0,2065-08,2067-01,3
2611119,0:24,29,0,2,10,2,1,2071-08,-1,3
2611119,0:24,36,1,1,12,2,1,2062-07,2064-08,3
2611119,0:24,41,0,1,16,2,1,2057-12,-1,3
2611119,0:24,34,0,1,16,2,0,2071-01,-1,3
2611119,0:24,4,0,0,NS,4,0,2075-05,-1,3
2611119,0:24,27,1,1,14,6,0,-1,2076-08,3